id,watched_movie_id,person_id,rating,created_at,updated_at,present
001d12c7-803c-4e74-9056-6c148aa73059,72239a2a-cd06-44a3-9e51-951f8bac9bb3,c7f64752-3e0b-4b9c-b96a-ead26aa0258e,9.0,2026-02-20 23:19:08.160445+00,2026-03-14 21:25:36.334457+00,true
005eb4ac-cc3a-4c5e-ac99-a177249db936,eaf0004f-7022-4262-a6b1-b6dc0122724c,0212b5e3-2b19-44a0-a39f-5c0202307872,9.0,2025-09-02 13:46:04.730596+00,2025-09-02 13:53:21.836686+00,true
0160c6a6-c6d9-47d5-ae69-992434150225,eaf0004f-7022-4262-a6b1-b6dc0122724c,4c4fcd34-a462-4c60-aa86-fa9731ea7212,8.0,2025-09-02 13:46:05.604551+00,2025-09-02 13:53:24.693471+00,true
0166c754-48a8-410c-8f99-01c32de4b069,43fed25d-f623-4c2d-8c56-35ec5724f2b8,bf6f8662-b890-496c-bbd7-6f213b86ca91,,2025-09-01 08:06:48.154977+00,2025-09-01 08:06:48.154977+00,false
01ba7530-09d4-4600-b7c8-e116d08c6688,1d627fdc-13af-4f2a-8b07-b57d75463a6d,5d2a8362-b232-4766-acfa-019ebd70b958,,2025-11-24 19:47:31.599469+00,2025-11-24 19:47:31.599469+00,true
023fc4cb-d46d-40bb-b035-6d25e5b93765,25a8a934-47b0-4cb5-b247-92d7704a9abd,5d2a8362-b232-4766-acfa-019ebd70b958,,2025-10-11 21:35:05.783598+00,2025-10-11 21:35:05.783598+00,true
0241951e-617b-49c7-90f4-6258af03bd7c,48169d8a-e711-4ae4-84da-a9c20f346742,e2422f0b-540b-4f35-9ddb-8f4610471bf6,8.0,2025-08-29 23:26:44.184606+00,2025-08-29 23:26:53.031072+00,true
02709c8f-4f3a-44b1-9294-e44b3b078d5d,e3aeabc5-fc62-4670-8af0-b5a5b75457a4,58fd01fe-b878-41d9-8135-a7f44dbab4d4,8.5,2025-09-26 22:17:15.876149+00,2025-09-27 19:40:19.173176+00,true
02817f78-f65f-4a8a-8643-0c56f68197a9,51842aa6-1998-4995-bf76-66809e201d43,0dd6a46d-90a0-4fca-96bc-5de7241f3c6c,7.0,2026-02-22 22:12:36.037034+00,2026-02-23 10:25:26.137138+00,true
02e5e5df-b6db-4d35-84d8-b41bb578d6f0,921f588c-7173-4ecb-8bc8-c37358d0ae99,5d2a8362-b232-4766-acfa-019ebd70b958,8.0,2026-01-05 22:04:09.173319+00,2026-01-06 20:03:32.351449+00,true
038218c5-2cd2-4504-9732-3584576883c1,5419992a-3ac6-4d10-8800-ae8ff6bdae11,4c11d5fc-32e7-4202-8b96-bc911288d4d6,9.0,2025-08-31 15:06:12.063067+00,2025-08-31 15:06:15.8306+00,false
03f723bd-c1cf-4b4a-be51-540f32d3b257,11502bf3-40e3-468b-b984-b553b20a82c1,9c974d76-199c-4c05-bd80-2a0681451fe1,6.5,2025-08-29 23:30:08.856318+00,2025-09-06 15:58:22.182796+00,true
0417379c-64ff-49a3-b4a4-62c7f4d05b65,6152eb83-8070-4b50-86e3-685b6db518c3,b00f5b54-aabe-4272-a5a3-9f75bbf698e9,8.5,2026-05-08 21:54:21.266731+00,2026-05-08 21:54:39.582571+00,true
0479fb7c-d2e6-49a4-8061-c258459bab89,679b6e0b-21fb-475b-b071-96c5b3268dec,bf6f8662-b890-496c-bbd7-6f213b86ca91,,2025-08-31 15:01:23.498549+00,2025-08-31 15:01:23.498549+00,false
064d817b-0f4d-4b37-bc0f-979c1c23d307,25a8a934-47b0-4cb5-b247-92d7704a9abd,29ea2657-3e45-4d28-9abe-6db1d6cdd41b,8.0,2025-10-11 21:35:01.536451+00,2025-10-12 07:37:14.898763+00,true
06aa6c58-0863-44e5-b493-be224e7234cf,43fed25d-f623-4c2d-8c56-35ec5724f2b8,58fd01fe-b878-41d9-8135-a7f44dbab4d4,7.0,2025-09-02 13:44:19.300643+00,2025-09-02 13:49:33.053263+00,true
071cc4ea-0b15-434a-8c43-5b06c32c412b,d82c7776-b3a5-4a0c-bd9d-77b5048bba06,410277eb-539b-460c-aff9-24a4a1521dec,9.0,2025-08-31 14:37:24.127018+00,2025-08-31 14:37:24.127018+00,true
07bc7fae-ea33-4075-8d27-3c80686c2abc,6f17c897-4720-41ba-90e0-16e0cdd192a5,4c4fcd34-a462-4c60-aa86-fa9731ea7212,8.5,2026-02-07 22:12:24.302439+00,2026-02-07 22:12:35.978397+00,true
07bf0287-3452-4f5e-ac57-5eeb502e273f,f4f82bed-44b7-4df3-a041-263867a03106,0dd6a46d-90a0-4fca-96bc-5de7241f3c6c,8.5,2025-09-15 21:43:09.386016+00,2025-09-23 22:14:39.59189+00,true
08758b89-9bfe-455f-be32-82b0757f72ca,1c10be03-ac92-434f-b43b-7c987b06575f,4c4fcd34-a462-4c60-aa86-fa9731ea7212,8.0,2025-09-02 13:45:35.011225+00,2025-09-02 13:52:13.996438+00,true
08810b6b-25f0-45ed-af04-79df433d111d,58d6b989-5a2e-4c8f-885d-bb3ccb0b52b6,4c4fcd34-a462-4c60-aa86-fa9731ea7212,9.0,2026-01-17 23:12:17.280413+00,2026-01-17 23:12:17.280413+00,false
08bd44cc-d870-4d25-819b-feb2d0d497e0,206da1c5-84bb-4658-9d30-627b7b12f3c1,4c11d5fc-32e7-4202-8b96-bc911288d4d6,10.0,2026-03-28 07:00:26.481608+00,2026-03-28 07:00:26.481608+00,false
08cba85d-f867-4c91-92c1-24a5d694dc7d,a38bd0d9-e896-43e6-a068-1e0aec5c014d,410277eb-539b-460c-aff9-24a4a1521dec,9.5,2025-10-06 21:45:57.368427+00,2025-10-07 21:43:50.693364+00,true
08ded175-1501-4843-98ee-e30c4bd2b1a9,68acdb3b-5ff3-4c51-9528-72a708b078ef,4c4fcd34-a462-4c60-aa86-fa9731ea7212,5.5,2026-01-17 23:14:14.273805+00,2026-01-17 23:14:14.273805+00,false
099e20f5-a937-49d9-a956-ccddcf85f218,58d6b989-5a2e-4c8f-885d-bb3ccb0b52b6,b00f5b54-aabe-4272-a5a3-9f75bbf698e9,7.5,2025-12-20 23:53:12.014145+00,2025-12-21 10:16:26.283685+00,true
0a7d419e-04b1-41f9-823e-7b775742ed45,206da1c5-84bb-4658-9d30-627b7b12f3c1,410277eb-539b-460c-aff9-24a4a1521dec,9.5,2026-03-27 22:56:37.483527+00,2026-03-27 23:01:13.309258+00,true
0ac25589-6da6-4bb2-bdca-304e35505975,95ef5e89-a5a7-43ba-824a-8bdb887f768a,29ea2657-3e45-4d28-9abe-6db1d6cdd41b,6.5,2026-01-27 23:10:27.185796+00,2026-02-02 12:27:35.907992+00,true
0aca5e04-df60-4191-b8ff-c3abea9a2a48,26b510d8-92da-41c6-bb95-2399d79f17c6,410277eb-539b-460c-aff9-24a4a1521dec,10.0,2026-03-23 23:22:19.749197+00,2026-03-27 23:01:34.62628+00,true
0b2375ad-8b10-479a-9de4-0821ecf309f2,e13b249c-c02a-4e79-afdc-4b1f6983eb02,0212b5e3-2b19-44a0-a39f-5c0202307872,7.0,2025-09-14 21:08:35.425385+00,2026-03-14 21:28:40.878644+00,true
0bd1f0d9-93ea-499c-9e0e-f50c789b1bbd,1c10be03-ac92-434f-b43b-7c987b06575f,c7f64752-3e0b-4b9c-b96a-ead26aa0258e,,2025-09-01 08:06:22.398316+00,2025-09-01 08:06:22.398316+00,false
0bf1c018-d5d7-4ab6-b49d-2b66240c0a56,e3aeabc5-fc62-4670-8af0-b5a5b75457a4,0dd6a46d-90a0-4fca-96bc-5de7241f3c6c,10.0,2025-09-26 22:17:14.005409+00,2025-09-26 22:17:26.558959+00,true
0c0753ab-90f8-493d-bb05-a744559b4a6b,a7d28f7a-05a8-47b3-8e34-55937064ab42,4c11d5fc-32e7-4202-8b96-bc911288d4d6,,2026-02-09 12:13:27.75884+00,2026-02-09 12:13:27.75884+00,true
0c1a8baf-d758-4a8f-82d6-5b37e96bd5e5,a7d28f7a-05a8-47b3-8e34-55937064ab42,58fd01fe-b878-41d9-8135-a7f44dbab4d4,9.0,2026-02-08 22:42:58.718905+00,2026-02-08 22:43:05.218465+00,true
0ca42832-2527-4d6b-bb7d-82b397923c15,48169d8a-e711-4ae4-84da-a9c20f346742,4c4fcd34-a462-4c60-aa86-fa9731ea7212,,2025-08-31 13:46:13.806191+00,2025-08-31 13:46:13.806191+00,false
0cb486d6-bb45-4684-9847-c922a9fcb10a,90a88789-e1fb-4fe6-808c-627da1ceb0c2,58fd01fe-b878-41d9-8135-a7f44dbab4d4,6.0,2026-02-28 22:28:01.769235+00,2026-03-08 22:50:23.006818+00,true
0d146de9-6aa3-44dd-a6da-f5a251eaa125,27dc54c2-1b46-4fcd-b234-ab2e3a24a51e,b00f5b54-aabe-4272-a5a3-9f75bbf698e9,9.0,2025-08-31 21:24:50.430032+00,2025-08-31 21:24:50.430032+00,true
0d4bc8aa-0718-4128-8cb2-86f9cefe5749,c9ec810b-3638-4871-a7a1-ccf572a54d74,410277eb-539b-460c-aff9-24a4a1521dec,5.0,2026-05-21 17:31:26.154947+00,2026-05-22 21:31:56.993868+00,true
0d811598-e9f4-483e-9c9a-3e4349d2b389,6f17c897-4720-41ba-90e0-16e0cdd192a5,a2726890-883c-4164-b951-a0619f43d620,9.0,2026-02-09 22:15:41.127301+00,2026-02-09 22:15:58.167353+00,true
0e6053a2-0feb-4809-91e0-e4f129d1844f,e3aeabc5-fc62-4670-8af0-b5a5b75457a4,c7f64752-3e0b-4b9c-b96a-ead26aa0258e,6.0,2025-09-26 22:17:19.724933+00,2026-03-14 21:26:41.308152+00,true
0eb11c07-3064-45d3-b7a6-4141d2d3551d,a46a951d-738e-4045-9c41-7ee6258fb194,bf6f8662-b890-496c-bbd7-6f213b86ca91,6.5,2026-01-31 23:19:06.016524+00,2026-02-01 00:44:59.690683+00,true
0ee713b6-571f-40e4-9534-f95c8f17e8e5,3b74800b-c413-46d7-b083-b73b90c6bed0,b00f5b54-aabe-4272-a5a3-9f75bbf698e9,6.0,2025-09-02 13:08:52.062696+00,2025-09-02 13:08:54.736689+00,true
0f024658-87b8-42ca-aaf2-74b5e49d10ca,8b325d44-8203-49f3-b232-4460c960ff23,1f9f677c-1f5d-4784-828a-970801312639,10.0,2026-06-04 21:27:03.465913+00,2026-06-20 22:58:12.150229+00,false
0f65ed40-6acd-40fd-9a77-6927ecca7fa7,2656ebd5-856f-4eee-9ca5-7d8bc0e0e434,4c11d5fc-32e7-4202-8b96-bc911288d4d6,,2026-01-17 23:11:37.047628+00,2026-01-17 23:11:37.047628+00,true
1081fbc2-3c63-44b9-8d7a-b13ecfb628ee,6f17c897-4720-41ba-90e0-16e0cdd192a5,0212b5e3-2b19-44a0-a39f-5c0202307872,9.0,2026-02-07 22:11:34.021439+00,2026-02-07 22:12:07.07385+00,true
113353dc-1632-420c-88c7-8010b1959c0a,2656ebd5-856f-4eee-9ca5-7d8bc0e0e434,4de727b2-3853-4fcc-9ad2-2b80d3f02e1c,9.5,2026-01-17 23:11:40.217109+00,2026-01-17 23:13:44.018593+00,true
127eae8e-3abb-43cf-b4f5-f4b80580f9a6,48169d8a-e711-4ae4-84da-a9c20f346742,29ea2657-3e45-4d28-9abe-6db1d6cdd41b,8.0,2025-08-29 22:38:43.664745+00,2025-08-31 15:18:39.705199+00,true
12e60a89-1fb0-4283-a350-9f2f0a184b2a,72239a2a-cd06-44a3-9e51-951f8bac9bb3,410277eb-539b-460c-aff9-24a4a1521dec,7.5,2026-02-20 23:19:02.118085+00,2026-02-20 23:19:39.078918+00,true
130e4bbc-2d3c-4c32-885c-604efecc1f02,95ef5e89-a5a7-43ba-824a-8bdb887f768a,410277eb-539b-460c-aff9-24a4a1521dec,6.0,2026-01-27 23:10:22.1465+00,2026-02-10 20:39:11.57701+00,true
13650970-4e4c-4346-be9f-503d6f3007a6,5a75c8c1-f378-4f2b-830c-6474ab7f1fb0,29ea2657-3e45-4d28-9abe-6db1d6cdd41b,8.5,2025-09-25 21:12:32.123969+00,2025-09-25 21:12:42.871711+00,true
13cb8c3a-dd75-4a50-ac33-2a885b417861,48169d8a-e711-4ae4-84da-a9c20f346742,410277eb-539b-460c-aff9-24a4a1521dec,8.5,2025-08-29 22:38:24.967069+00,2025-08-29 22:38:24.967069+00,true
145efc53-d468-46ee-ac50-68e14f507c48,26b510d8-92da-41c6-bb95-2399d79f17c6,0212b5e3-2b19-44a0-a39f-5c0202307872,8.0,2026-03-27 20:08:15.922052+00,2026-03-27 20:08:15.922052+00,false
147ac5d1-8d1f-4c5b-bdd0-6b33b05539db,a8bfff48-c0f8-49e6-8479-23fc4881c4dd,b00f5b54-aabe-4272-a5a3-9f75bbf698e9,4.5,2026-08-21 20:17:18.739647+00,2026-08-21 23:26:28.369334+00,true
14aa29f4-f0b4-4d6f-ae59-30205f5e8441,48169d8a-e711-4ae4-84da-a9c20f346742,4de727b2-3853-4fcc-9ad2-2b80d3f02e1c,9.0,2025-09-05 23:13:12.522839+00,2026-03-14 21:29:10.276493+00,false
1524a17c-d879-4dc2-8a50-68767349a37c,9b575d9d-8764-44fa-b140-57e2b3c497fa,b00f5b54-aabe-4272-a5a3-9f75bbf698e9,9.0,2025-09-02 13:09:59.912635+00,2025-09-02 13:10:02.160434+00,true
152f62aa-954a-447b-8550-adf9177b80a9,26b510d8-92da-41c6-bb95-2399d79f17c6,e2422f0b-540b-4f35-9ddb-8f4610471bf6,8.5,2026-08-14 20:21:00.834551+00,2026-08-14 20:21:00.834551+00,false
15968de0-8cc6-4cf2-af5d-7831264b1228,e13b249c-c02a-4e79-afdc-4b1f6983eb02,58fd01fe-b878-41d9-8135-a7f44dbab4d4,7.0,2025-09-14 21:08:32.057807+00,2025-09-16 08:39:43.33304+00,true
166092a0-5701-464f-9766-518ab49fc76a,e99fa35b-992f-4074-a820-1f67a802afef,410277eb-539b-460c-aff9-24a4a1521dec,8.0,2025-09-23 21:59:00.643083+00,2025-09-23 22:06:08.928351+00,true
1671753b-99d0-4b13-ba5d-241b75a18fdc,6329deff-9bdb-4163-b582-aeb3a4e7e64b,4c11d5fc-32e7-4202-8b96-bc911288d4d6,,2025-09-01 08:06:38.973854+00,2025-09-01 08:06:38.973854+00,false
16744ff2-f65d-46a6-af8b-1ad8a3a66359,72239a2a-cd06-44a3-9e51-951f8bac9bb3,58fd01fe-b878-41d9-8135-a7f44dbab4d4,7.0,2026-02-20 23:19:05.776019+00,2026-02-21 20:50:58.297042+00,true
16990ea5-5faf-45f7-988c-8d043625841f,15afe751-a56a-4300-840b-be67d97fb364,29ea2657-3e45-4d28-9abe-6db1d6cdd41b,9.5,2026-03-07 22:53:22.533276+00,2026-03-07 22:59:33.608639+00,true
17313cd3-7841-4be3-bca8-6f28ba4b3614,26b510d8-92da-41c6-bb95-2399d79f17c6,4c4fcd34-a462-4c60-aa86-fa9731ea7212,7.5,2026-03-27 20:08:22.404035+00,2026-03-27 20:08:22.404035+00,false
174949f6-45f5-4d80-988e-315aa2f00832,15afe751-a56a-4300-840b-be67d97fb364,a2726890-883c-4164-b951-a0619f43d620,8.5,2026-03-07 22:53:23.610764+00,2026-03-07 23:10:10.927215+00,true
176e3d72-be01-42fd-94af-321a22c25444,19c98067-9d7e-4a30-b016-4ebb30bb5532,410277eb-539b-460c-aff9-24a4a1521dec,6.5,2026-06-15 20:42:44.999657+00,2026-06-15 20:43:16.060504+00,true
1775f40e-b778-424d-b0aa-4b8fe5e3b8ca,19c98067-9d7e-4a30-b016-4ebb30bb5532,58fd01fe-b878-41d9-8135-a7f44dbab4d4,6.5,2026-06-15 20:42:51.504801+00,2026-06-16 12:12:42.906338+00,true
17802bad-e424-43e7-887e-ae645df3e203,1b62031b-1418-447c-a679-ea3a57337936,58fd01fe-b878-41d9-8135-a7f44dbab4d4,4.5,2025-09-02 13:46:15.61338+00,2025-09-02 13:53:48.963916+00,true
17e1176f-8ac1-42a9-a40f-5c36d3625526,4f7f967a-2144-46a0-92ed-949a8f7feaf4,0dd6a46d-90a0-4fca-96bc-5de7241f3c6c,7.5,2026-05-22 21:32:49.018049+00,2026-06-05 17:22:20.261592+00,true
17e5689e-fbf8-4d3c-bc12-5cf91e92b50f,93955070-a6f3-4e7d-aeea-a730c82cafe4,c7f64752-3e0b-4b9c-b96a-ead26aa0258e,4.0,2026-01-24 22:07:53.953269+00,2026-03-14 21:27:42.442321+00,true
18db39ee-968c-4562-b1d7-2407ce09448b,679b6e0b-21fb-475b-b071-96c5b3268dec,1f9f677c-1f5d-4784-828a-970801312639,8.0,2026-03-14 21:38:57.952452+00,2026-03-14 21:38:57.952452+00,false
1a7cbdad-0443-4d15-8a5b-6009a08588a5,9b575d9d-8764-44fa-b140-57e2b3c497fa,a2726890-883c-4164-b951-a0619f43d620,8.0,2025-09-02 13:44:06.906518+00,2025-09-02 13:49:08.126216+00,true
1abd3de5-abec-4ad4-852d-c8428187502c,a8bfff48-c0f8-49e6-8479-23fc4881c4dd,e2422f0b-540b-4f35-9ddb-8f4610471bf6,4.0,2026-08-21 20:17:17.367816+00,2026-08-21 23:26:50.894225+00,true
1af2305d-1a85-4593-a4cc-0377fbc439d1,4f7f967a-2144-46a0-92ed-949a8f7feaf4,29ea2657-3e45-4d28-9abe-6db1d6cdd41b,8.0,2026-05-22 21:32:53.412812+00,2026-05-22 21:36:18.163916+00,true
1b0e2e1a-225d-4154-996c-4b737c197f4c,5419992a-3ac6-4d10-8800-ae8ff6bdae11,b00f5b54-aabe-4272-a5a3-9f75bbf698e9,10.0,2025-08-27 22:16:16.693471+00,2025-08-27 23:28:07.823243+00,true
1b1c1b28-bcbc-41ff-8a1d-19abd21dda4a,eaf0004f-7022-4262-a6b1-b6dc0122724c,4c11d5fc-32e7-4202-8b96-bc911288d4d6,9.0,2025-09-02 14:38:45.111728+00,2025-09-02 14:39:00.938169+00,false
1b2394fb-36e5-48eb-b702-803896a11ebb,217f5d11-1421-4f7d-a29e-5f3c66652c5c,29ea2657-3e45-4d28-9abe-6db1d6cdd41b,9.0,2026-02-15 22:49:17.169533+00,2026-02-16 09:11:00.417658+00,true
1ba21b39-dcb0-4208-87ce-821d24bbf387,eaf0004f-7022-4262-a6b1-b6dc0122724c,410277eb-539b-460c-aff9-24a4a1521dec,9.5,2025-09-01 18:37:53.25195+00,2025-09-01 18:37:53.25195+00,true
1d69d645-95df-4c97-9945-2c8f5dfe8960,72239a2a-cd06-44a3-9e51-951f8bac9bb3,0212b5e3-2b19-44a0-a39f-5c0202307872,6.5,2026-02-20 23:19:09.722758+00,2026-03-14 21:27:57.85387+00,true
1f5f52ca-487f-4699-9c91-e9e4001295f2,68acdb3b-5ff3-4c51-9528-72a708b078ef,58fd01fe-b878-41d9-8135-a7f44dbab4d4,8.0,2025-09-02 13:54:25.426702+00,2025-09-02 14:07:32.347084+00,true
1fb377ad-d95a-4452-8b74-5bacde4b4f39,15afe751-a56a-4300-840b-be67d97fb364,1f9f677c-1f5d-4784-828a-970801312639,9.0,2026-03-07 22:53:44.23832+00,2026-03-07 22:54:25.017166+00,true
1fff969d-06cf-429c-adb0-b0fbd11a4333,27dc54c2-1b46-4fcd-b234-ab2e3a24a51e,4c11d5fc-32e7-4202-8b96-bc911288d4d6,,2025-08-31 21:24:44.28482+00,2025-08-31 21:24:44.28482+00,false
2013f572-e9c4-43d6-ad8c-f6cc6a6b9357,68acdb3b-5ff3-4c51-9528-72a708b078ef,e2422f0b-540b-4f35-9ddb-8f4610471bf6,7.0,2025-09-02 13:54:27.661066+00,2025-09-02 14:15:39.324305+00,true
201b64e1-546a-46f2-8668-4d7f1b43f13d,c14a6fdf-097f-4d6b-8c43-d1f83cfb0f38,410277eb-539b-460c-aff9-24a4a1521dec,,2026-02-13 23:35:54.45903+00,2026-02-19 22:30:57.752198+00,false
208db5cc-6ce7-4840-a9e7-d17135595d13,0f92d7f9-708f-4265-b7a0-321dcc57bc4e,4a129334-f055-43ce-849d-5edeb7b82b1f,3.0,2025-09-06 20:27:17.527569+00,2025-09-06 20:27:19.530129+00,true
20d85595-e5c2-4d95-af47-c79a5632ecb2,93955070-a6f3-4e7d-aeea-a730c82cafe4,e2422f0b-540b-4f35-9ddb-8f4610471bf6,6.0,2026-01-24 22:07:57.402154+00,2026-01-31 23:19:31.277395+00,true
21ae0295-a4f0-470a-a80b-884375707c4c,25a8a934-47b0-4cb5-b247-92d7704a9abd,4de727b2-3853-4fcc-9ad2-2b80d3f02e1c,8.0,2025-10-11 21:35:07.009853+00,2026-03-14 21:26:43.681409+00,true
22391cb6-8ce9-45cb-b7f9-3d2713e5f5f5,e3aeabc5-fc62-4670-8af0-b5a5b75457a4,b00f5b54-aabe-4272-a5a3-9f75bbf698e9,9.0,2025-09-26 22:17:12.343256+00,2025-09-26 22:17:28.27534+00,true
22537efb-6cc7-4494-a6b2-ac24967aee1b,6f17c897-4720-41ba-90e0-16e0cdd192a5,b00f5b54-aabe-4272-a5a3-9f75bbf698e9,9.0,2026-02-07 22:13:13.493089+00,2026-02-07 22:13:39.206253+00,true
228d6338-d20d-4f5d-805e-e0517c4f9f02,679b6e0b-21fb-475b-b071-96c5b3268dec,e2422f0b-540b-4f35-9ddb-8f4610471bf6,9.0,2025-09-02 13:45:40.71981+00,2025-09-02 13:52:30.715718+00,true
229d804b-7dbc-4df2-bb30-d287b4bd44e0,58d6b989-5a2e-4c8f-885d-bb3ccb0b52b6,4de727b2-3853-4fcc-9ad2-2b80d3f02e1c,8.0,2025-12-20 23:53:23.86763+00,2026-03-14 21:26:29.524252+00,true
2323b546-4a43-4af4-b4e4-eea0d7735f45,0f92d7f9-708f-4265-b7a0-321dcc57bc4e,81e43532-b6dd-438d-bd72-62be3723c0a4,5.0,2025-09-06 15:43:42.744787+00,2025-09-06 20:27:25.463143+00,true
238a60ec-1194-4618-a669-5a7b9a0a674f,e13b249c-c02a-4e79-afdc-4b1f6983eb02,410277eb-539b-460c-aff9-24a4a1521dec,8.0,2025-09-14 21:08:28.970595+00,2025-09-22 21:38:18.187892+00,true
24447fdd-2c66-4c39-8f05-64bf10409477,cb9e2d1f-e7b5-4dd6-87f4-e3b732aef99b,0dd6a46d-90a0-4fca-96bc-5de7241f3c6c,3.0,2025-09-02 13:43:44.334533+00,2026-02-22 22:36:07.504146+00,true
2629362b-8364-40e7-b2a1-758b18163655,51ccff25-bb4c-4c84-b34f-f1897e184e18,29ea2657-3e45-4d28-9abe-6db1d6cdd41b,7.5,2025-09-27 21:32:09.375851+00,2025-09-27 21:37:38.72342+00,true
2642db2e-033b-4bcb-9c23-3cb0bbec0012,0fb4a41f-dae4-41cf-9437-40f81a5b2860,29ea2657-3e45-4d28-9abe-6db1d6cdd41b,5.5,2026-01-09 22:45:39.411697+00,2026-02-03 10:01:51.189161+00,true
264af89e-9727-44d5-9818-1f68896b9dac,690fd4e7-7db9-4654-bd5d-e92d74421296,0dd6a46d-90a0-4fca-96bc-5de7241f3c6c,8.5,2025-09-02 14:16:51.159513+00,2025-09-02 14:16:53.714721+00,true
26cf6b6e-b833-440c-8461-408c032f9d9b,2656ebd5-856f-4eee-9ca5-7d8bc0e0e434,410277eb-539b-460c-aff9-24a4a1521dec,10.0,2026-01-17 23:11:18.061028+00,2026-01-17 23:13:10.155257+00,true
27a052d2-1ffc-41c5-b9dd-799840327e66,5bf6122b-e26a-4ea7-b444-d756af6c6f0e,29ea2657-3e45-4d28-9abe-6db1d6cdd41b,8.0,2026-07-16 22:46:54.122927+00,2026-07-17 07:19:27.215282+00,true
285a6525-0fb5-4928-a174-8725a6ebdbff,2caf82d9-a821-4f8b-b44d-5cde868723a6,1f9f677c-1f5d-4784-828a-970801312639,7.0,2026-03-09 23:19:16.209045+00,2026-03-14 21:37:53.884693+00,true
2869db36-3a07-4286-ac01-f8a8866c9758,93955070-a6f3-4e7d-aeea-a730c82cafe4,410277eb-539b-460c-aff9-24a4a1521dec,6.0,2026-01-24 22:08:00.863572+00,2026-01-25 09:51:16.975344+00,true
28b460e2-c629-4097-8436-23036030f12b,11502bf3-40e3-468b-b984-b553b20a82c1,81e43532-b6dd-438d-bd72-62be3723c0a4,9.0,2025-09-06 15:58:07.982769+00,2025-09-06 15:58:09.215989+00,true
291bd663-1d01-4d3b-aa55-ac7ba4bcbc5b,1d627fdc-13af-4f2a-8b07-b57d75463a6d,b00f5b54-aabe-4272-a5a3-9f75bbf698e9,5.0,2025-11-24 19:47:19.507701+00,2025-11-24 19:47:39.61942+00,true
29ba0d09-f92f-4c2a-86f6-8c91df0e0b51,e99fa35b-992f-4074-a820-1f67a802afef,29ea2657-3e45-4d28-9abe-6db1d6cdd41b,8.5,2025-09-23 21:59:06.968575+00,2025-09-23 22:05:21.064877+00,true
2adff73f-921d-4223-8bb9-91256a3e281b,51ccff25-bb4c-4c84-b34f-f1897e184e18,4c11d5fc-32e7-4202-8b96-bc911288d4d6,8.0,2025-10-21 08:47:32.665458+00,2025-10-21 08:47:32.665458+00,false
2aeeef30-2fa0-4cc9-9fe1-b263fd6ffbfd,25a8a934-47b0-4cb5-b247-92d7704a9abd,410277eb-539b-460c-aff9-24a4a1521dec,,2025-10-11 21:34:56.9125+00,2025-10-13 20:33:04.962606+00,false
2b3bec7c-6e10-4b29-81ce-e39456706119,a8bfff48-c0f8-49e6-8479-23fc4881c4dd,1f9f677c-1f5d-4784-828a-970801312639,5.0,2026-08-21 20:17:11.014971+00,2026-08-21 23:08:24.550828+00,true
2b73ece0-8ca7-40b9-aeb3-396b24061a8a,9b575d9d-8764-44fa-b140-57e2b3c497fa,410277eb-539b-460c-aff9-24a4a1521dec,9.0,2025-09-01 18:35:12.67931+00,2025-09-01 18:35:12.67931+00,true
2c6fdc49-b4a8-4aa0-83d0-87dd6c02200a,4b04cec3-e66d-41e7-86bb-d12ed09e914d,29ea2657-3e45-4d28-9abe-6db1d6cdd41b,8.5,2025-09-28 21:34:30.017268+00,2025-09-28 21:34:30.017268+00,false
2d00721f-c405-41e6-a771-29daaf1db2ea,1c10be03-ac92-434f-b43b-7c987b06575f,29ea2657-3e45-4d28-9abe-6db1d6cdd41b,8.5,2025-09-01 08:01:40.898414+00,2025-09-01 08:01:40.898414+00,true
2d2d3e1c-176c-49b9-99d4-4fd7efba7f23,217f5d11-1421-4f7d-a29e-5f3c66652c5c,410277eb-539b-460c-aff9-24a4a1521dec,10.0,2026-06-21 17:40:59.337094+00,2026-06-21 17:40:59.337094+00,false
2d46fb20-2e5f-404c-988e-1b2710af7c48,c14a6fdf-097f-4d6b-8c43-d1f83cfb0f38,e2422f0b-540b-4f35-9ddb-8f4610471bf6,8.0,2026-02-13 23:35:57.026464+00,2026-02-14 14:37:41.192974+00,true
2d4db969-259e-486b-bf49-700bbb895c78,5314a005-7435-4da1-b211-9191278c9cdc,410277eb-539b-460c-aff9-24a4a1521dec,9.0,2025-09-03 21:12:36.872562+00,2025-09-03 21:25:30.364193+00,true
3220bc1d-e164-4672-aa14-a4cba82b20ae,047fe5e1-f2c8-4775-9b94-c7110dba81e6,b00f5b54-aabe-4272-a5a3-9f75bbf698e9,9.5,2026-03-08 22:38:53.082365+00,2026-03-08 22:41:59.620737+00,true
322d11f9-e484-4683-b701-7bbd4f8e6650,15afe751-a56a-4300-840b-be67d97fb364,0dd6a46d-90a0-4fca-96bc-5de7241f3c6c,8.0,2026-03-07 22:53:18.643539+00,2026-03-08 22:59:17.231521+00,true
32754ed0-cc0a-4246-b2ab-5d346e8ef345,835a310d-cc69-40aa-a766-87432e1023c6,4de727b2-3853-4fcc-9ad2-2b80d3f02e1c,7.0,2025-09-05 23:05:09.192897+00,2025-09-05 23:12:50.926527+00,true
32cae884-49c6-4391-8a93-c006e24704d8,206da1c5-84bb-4658-9d30-627b7b12f3c1,29ea2657-3e45-4d28-9abe-6db1d6cdd41b,9.5,2026-03-27 22:56:46.044741+00,2026-03-27 23:10:22.156979+00,true
32cdfff7-c40f-46ca-a5e7-65218c20d77d,f1d992f7-922a-4303-96e9-816266abe570,4de727b2-3853-4fcc-9ad2-2b80d3f02e1c,,2026-07-18 22:03:12.984743+00,2026-07-18 22:03:12.984743+00,true
32fb5d89-c588-41cb-8fb0-5261acc18649,5419992a-3ac6-4d10-8800-ae8ff6bdae11,58fd01fe-b878-41d9-8135-a7f44dbab4d4,10.0,2025-08-27 22:18:12.932204+00,2025-09-03 21:28:03.73102+00,true
334635a6-a7dc-4c1c-8c1b-834cca421f4a,690fd4e7-7db9-4654-bd5d-e92d74421296,b00f5b54-aabe-4272-a5a3-9f75bbf698e9,8.0,2025-09-02 14:16:44.052116+00,2025-09-02 14:16:46.266211+00,true
34604a53-d6a8-4c14-ac1e-38d58278851a,679b6e0b-21fb-475b-b071-96c5b3268dec,0dd6a46d-90a0-4fca-96bc-5de7241f3c6c,8.5,2025-09-02 13:45:40.061611+00,2025-09-02 13:52:26.893158+00,true
3469a687-a232-47df-8e73-4620d1190186,51842aa6-1998-4995-bf76-66809e201d43,b00f5b54-aabe-4272-a5a3-9f75bbf698e9,5.5,2026-02-22 22:12:35.112726+00,2026-02-22 22:12:45.292704+00,true
349f17c4-5eb6-4e22-9749-8c52a11b0568,68acdb3b-5ff3-4c51-9528-72a708b078ef,4c11d5fc-32e7-4202-8b96-bc911288d4d6,6.0,2025-11-01 23:26:59.695827+00,2025-11-01 23:27:02.637097+00,false
34b5a41f-4c4d-48ee-bfad-505242d00bc3,58d6b989-5a2e-4c8f-885d-bb3ccb0b52b6,0dd6a46d-90a0-4fca-96bc-5de7241f3c6c,8.0,2025-12-20 23:53:13.07649+00,2026-01-20 17:31:35.484102+00,true
34e7ec48-9804-4ba0-96ef-422d7174cc4a,48169d8a-e711-4ae4-84da-a9c20f346742,c7f64752-3e0b-4b9c-b96a-ead26aa0258e,7.0,2025-08-29 22:34:20.297997+00,2025-08-29 22:34:20.297997+00,true
34f937bc-7569-4707-afa1-5559a5690ba3,206da1c5-84bb-4658-9d30-627b7b12f3c1,e2422f0b-540b-4f35-9ddb-8f4610471bf6,7.5,2026-03-27 22:56:39.939662+00,2026-03-27 23:02:57.587278+00,true
368efbd9-a15c-4f98-9e91-10feda3eaaba,93955070-a6f3-4e7d-aeea-a730c82cafe4,29ea2657-3e45-4d28-9abe-6db1d6cdd41b,5.0,2026-01-24 22:07:55.652624+00,2026-01-27 15:31:58.242917+00,true
3727330c-86fd-4963-9a06-ae5f019491b7,5419992a-3ac6-4d10-8800-ae8ff6bdae11,bf6f8662-b890-496c-bbd7-6f213b86ca91,10.0,2025-08-31 13:45:44.227497+00,2025-10-19 20:39:00.324297+00,false
372e3fe6-72f5-43fe-a86b-cfbcf43cd86b,5bf6122b-e26a-4ea7-b444-d756af6c6f0e,58fd01fe-b878-41d9-8135-a7f44dbab4d4,7.5,2026-07-16 22:46:53.025336+00,2026-07-18 22:15:22.758787+00,true
373cdccb-43bf-4640-a475-8ed4d543f675,2656ebd5-856f-4eee-9ca5-7d8bc0e0e434,29ea2657-3e45-4d28-9abe-6db1d6cdd41b,8.0,2026-01-27 15:33:07.535565+00,2026-01-27 15:33:07.535565+00,false
376d1e59-25d9-42b7-8f1e-b4cfbeea8fe6,047fe5e1-f2c8-4775-9b94-c7110dba81e6,0dd6a46d-90a0-4fca-96bc-5de7241f3c6c,7.5,2026-03-08 22:38:53.78883+00,2026-03-08 22:59:49.430215+00,true
37c8cb83-d0f9-47c4-af5c-a6cf61004398,4f7f967a-2144-46a0-92ed-949a8f7feaf4,58fd01fe-b878-41d9-8135-a7f44dbab4d4,7.5,2026-05-22 21:32:50.980207+00,2026-05-22 21:34:22.482278+00,true
3884d0d6-0031-42f7-a2a6-f1f26ecb8359,95ef5e89-a5a7-43ba-824a-8bdb887f768a,58fd01fe-b878-41d9-8135-a7f44dbab4d4,7.0,2026-01-27 23:10:26.156803+00,2026-01-28 22:41:56.051102+00,true
38898420-83d0-436a-b41b-e5ba7d03b064,679b6e0b-21fb-475b-b071-96c5b3268dec,410277eb-539b-460c-aff9-24a4a1521dec,9.0,2025-09-01 18:36:15.144943+00,2026-02-19 22:50:51.140503+00,true
38a85c16-88aa-4d3b-9622-276f10e7b0c0,25a8a934-47b0-4cb5-b247-92d7704a9abd,0dd6a46d-90a0-4fca-96bc-5de7241f3c6c,8.5,2025-10-11 21:34:58.580922+00,2026-01-20 17:32:16.12823+00,true
39e2b88c-9365-48df-aded-d5465f4bfc3a,6329deff-9bdb-4163-b582-aeb3a4e7e64b,c7f64752-3e0b-4b9c-b96a-ead26aa0258e,,2025-09-01 08:06:40.803169+00,2025-09-01 08:06:40.803169+00,false
3be2e5d3-6a57-4994-864b-4b7379b6c749,fdfa3488-c065-4e5a-98cb-3ad01885669a,b00f5b54-aabe-4272-a5a3-9f75bbf698e9,5.5,2025-12-29 22:44:05.546253+00,2025-12-29 22:44:53.227965+00,true
3d85986c-33a4-404f-8ce5-d0515bcc3b69,690fd4e7-7db9-4654-bd5d-e92d74421296,e2422f0b-540b-4f35-9ddb-8f4610471bf6,8.5,2025-09-02 14:16:57.285845+00,2025-09-02 14:17:03.474115+00,true
3d995135-bcfb-4c32-aa35-e11724f6f42c,9b575d9d-8764-44fa-b140-57e2b3c497fa,58fd01fe-b878-41d9-8135-a7f44dbab4d4,8.0,2025-09-02 13:44:04.618854+00,2025-09-02 13:48:44.889142+00,true
3e114786-7272-46f0-88a9-60a2bdb5d68f,6152eb83-8070-4b50-86e3-685b6db518c3,410277eb-539b-460c-aff9-24a4a1521dec,9.0,2026-05-08 21:54:20.422373+00,2026-05-08 21:56:12.962566+00,true
3e2958bf-c410-4243-8663-917698fdb391,cb9e2d1f-e7b5-4dd6-87f4-e3b732aef99b,5d2a8362-b232-4766-acfa-019ebd70b958,,2025-09-02 13:43:54.48898+00,2025-09-02 13:43:54.48898+00,true
3e7c3e0e-d758-49ff-9535-4dac88f95c92,679b6e0b-21fb-475b-b071-96c5b3268dec,4c11d5fc-32e7-4202-8b96-bc911288d4d6,,2025-08-31 15:10:41.566495+00,2025-08-31 15:10:41.566495+00,false
3f5a624a-378a-4c43-bd10-40f2a748ceab,921f588c-7173-4ecb-8bc8-c37358d0ae99,a2726890-883c-4164-b951-a0619f43d620,10.0,2026-01-05 22:04:05.642533+00,2026-01-05 22:05:52.931451+00,true
3fa5efa3-6d65-44dc-81e5-c2e8d1257348,a12d4a3f-b07d-4af5-9707-8ac9c9b599e2,4c11d5fc-32e7-4202-8b96-bc911288d4d6,,2026-08-04 20:54:26.672652+00,2026-08-04 20:54:26.672652+00,true
3ff983a5-5378-4e08-8fa7-ab9a6d2164ce,3b74800b-c413-46d7-b083-b73b90c6bed0,0212b5e3-2b19-44a0-a39f-5c0202307872,,2025-09-01 08:05:55.932262+00,2025-09-01 08:05:55.932262+00,false
40919519-3324-4dd6-856f-ee2a937c8452,6df1e84c-8744-4b26-a816-12efeb265858,0dd6a46d-90a0-4fca-96bc-5de7241f3c6c,7.0,2025-09-02 13:44:40.781058+00,2025-09-02 13:50:07.310308+00,true
412099bf-88f5-40fb-8a7e-b80ed7a48bd9,46644c66-67fa-417e-8ce2-cfa625567ac3,58fd01fe-b878-41d9-8135-a7f44dbab4d4,6.5,2026-08-11 22:17:39.880661+00,2026-08-11 22:41:50.294845+00,true
41717e03-0843-4114-af72-a49d449e6ac1,68acdb3b-5ff3-4c51-9528-72a708b078ef,bf6f8662-b890-496c-bbd7-6f213b86ca91,10.0,2025-09-02 09:02:41.472329+00,2025-09-12 11:21:56.779191+00,true
41786764-1ee1-4553-88f7-f58a858379e1,835a310d-cc69-40aa-a766-87432e1023c6,a2726890-883c-4164-b951-a0619f43d620,2.5,2025-09-05 23:05:03.22994+00,2025-10-01 13:58:45.983348+00,true
4249d13e-d6d7-420d-ac62-ef3158a7f70c,0bee2ea3-748e-4792-be47-a333dc78426a,0dd6a46d-90a0-4fca-96bc-5de7241f3c6c,8.5,2026-06-20 22:59:14.959377+00,2026-07-19 21:49:19.702764+00,true
42aba769-53d2-44af-a58c-fa0a551560b0,93955070-a6f3-4e7d-aeea-a730c82cafe4,1f9f677c-1f5d-4784-828a-970801312639,0.0,2026-01-24 22:07:44.593731+00,2026-01-24 22:07:47.40671+00,true
440ba3b2-d224-4494-bf85-b100df700710,a12d4a3f-b07d-4af5-9707-8ac9c9b599e2,58fd01fe-b878-41d9-8135-a7f44dbab4d4,8.0,2026-08-04 20:54:21.443549+00,2026-08-11 22:41:30.286384+00,true
445d0072-68eb-47fb-a984-be333bd2f4bd,58d6b989-5a2e-4c8f-885d-bb3ccb0b52b6,c7f64752-3e0b-4b9c-b96a-ead26aa0258e,6.5,2025-12-20 23:53:17.712044+00,2026-03-14 21:27:30.361085+00,true
476a1e42-cab0-46ea-9d9a-1b0decc6461f,43fed25d-f623-4c2d-8c56-35ec5724f2b8,29ea2657-3e45-4d28-9abe-6db1d6cdd41b,8.0,2025-09-01 08:00:56.837881+00,2025-09-01 08:02:15.780259+00,true
477c9aec-8670-429c-a705-1d2d1b818652,43fed25d-f623-4c2d-8c56-35ec5724f2b8,e2422f0b-540b-4f35-9ddb-8f4610471bf6,8.0,2025-09-02 13:44:17.902927+00,2025-09-02 13:49:28.745084+00,true
48192cdd-048a-4f62-8b5d-86e728e7b8f4,835a310d-cc69-40aa-a766-87432e1023c6,58fd01fe-b878-41d9-8135-a7f44dbab4d4,3.5,2025-09-05 23:05:01.432168+00,2025-09-05 23:11:58.547704+00,true
48960369-2578-40e1-9a47-7ebdc6066c93,679b6e0b-21fb-475b-b071-96c5b3268dec,4c4fcd34-a462-4c60-aa86-fa9731ea7212,8.0,2025-09-02 13:45:46.130542+00,2025-09-02 13:52:56.827523+00,true
49059084-3b3f-458f-8367-ceeb3bcae6e1,ddb25bf0-b005-4a2f-8a05-fbb110c7995d,0dd6a46d-90a0-4fca-96bc-5de7241f3c6c,8.0,2026-08-01 21:21:24.509976+00,2026-08-11 22:43:12.77776+00,true
49fbfadc-5b25-4708-b0a3-57c946e6a257,5314a005-7435-4da1-b211-9191278c9cdc,b00f5b54-aabe-4272-a5a3-9f75bbf698e9,8.5,2025-09-03 21:12:36.227893+00,2025-09-04 01:06:26.748071+00,true
4a158e99-c612-4ff0-8bba-d6bb35efb905,6329deff-9bdb-4163-b582-aeb3a4e7e64b,a2726890-883c-4164-b951-a0619f43d620,7.5,2025-09-02 13:45:08.187301+00,2025-09-02 13:51:21.915592+00,true
4acbb302-5c5b-4a9b-ad7b-5a46e8c1e94a,e13b249c-c02a-4e79-afdc-4b1f6983eb02,b00f5b54-aabe-4272-a5a3-9f75bbf698e9,7.0,2025-09-14 21:08:29.415581+00,2025-09-14 21:08:42.832463+00,true
4b0d7cee-ba88-40f3-afe6-87e4d55d5a2f,0fb4a41f-dae4-41cf-9437-40f81a5b2860,58fd01fe-b878-41d9-8135-a7f44dbab4d4,6.5,2026-01-09 22:45:38.779209+00,2026-01-17 23:14:09.959095+00,true
4b853617-be16-40c1-b2c4-9a78138c03af,c9ec810b-3638-4871-a7a1-ccf572a54d74,29ea2657-3e45-4d28-9abe-6db1d6cdd41b,5.5,2026-05-21 17:31:29.778464+00,2026-05-21 17:41:18.527239+00,true
4b871185-17cf-4a66-9884-9b9dec49f374,e13b249c-c02a-4e79-afdc-4b1f6983eb02,29ea2657-3e45-4d28-9abe-6db1d6cdd41b,7.0,2025-09-25 14:58:35.310969+00,2025-09-25 14:58:35.310969+00,false
4b8b4165-3ecc-466c-bf7a-622c08702ad9,0fb4a41f-dae4-41cf-9437-40f81a5b2860,e2422f0b-540b-4f35-9ddb-8f4610471bf6,5.0,2026-01-09 22:45:36.522297+00,2026-02-15 22:59:15.572619+00,true
4c0d7aed-f629-4c08-8854-cceeb3357fc9,25a8a934-47b0-4cb5-b247-92d7704a9abd,e2422f0b-540b-4f35-9ddb-8f4610471bf6,8.0,2025-10-11 21:34:59.682117+00,2025-11-23 00:18:19.353243+00,true
4cf2f22e-3d0f-4db9-8609-a3597c31b22d,835a310d-cc69-40aa-a766-87432e1023c6,410277eb-539b-460c-aff9-24a4a1521dec,,2025-09-05 23:04:57.641661+00,2025-09-07 12:21:15.808835+00,false
4d37b794-8ef1-456e-b238-338f6b0cb488,a7d28f7a-05a8-47b3-8e34-55937064ab42,e2422f0b-540b-4f35-9ddb-8f4610471bf6,8.0,2026-02-16 23:45:04.807189+00,2026-02-16 23:45:04.807189+00,false
4d636d81-926e-4ccc-b8c0-e374beeb4b50,51ccff25-bb4c-4c84-b34f-f1897e184e18,1f9f677c-1f5d-4784-828a-970801312639,7.0,2025-09-27 21:32:15.40732+00,2025-09-27 21:44:12.860503+00,true
4d8a19ef-f0ac-4be0-818e-599be6be4169,1c10be03-ac92-434f-b43b-7c987b06575f,a2726890-883c-4164-b951-a0619f43d620,9.0,2025-09-02 13:45:31.928171+00,2025-09-02 13:52:02.366607+00,true
4eee4535-2150-42e7-9e01-6cb0e3c57a19,51ccff25-bb4c-4c84-b34f-f1897e184e18,e2422f0b-540b-4f35-9ddb-8f4610471bf6,8.0,2025-09-27 21:32:07.609029+00,2025-09-27 21:38:08.48933+00,true
4ef220d2-9cf0-4ba3-bc00-33c8c4dc929f,6008db5f-501a-4e3b-85d2-602d6e46b410,9c974d76-199c-4c05-bd80-2a0681451fe1,9.5,2025-09-06 20:36:53.351149+00,2025-09-06 20:36:53.351149+00,false
4f82b84b-8ac7-4d5a-b67d-8c17995045ac,43fed25d-f623-4c2d-8c56-35ec5724f2b8,a2726890-883c-4164-b951-a0619f43d620,7.0,2025-09-02 13:44:21.182359+00,2025-09-02 13:49:41.145424+00,true
4fff2e17-e193-47ed-ab41-625d2a47b4e0,6329deff-9bdb-4163-b582-aeb3a4e7e64b,e2422f0b-540b-4f35-9ddb-8f4610471bf6,7.5,2025-09-02 13:45:05.913754+00,2025-09-02 13:51:14.623094+00,true
50625411-a6ed-4ab5-8c35-9b2e24b3cba0,1b62031b-1418-447c-a679-ea3a57337936,b00f5b54-aabe-4272-a5a3-9f75bbf698e9,4.0,2025-09-02 13:09:09.384221+00,2025-09-02 13:09:14.649227+00,true
5107093b-f2b7-45ca-b0a3-3bd8f378e80b,26b510d8-92da-41c6-bb95-2399d79f17c6,29ea2657-3e45-4d28-9abe-6db1d6cdd41b,10.0,2026-03-23 23:22:27.290095+00,2026-03-23 23:33:17.39963+00,true
519faef3-c3e7-4377-a7c0-1935ea087744,f05f738e-77d0-45f6-a558-69449e81b138,410277eb-539b-460c-aff9-24a4a1521dec,8.0,2026-07-19 21:47:02.500257+00,2026-07-19 21:47:29.964596+00,true
51f0389c-9046-4ba2-9c96-5b93f4b03282,f1d992f7-922a-4303-96e9-816266abe570,e2422f0b-540b-4f35-9ddb-8f4610471bf6,9.5,2026-07-18 22:01:13.173506+00,2026-07-18 22:11:14.227692+00,true
527831e4-d2e0-45df-a598-99d2d33bc435,4b04cec3-e66d-41e7-86bb-d12ed09e914d,0dd6a46d-90a0-4fca-96bc-5de7241f3c6c,9.0,2025-09-28 21:17:32.383854+00,2025-09-28 21:19:18.318856+00,true
52f0cb3e-4f4d-460d-af16-151a2a9076bf,48169d8a-e711-4ae4-84da-a9c20f346742,0dd6a46d-90a0-4fca-96bc-5de7241f3c6c,7.0,2025-08-29 22:34:07.172703+00,2025-08-29 22:35:35.82518+00,true
536c4f24-1444-453b-a66b-a3c9756b4b4d,3b74800b-c413-46d7-b083-b73b90c6bed0,29ea2657-3e45-4d28-9abe-6db1d6cdd41b,6.0,2025-09-01 19:15:43.960488+00,2025-09-01 19:16:01.04993+00,true
53d8b112-9b6b-4e2d-9ba0-26535e06aee8,15afe751-a56a-4300-840b-be67d97fb364,5d2a8362-b232-4766-acfa-019ebd70b958,,2026-03-07 22:53:42.455939+00,2026-03-07 22:53:42.455939+00,true
5483fc62-b01a-4ceb-9b18-2a3cb41b104d,1d627fdc-13af-4f2a-8b07-b57d75463a6d,0dd6a46d-90a0-4fca-96bc-5de7241f3c6c,6.0,2025-11-24 19:47:20.338069+00,2026-01-20 17:31:49.346373+00,true
550cda1e-f8b0-4ae6-830d-cb7e252cdc7a,d63b4e93-228a-4b33-ba23-2960410e3184,58fd01fe-b878-41d9-8135-a7f44dbab4d4,7.0,2026-06-30 22:32:44.89518+00,2026-07-18 22:15:12.268907+00,true
551c209e-7738-4e77-bd93-61409bce34b3,e0342b90-a3e5-4f6d-8c42-3ccd59778d3a,b00f5b54-aabe-4272-a5a3-9f75bbf698e9,5.0,2025-09-22 21:24:54.670648+00,2025-09-22 21:25:06.614199+00,true
55a9c6fd-f570-4e18-8f28-fe5a00c051c5,f05f738e-77d0-45f6-a558-69449e81b138,0dd6a46d-90a0-4fca-96bc-5de7241f3c6c,7.0,2026-07-19 21:47:06.830997+00,2026-07-19 21:47:55.271119+00,true
55cb9928-3730-4a66-afea-6817430c1b78,4f7f967a-2144-46a0-92ed-949a8f7feaf4,5d2a8362-b232-4766-acfa-019ebd70b958,,2026-05-22 21:32:54.510512+00,2026-05-22 21:32:59.626818+00,true
55ed6c99-b50a-4a11-ae81-bb8574057c2b,d82c7776-b3a5-4a0c-bd9d-77b5048bba06,c7f64752-3e0b-4b9c-b96a-ead26aa0258e,,2025-08-31 14:37:39.106294+00,2025-08-31 14:37:39.106294+00,false
56864b69-12d6-487b-8688-baefe8f381e4,90a88789-e1fb-4fe6-808c-627da1ceb0c2,5d2a8362-b232-4766-acfa-019ebd70b958,,2026-02-28 22:28:07.524155+00,2026-02-28 22:28:07.524155+00,true
5692e545-771f-42fc-9f7e-abdcc0202e26,6df1e84c-8744-4b26-a816-12efeb265858,bf6f8662-b890-496c-bbd7-6f213b86ca91,,2025-09-01 08:06:30.771417+00,2025-09-01 08:06:30.771417+00,false
573b0aac-2813-459d-8cc4-12d3924e3d14,0fb4a41f-dae4-41cf-9437-40f81a5b2860,b00f5b54-aabe-4272-a5a3-9f75bbf698e9,6.0,2026-01-09 22:45:34.046824+00,2026-01-09 23:15:52.20407+00,true
5829ae4f-6d21-45d7-8635-136d078f32ab,19c98067-9d7e-4a30-b016-4ebb30bb5532,b00f5b54-aabe-4272-a5a3-9f75bbf698e9,,2026-06-15 20:42:46.289764+00,2026-06-15 20:43:08.717213+00,false
582c6c2e-fe8e-42c2-a3d3-12e4951fe4e2,a38bd0d9-e896-43e6-a068-1e0aec5c014d,29ea2657-3e45-4d28-9abe-6db1d6cdd41b,9.0,2025-11-16 17:35:41.596031+00,2025-11-16 17:35:41.596031+00,false
586bcede-94b8-4ac5-af8f-9183e1879a30,0bee2ea3-748e-4792-be47-a333dc78426a,29ea2657-3e45-4d28-9abe-6db1d6cdd41b,9.0,2026-07-05 19:03:19.290219+00,2026-07-05 19:03:19.290219+00,false
5937e23b-4822-4ae4-ab0c-20136caf8ae5,5a75c8c1-f378-4f2b-830c-6474ab7f1fb0,410277eb-539b-460c-aff9-24a4a1521dec,8.0,2025-09-25 21:10:16.74731+00,2025-09-25 21:10:29.044972+00,true
593c00aa-ba0f-4697-aa8a-ee428ae8788b,68acdb3b-5ff3-4c51-9528-72a708b078ef,b00f5b54-aabe-4272-a5a3-9f75bbf698e9,7.5,2025-09-02 13:09:04.405689+00,2025-09-02 13:09:04.405689+00,false
59ffde09-2c5b-41cf-b697-456b82b9c8f6,1d627fdc-13af-4f2a-8b07-b57d75463a6d,4c4fcd34-a462-4c60-aa86-fa9731ea7212,6.0,2026-01-17 23:12:42.889768+00,2026-03-27 20:09:01.825851+00,false
5ab5398e-d35d-46a9-ab32-10124ac3653c,e3aeabc5-fc62-4670-8af0-b5a5b75457a4,410277eb-539b-460c-aff9-24a4a1521dec,10.0,2025-09-26 22:17:11.820763+00,2026-02-09 22:57:14.084094+00,true
5aba54b5-e297-4cfd-9781-6b0b2f82e4bb,26b510d8-92da-41c6-bb95-2399d79f17c6,4c11d5fc-32e7-4202-8b96-bc911288d4d6,10.0,2026-04-04 13:15:38.997087+00,2026-04-04 13:15:38.997087+00,false
5aeea4a7-8632-48fe-bb8c-e624de7067f8,f4f82bed-44b7-4df3-a041-263867a03106,b00f5b54-aabe-4272-a5a3-9f75bbf698e9,7.5,2025-09-15 21:43:08.871147+00,2025-09-15 21:44:20.761233+00,true
5b6d1eec-7df7-48ee-b2df-ceacdbee4994,43fed25d-f623-4c2d-8c56-35ec5724f2b8,b00f5b54-aabe-4272-a5a3-9f75bbf698e9,7.0,2025-09-02 13:09:49.680548+00,2025-09-02 13:09:55.007773+00,true
5bf260e2-2242-4607-9f9f-ff7651c0623d,a8bfff48-c0f8-49e6-8479-23fc4881c4dd,410277eb-539b-460c-aff9-24a4a1521dec,5.0,2026-08-21 20:17:19.584055+00,2026-08-21 23:07:20.199695+00,true
5bfa314d-2766-45d8-bd59-328219e4e5c5,e5bba3f6-5a49-4b4b-99d1-102ff1918760,9c974d76-199c-4c05-bd80-2a0681451fe1,9.0,2025-09-06 20:33:30.79346+00,2025-09-06 20:33:32.609705+00,true
5c8c8208-eefd-41ee-99f9-ca934cba3c29,fdfa3488-c065-4e5a-98cb-3ad01885669a,5d2a8362-b232-4766-acfa-019ebd70b958,7.0,2025-12-29 22:50:55.971308+00,2025-12-29 22:50:59.266097+00,true
5daa46bb-b11b-4083-bc2c-06a470bda9af,f05f738e-77d0-45f6-a558-69449e81b138,a2726890-883c-4164-b951-a0619f43d620,,2026-07-19 21:47:18.558361+00,2026-07-19 21:47:18.558361+00,true
5de20a86-bacc-438f-a399-507e7c072ce6,1d627fdc-13af-4f2a-8b07-b57d75463a6d,29ea2657-3e45-4d28-9abe-6db1d6cdd41b,7.5,2026-02-10 18:08:25.030541+00,2026-02-10 18:08:25.030541+00,false
5de43f25-026f-444f-b6fa-dc7428edca96,5419992a-3ac6-4d10-8800-ae8ff6bdae11,0dd6a46d-90a0-4fca-96bc-5de7241f3c6c,9.5,2025-08-29 22:33:22.028136+00,2025-08-29 22:33:22.028136+00,true
5de8a47a-85bb-42b4-aea5-e5125131c16e,217f5d11-1421-4f7d-a29e-5f3c66652c5c,b00f5b54-aabe-4272-a5a3-9f75bbf698e9,9.0,2026-02-15 22:49:13.620568+00,2026-02-15 22:50:34.887252+00,true
5e4ec907-f815-4db0-9e8f-ae50a1765784,fdfa3488-c065-4e5a-98cb-3ad01885669a,58fd01fe-b878-41d9-8135-a7f44dbab4d4,5.0,2025-12-29 22:44:08.367001+00,2025-12-29 22:47:48.941376+00,true
608bda6c-d572-4106-9513-f670e1736aa6,2656ebd5-856f-4eee-9ca5-7d8bc0e0e434,a2726890-883c-4164-b951-a0619f43d620,10.0,2026-01-17 23:11:32.302026+00,2026-01-17 23:16:13.304203+00,true
610dac7d-3960-4bef-8d0e-151d4a9b7095,48169d8a-e711-4ae4-84da-a9c20f346742,58fd01fe-b878-41d9-8135-a7f44dbab4d4,7.5,2025-09-01 19:14:53.455315+00,2025-09-03 21:27:46.400302+00,true
61a69500-fd74-4011-8e0e-09f0d92a57e1,a46a951d-738e-4045-9c41-7ee6258fb194,e2422f0b-540b-4f35-9ddb-8f4610471bf6,9.0,2026-01-31 23:17:13.234237+00,2026-01-31 23:19:54.418621+00,true
61e9774e-a059-495e-8333-0e0c14a944a0,f4f82bed-44b7-4df3-a041-263867a03106,58fd01fe-b878-41d9-8135-a7f44dbab4d4,8.0,2025-09-15 21:43:10.803786+00,2025-09-15 21:51:52.526563+00,true
62834143-0b54-4506-a5ea-c6343f08a8bb,15afe751-a56a-4300-840b-be67d97fb364,b00f5b54-aabe-4272-a5a3-9f75bbf698e9,9.0,2026-03-07 22:53:17.354342+00,2026-03-07 22:55:03.26832+00,true
62a57ca5-cf24-4c36-8c88-fa89e687cf55,679b6e0b-21fb-475b-b071-96c5b3268dec,c7f64752-3e0b-4b9c-b96a-ead26aa0258e,,2025-08-31 14:59:37.515984+00,2025-08-31 14:59:37.515984+00,false
62cd4bcd-c86b-4fab-a151-92dc337f52d2,4f7f967a-2144-46a0-92ed-949a8f7feaf4,0212b5e3-2b19-44a0-a39f-5c0202307872,,2026-05-22 21:32:56.532228+00,2026-05-22 21:32:56.804049+00,true
62cefb58-7b6f-4db4-b032-81d3d09395fe,c14a6fdf-097f-4d6b-8c43-d1f83cfb0f38,0dd6a46d-90a0-4fca-96bc-5de7241f3c6c,7.5,2026-02-13 23:35:55.694541+00,2026-02-22 22:35:43.469626+00,true
62f0455b-65a2-4d3d-8b51-82e7e846286e,5419992a-3ac6-4d10-8800-ae8ff6bdae11,4c4fcd34-a462-4c60-aa86-fa9731ea7212,9.0,2026-01-17 23:13:55.883685+00,2026-01-17 23:13:55.883685+00,false
636e05f7-b0dd-4eed-b46c-80f0dc24c003,6329deff-9bdb-4163-b582-aeb3a4e7e64b,410277eb-539b-460c-aff9-24a4a1521dec,8.0,2025-09-01 18:35:57.430716+00,2025-09-01 18:35:57.430716+00,true
63b741e4-0ebf-4b2a-b67d-b7fc0ec55dfe,690fd4e7-7db9-4654-bd5d-e92d74421296,58fd01fe-b878-41d9-8135-a7f44dbab4d4,7.5,2025-09-02 14:17:05.161708+00,2025-09-02 14:17:08.41501+00,true
63d8a920-1ee6-49cf-b6b9-f1b04fd758ae,eaf0004f-7022-4262-a6b1-b6dc0122724c,a2726890-883c-4164-b951-a0619f43d620,8.5,2025-09-02 13:46:02.849342+00,2025-09-02 13:53:18.023976+00,true
63d90cba-5d27-42a4-b98e-83fea36b77c7,6f17c897-4720-41ba-90e0-16e0cdd192a5,58fd01fe-b878-41d9-8135-a7f44dbab4d4,9.5,2026-02-07 22:11:46.440258+00,2026-02-07 22:11:59.383526+00,true
64667573-8356-4e04-9d0d-9cc7b8783faf,e3aeabc5-fc62-4670-8af0-b5a5b75457a4,4c11d5fc-32e7-4202-8b96-bc911288d4d6,8.5,2025-10-21 08:47:51.030623+00,2025-10-21 08:47:51.030623+00,false
647f3558-746e-4db4-828c-6b03e61fae64,a46a951d-738e-4045-9c41-7ee6258fb194,c7f64752-3e0b-4b9c-b96a-ead26aa0258e,9.0,2026-01-31 23:17:17.346313+00,2026-02-14 15:09:06.99414+00,true
64c6eee4-33f4-4c57-8b55-0b3fa9d1ee73,1d627fdc-13af-4f2a-8b07-b57d75463a6d,1f9f677c-1f5d-4784-828a-970801312639,3.0,2025-11-24 19:47:33.386659+00,2026-01-24 22:09:59.516951+00,true
64eb3388-4a63-422e-a22c-e96daea9d276,e13b249c-c02a-4e79-afdc-4b1f6983eb02,0dd6a46d-90a0-4fca-96bc-5de7241f3c6c,7.5,2025-09-14 21:08:30.612237+00,2025-09-23 22:14:50.570753+00,true
6594c728-4bc0-47bc-9384-4daccd4c7e2f,26b510d8-92da-41c6-bb95-2399d79f17c6,58fd01fe-b878-41d9-8135-a7f44dbab4d4,8.5,2026-03-23 23:22:26.103039+00,2026-03-27 20:20:22.606608+00,true
6626b3ea-0013-4f83-a74c-eebe79a2bc47,25a8a934-47b0-4cb5-b247-92d7704a9abd,a2726890-883c-4164-b951-a0619f43d620,8.0,2025-10-11 21:35:02.203867+00,2026-03-07 20:02:02.245979+00,true
667cda85-4c83-493f-b483-a2cef9f9da2f,ddb25bf0-b005-4a2f-8a05-fbb110c7995d,29ea2657-3e45-4d28-9abe-6db1d6cdd41b,9.0,2026-08-01 21:21:27.270124+00,2026-08-01 21:30:27.800471+00,true
66c228f6-e7f3-46ec-9ba0-e99eabdff8ea,921f588c-7173-4ecb-8bc8-c37358d0ae99,58fd01fe-b878-41d9-8135-a7f44dbab4d4,9.0,2026-01-05 22:04:15.068239+00,2026-01-09 19:44:54.187173+00,true
672f1727-41a9-4db6-ba60-933368bfd4b4,a12d4a3f-b07d-4af5-9707-8ac9c9b599e2,e2422f0b-540b-4f35-9ddb-8f4610471bf6,6.0,2026-08-04 20:54:20.988398+00,2026-08-11 22:36:49.639188+00,true
68125b69-b1c5-4d65-a4c1-22cc16794d74,6329deff-9bdb-4163-b582-aeb3a4e7e64b,4de727b2-3853-4fcc-9ad2-2b80d3f02e1c,5.0,2026-03-14 21:30:46.766683+00,2026-03-14 21:30:50.621305+00,false
6a45fd1a-270c-4988-93f0-dca8475d5ae6,c14a6fdf-097f-4d6b-8c43-d1f83cfb0f38,29ea2657-3e45-4d28-9abe-6db1d6cdd41b,7.5,2026-04-21 22:42:56.304153+00,2026-04-21 22:42:56.304153+00,false
6b2e9322-06d7-4af4-92c5-77a0206a8ff0,2656ebd5-856f-4eee-9ca5-7d8bc0e0e434,0212b5e3-2b19-44a0-a39f-5c0202307872,8.0,2026-01-17 23:11:34.637282+00,2026-02-07 22:14:51.259212+00,true
6c0a3a10-a807-455c-81a9-76dd42cecf78,a38bd0d9-e896-43e6-a068-1e0aec5c014d,5d2a8362-b232-4766-acfa-019ebd70b958,,2025-10-06 21:46:11.453364+00,2025-10-06 21:46:11.453364+00,true
6d35983a-5eb4-4b27-8ccc-5924e0c34568,f4f82bed-44b7-4df3-a041-263867a03106,4de727b2-3853-4fcc-9ad2-2b80d3f02e1c,8.0,2026-03-14 21:32:18.918919+00,2026-03-14 21:32:18.918919+00,false
6d3cbab9-c306-4f63-8963-da3754a08fab,a46a951d-738e-4045-9c41-7ee6258fb194,58fd01fe-b878-41d9-8135-a7f44dbab4d4,7.0,2026-01-31 23:17:14.375526+00,2026-01-31 23:23:04.428381+00,true
6d4ec8a8-5df6-4542-bfe9-6509c21fd7a0,90a88789-e1fb-4fe6-808c-627da1ceb0c2,b00f5b54-aabe-4272-a5a3-9f75bbf698e9,7.5,2026-02-28 22:27:58.731168+00,2026-02-28 22:29:20.228217+00,true
6db6d339-9545-4378-991b-e7c5b2bd0a0b,a38bd0d9-e896-43e6-a068-1e0aec5c014d,b00f5b54-aabe-4272-a5a3-9f75bbf698e9,9.0,2025-10-06 21:46:01.640424+00,2025-10-06 21:47:12.042171+00,true
6e18148e-eccb-435a-957c-d934a2c0f85a,5314a005-7435-4da1-b211-9191278c9cdc,0dd6a46d-90a0-4fca-96bc-5de7241f3c6c,9.0,2025-09-03 21:12:37.803228+00,2025-09-03 21:30:20.677979+00,true
6ef5475a-3cdb-4f32-b64b-4037a7f45f70,e13b249c-c02a-4e79-afdc-4b1f6983eb02,c7f64752-3e0b-4b9c-b96a-ead26aa0258e,6.0,2025-09-14 21:08:34.156407+00,2026-03-14 21:26:33.626883+00,true
6ef7eb62-2d7a-41d3-a9d3-2b28d9bcdbeb,2caf82d9-a821-4f8b-b44d-5cde868723a6,c7f64752-3e0b-4b9c-b96a-ead26aa0258e,7.5,2026-03-09 23:19:12.840571+00,2026-03-14 21:25:47.827431+00,true
6f0b8401-d739-4535-9808-6977fce6a2fc,0fb4a41f-dae4-41cf-9437-40f81a5b2860,410277eb-539b-460c-aff9-24a4a1521dec,6.0,2026-01-09 22:45:32.05905+00,2026-01-09 22:45:56.915946+00,true
6f87ee3a-782f-4211-a456-a2babdb04b0e,e99fa35b-992f-4074-a820-1f67a802afef,b00f5b54-aabe-4272-a5a3-9f75bbf698e9,6.5,2025-09-23 21:59:01.938328+00,2025-09-23 22:01:05.621412+00,true
6fd86a8f-fa24-4be7-85ad-3102d9f0513f,19c98067-9d7e-4a30-b016-4ebb30bb5532,0dd6a46d-90a0-4fca-96bc-5de7241f3c6c,7.5,2026-06-15 20:42:49.5939+00,2026-06-15 21:50:05.451511+00,true
704fb2d3-e209-4998-864b-07ac37180bb8,62cf4924-0d78-4732-b1a9-24b3726736cc,9c974d76-199c-4c05-bd80-2a0681451fe1,9.0,2025-09-06 20:33:51.568585+00,2025-09-06 20:33:53.673161+00,true
70e4ccfc-5e5b-4554-ae16-3c7976fbdb36,72239a2a-cd06-44a3-9e51-951f8bac9bb3,0dd6a46d-90a0-4fca-96bc-5de7241f3c6c,7.5,2026-02-20 23:19:03.689131+00,2026-02-22 22:35:29.738609+00,true
713ee555-371c-4064-b8cd-54f4b9588775,217f5d11-1421-4f7d-a29e-5f3c66652c5c,e2422f0b-540b-4f35-9ddb-8f4610471bf6,10.0,2026-02-15 22:49:15.222109+00,2026-02-15 22:56:47.746982+00,true
71ed6aa2-d3a0-4950-8fbb-8e26ec972531,15afe751-a56a-4300-840b-be67d97fb364,58fd01fe-b878-41d9-8135-a7f44dbab4d4,9.0,2026-03-07 22:53:20.96025+00,2026-03-08 22:50:36.181998+00,true
726f855e-746e-488b-ae8e-7f6f7ce7bcb7,0fb4a41f-dae4-41cf-9437-40f81a5b2860,0dd6a46d-90a0-4fca-96bc-5de7241f3c6c,5.5,2026-01-09 22:45:34.698639+00,2026-01-20 17:32:41.921779+00,true
72c35c1e-48da-4746-af98-0983d7571080,46644c66-67fa-417e-8ce2-cfa625567ac3,b00f5b54-aabe-4272-a5a3-9f75bbf698e9,9.0,2026-08-11 22:17:35.693969+00,2026-08-11 22:40:51.209867+00,true
73df7ee2-dbcf-41d1-a1ef-9f202b1b164b,1c10be03-ac92-434f-b43b-7c987b06575f,bf6f8662-b890-496c-bbd7-6f213b86ca91,,2025-09-01 08:06:21.89628+00,2025-09-01 08:06:21.89628+00,false
74031de8-3dd7-4d6e-b5e1-2bc3c5d754bb,72239a2a-cd06-44a3-9e51-951f8bac9bb3,1f9f677c-1f5d-4784-828a-970801312639,6.0,2026-03-14 21:39:57.670127+00,2026-03-14 21:39:57.670127+00,false
74282533-4c49-4e37-9d88-ac83e5695970,835a310d-cc69-40aa-a766-87432e1023c6,5d2a8362-b232-4766-acfa-019ebd70b958,3.5,2025-09-05 23:05:08.703884+00,2025-09-05 23:13:59.493435+00,true
7483372c-62c6-4f95-90b0-ca6084174c74,90a88789-e1fb-4fe6-808c-627da1ceb0c2,29ea2657-3e45-4d28-9abe-6db1d6cdd41b,8.5,2026-02-28 22:28:02.230383+00,2026-02-28 22:38:09.986383+00,true
74c75447-8c3c-4abb-bf68-ddbfe7c07496,1b62031b-1418-447c-a679-ea3a57337936,29ea2657-3e45-4d28-9abe-6db1d6cdd41b,5.5,2025-09-01 16:56:24.38675+00,2025-09-01 16:56:24.38675+00,true
74d66879-d2a6-4484-947b-d0d692ba0922,cb9e2d1f-e7b5-4dd6-87f4-e3b732aef99b,b00f5b54-aabe-4272-a5a3-9f75bbf698e9,3.0,2025-09-02 13:07:52.893232+00,2025-09-02 13:07:54.733375+00,true
7501ea99-ed57-420d-a89e-85d11ecc7ff8,eaf0004f-7022-4262-a6b1-b6dc0122724c,b00f5b54-aabe-4272-a5a3-9f75bbf698e9,8.5,2025-09-02 13:08:28.854577+00,2025-09-02 13:08:30.53307+00,true
762f7d95-5149-485c-b80e-38928fd092e5,e0342b90-a3e5-4f6d-8c42-3ccd59778d3a,a2726890-883c-4164-b951-a0619f43d620,3.0,2025-09-22 21:24:59.946398+00,2025-09-22 21:39:25.880364+00,true
7798f3ad-49bd-49a0-919d-5b48eafbe36e,af1b1447-27cd-410f-9993-d0c4582b52ea,4c4fcd34-a462-4c60-aa86-fa9731ea7212,7.0,2026-04-11 22:05:38.733311+00,2026-04-11 22:13:06.905157+00,true
78537641-dd35-4217-8492-5574c714b377,cb9e2d1f-e7b5-4dd6-87f4-e3b732aef99b,58fd01fe-b878-41d9-8135-a7f44dbab4d4,4.0,2025-09-02 13:43:46.067566+00,2025-09-05 23:20:50.4561+00,true
7853dbb7-b581-4206-a227-3da6d1f7c2e5,217f5d11-1421-4f7d-a29e-5f3c66652c5c,0dd6a46d-90a0-4fca-96bc-5de7241f3c6c,9.0,2026-02-15 22:49:14.415038+00,2026-02-22 22:35:20.902566+00,true
790e6c23-5601-47f0-a213-84d6e756888d,3b74800b-c413-46d7-b083-b73b90c6bed0,58fd01fe-b878-41d9-8135-a7f44dbab4d4,6.0,2025-09-02 14:20:30.435995+00,2025-09-02 14:20:32.268348+00,true
794629fa-c4aa-47f1-b21f-a3ea8a30b5d0,2656ebd5-856f-4eee-9ca5-7d8bc0e0e434,b00f5b54-aabe-4272-a5a3-9f75bbf698e9,8.5,2026-01-17 23:11:20.449382+00,2026-01-24 23:40:38.381401+00,true
797fa744-45d9-49b1-a40a-ac1431d71a21,6152eb83-8070-4b50-86e3-685b6db518c3,1f9f677c-1f5d-4784-828a-970801312639,7.0,2026-05-08 21:54:33.274415+00,2026-05-08 21:57:32.333468+00,true
7981ed16-52be-43fd-b819-9355504aa775,38181315-8a50-4db0-a01c-1cdb1076b1a1,f47f4579-1502-4ca3-8997-2b8826c49806,,2025-09-06 16:00:04.831642+00,2025-09-06 16:00:04.831642+00,true
79aee909-c63f-46e9-a640-a1c248984bce,68acdb3b-5ff3-4c51-9528-72a708b078ef,29ea2657-3e45-4d28-9abe-6db1d6cdd41b,8.0,2025-09-01 19:14:06.332768+00,2025-09-25 22:19:02.907871+00,false
7abf1c96-eb1b-43f4-8c45-1eef8026f768,a7d28f7a-05a8-47b3-8e34-55937064ab42,5d2a8362-b232-4766-acfa-019ebd70b958,,2026-02-09 12:13:28.548867+00,2026-02-09 12:13:28.548867+00,true
7b032135-a766-427f-81d7-0fd8877c499e,0f92d7f9-708f-4265-b7a0-321dcc57bc4e,9c974d76-199c-4c05-bd80-2a0681451fe1,1.0,2025-09-06 20:27:12.546453+00,2025-09-06 20:27:14.04608+00,true
7c428e4a-0df0-4584-85b7-49ade453759f,5a75c8c1-f378-4f2b-830c-6474ab7f1fb0,b00f5b54-aabe-4272-a5a3-9f75bbf698e9,8.5,2025-09-25 21:10:17.337352+00,2025-09-25 21:12:55.562617+00,true
7d948c98-c1c8-4218-ace1-6b3498afb6a1,5314a005-7435-4da1-b211-9191278c9cdc,1f9f677c-1f5d-4784-828a-970801312639,7.0,2026-03-14 21:39:18.600913+00,2026-03-14 21:39:18.600913+00,false
7d9a3eca-a5e6-48ad-9b6e-07fdb9638f89,43fed25d-f623-4c2d-8c56-35ec5724f2b8,c7f64752-3e0b-4b9c-b96a-ead26aa0258e,,2025-09-01 08:06:48.734228+00,2025-09-01 08:06:48.734228+00,false
7dd7032d-307d-45e8-8cdd-b28486636ca6,58d6b989-5a2e-4c8f-885d-bb3ccb0b52b6,410277eb-539b-460c-aff9-24a4a1521dec,8.0,2025-12-20 23:53:10.441095+00,2025-12-20 23:53:31.282365+00,true
7e05a8cf-ebf0-413d-86c2-862d02f07149,d63b4e93-228a-4b33-ba23-2960410e3184,1f9f677c-1f5d-4784-828a-970801312639,7.0,2026-06-30 22:32:48.975+00,2026-07-18 22:21:34.645114+00,true
7e0cfb99-2ec6-4b8d-9434-c048c51e5d5c,3b74800b-c413-46d7-b083-b73b90c6bed0,c7f64752-3e0b-4b9c-b96a-ead26aa0258e,7.5,2025-09-02 14:20:39.338896+00,2025-09-02 14:20:42.271748+00,true
7e63d1d7-52ef-4cb7-860b-2b7bbe095318,d82c7776-b3a5-4a0c-bd9d-77b5048bba06,e2422f0b-540b-4f35-9ddb-8f4610471bf6,9.5,2025-08-31 14:37:13.027102+00,2025-08-31 14:37:13.027102+00,true
7f284882-c844-4d0f-9b9b-c3bdf56d388d,ddb25bf0-b005-4a2f-8a05-fbb110c7995d,58fd01fe-b878-41d9-8135-a7f44dbab4d4,7.5,2026-08-01 21:21:26.256421+00,2026-08-11 22:41:10.354686+00,true
800cfc60-9f0b-4efd-95ad-7d63329b8319,58d6b989-5a2e-4c8f-885d-bb3ccb0b52b6,bf6f8662-b890-496c-bbd7-6f213b86ca91,10.0,2026-01-31 23:19:29.111371+00,2026-01-31 23:19:29.111371+00,false
800fb468-ab34-43d2-ad30-b352fbc22faa,1d627fdc-13af-4f2a-8b07-b57d75463a6d,e2422f0b-540b-4f35-9ddb-8f4610471bf6,5.0,2025-11-24 19:47:21.119336+00,2026-02-15 22:59:04.152563+00,true
8024d1af-43a8-4f8f-ae7d-68e8b9be553b,af1b1447-27cd-410f-9993-d0c4582b52ea,0dd6a46d-90a0-4fca-96bc-5de7241f3c6c,9.5,2026-04-11 22:05:33.656118+00,2026-04-11 22:10:51.943932+00,true
802c5117-ec21-4413-8474-1571ab13b385,6152eb83-8070-4b50-86e3-685b6db518c3,0dd6a46d-90a0-4fca-96bc-5de7241f3c6c,8.5,2026-05-08 21:54:22.381857+00,2026-05-18 10:41:56.574885+00,true
80a135a1-0c0b-4448-9c58-144b8ac1b617,f05f738e-77d0-45f6-a558-69449e81b138,29ea2657-3e45-4d28-9abe-6db1d6cdd41b,7.0,2026-07-20 12:33:04.29295+00,2026-07-20 12:33:23.369139+00,false
81617e32-7985-4f3d-87fa-f635fd484448,ddb25bf0-b005-4a2f-8a05-fbb110c7995d,bf6f8662-b890-496c-bbd7-6f213b86ca91,,2026-08-01 21:21:35.843608+00,2026-08-01 21:21:35.843608+00,true
81ce9eb2-4774-4541-8475-1131dd0d3cda,25a8a934-47b0-4cb5-b247-92d7704a9abd,4c4fcd34-a462-4c60-aa86-fa9731ea7212,7.5,2026-01-17 23:12:53.488365+00,2026-03-27 20:09:18.002382+00,false
81d2b5fb-bae4-4365-9921-b692533f35bc,679b6e0b-21fb-475b-b071-96c5b3268dec,29ea2657-3e45-4d28-9abe-6db1d6cdd41b,8.5,2025-08-31 14:57:36.029782+00,2025-08-31 14:57:36.029782+00,true
81d37c1f-a1e9-48f0-810f-a985fb04add6,206da1c5-84bb-4658-9d30-627b7b12f3c1,0212b5e3-2b19-44a0-a39f-5c0202307872,8.5,2026-03-27 22:56:53.651192+00,2026-04-11 22:11:12.842754+00,true
82fba528-4a1c-4184-89d7-b84b137255ba,90a88789-e1fb-4fe6-808c-627da1ceb0c2,e2422f0b-540b-4f35-9ddb-8f4610471bf6,6.0,2026-02-28 22:28:00.584993+00,2026-02-28 23:03:26.507037+00,true
830da584-119e-48b0-8356-7787dfac85c4,c89b80d8-854b-407b-b6bb-c067969f3096,f47f4579-1502-4ca3-8997-2b8826c49806,2.0,2025-09-01 18:56:22.676644+00,2025-09-01 18:57:49.952178+00,true
835b8edb-3672-420b-a267-834f347305df,206da1c5-84bb-4658-9d30-627b7b12f3c1,4c4fcd34-a462-4c60-aa86-fa9731ea7212,8.0,2026-03-27 22:56:52.89677+00,2026-03-28 23:06:30.722497+00,true
83a8f6a4-f8a1-4bce-a944-ce8c998ac413,6914c3bf-993b-4814-ba36-e716e615730d,9c974d76-199c-4c05-bd80-2a0681451fe1,,2025-09-06 20:28:48.097483+00,2025-09-06 20:28:48.097483+00,true
8477786a-054c-43a6-a0d6-de48bd6e43dc,cb9e2d1f-e7b5-4dd6-87f4-e3b732aef99b,410277eb-539b-460c-aff9-24a4a1521dec,3.0,2025-09-01 18:38:46.716169+00,2025-09-01 18:38:46.716169+00,true
84ea30d8-396e-4178-ae21-17c7a0ad1892,af1b1447-27cd-410f-9993-d0c4582b52ea,410277eb-539b-460c-aff9-24a4a1521dec,8.5,2026-05-11 19:29:21.80725+00,2026-05-11 19:29:21.80725+00,false
855356af-bf6c-4986-a61d-3bf71ea02ac9,27dc54c2-1b46-4fcd-b234-ab2e3a24a51e,410277eb-539b-460c-aff9-24a4a1521dec,,2025-08-31 21:24:36.03833+00,2025-08-31 21:24:36.03833+00,false
85b0f91c-f8bb-447a-9fcc-bfe1ce19d9b2,217f5d11-1421-4f7d-a29e-5f3c66652c5c,58fd01fe-b878-41d9-8135-a7f44dbab4d4,9.0,2026-02-15 22:49:16.458791+00,2026-02-15 22:59:01.789416+00,true
861a81f3-b916-40bb-bef5-8c636a155f1c,eaf0004f-7022-4262-a6b1-b6dc0122724c,58fd01fe-b878-41d9-8135-a7f44dbab4d4,9.0,2025-09-02 13:46:01.606324+00,2025-09-02 13:53:10.816464+00,true
86ceaf82-f345-4ada-9d60-f650bd7c3d09,4f7f967a-2144-46a0-92ed-949a8f7feaf4,e2422f0b-540b-4f35-9ddb-8f4610471bf6,7.0,2026-05-22 21:32:50.071628+00,2026-05-22 21:33:11.74077+00,true
8714a454-cee5-4729-8659-7e71e18fd54d,0bee2ea3-748e-4792-be47-a333dc78426a,410277eb-539b-460c-aff9-24a4a1521dec,8.5,2026-06-20 22:59:13.73818+00,2026-06-20 22:59:36.139638+00,true
87c0d80d-6de9-4ba4-9aa4-495f3717645e,f1d992f7-922a-4303-96e9-816266abe570,0dd6a46d-90a0-4fca-96bc-5de7241f3c6c,9.5,2026-07-18 22:02:52.642568+00,2026-07-19 21:48:13.703971+00,true
87f8f2a1-a56a-4dfa-981a-4e8c555eacdd,206da1c5-84bb-4658-9d30-627b7b12f3c1,0dd6a46d-90a0-4fca-96bc-5de7241f3c6c,9.5,2026-03-27 22:56:39.20443+00,2026-03-27 23:02:20.030326+00,true
8838d843-815a-4f20-a106-001983eadb11,43fed25d-f623-4c2d-8c56-35ec5724f2b8,0dd6a46d-90a0-4fca-96bc-5de7241f3c6c,8.0,2025-09-02 13:44:16.930986+00,2025-09-02 13:49:23.477991+00,true
88aee791-0efb-4c2c-aee8-be2f0e59ad63,3baacdc6-7365-4424-b88d-b21b34a5e85d,e4f7f8ef-e94c-49ba-b692-99cefc421554,9.5,2025-09-06 15:59:43.770723+00,2025-09-06 15:59:46.002174+00,true
88b28f0e-dd87-4f56-a270-6e75cec92d2a,8b325d44-8203-49f3-b232-4460c960ff23,e2422f0b-540b-4f35-9ddb-8f4610471bf6,9.5,2026-06-04 21:26:56.88041+00,2026-06-04 21:32:23.134088+00,true
8950eb29-2f70-4a28-bdef-5bb320eeefe9,72239a2a-cd06-44a3-9e51-951f8bac9bb3,a2726890-883c-4164-b951-a0619f43d620,7.0,2026-03-14 21:27:54.336197+00,2026-03-14 21:27:54.336197+00,false
89b9b56c-9d27-41ee-96ad-614b1cbc566d,5bf6122b-e26a-4ea7-b444-d756af6c6f0e,410277eb-539b-460c-aff9-24a4a1521dec,9.0,2026-07-16 22:46:46.578207+00,2026-07-19 21:47:49.484506+00,true
89d4442f-ad48-4023-8b3e-ae62dcd0a9a1,921f588c-7173-4ecb-8bc8-c37358d0ae99,0dd6a46d-90a0-4fca-96bc-5de7241f3c6c,8.0,2026-01-05 22:04:03.234077+00,2026-01-06 20:03:23.584321+00,true
8b006e9c-258b-4f71-8cad-7e946b5099ab,1b62031b-1418-447c-a679-ea3a57337936,e2422f0b-540b-4f35-9ddb-8f4610471bf6,5.0,2025-09-02 13:46:13.980138+00,2025-09-02 13:53:41.500746+00,true
8b11276f-7d0c-4d99-aa45-864167202b2c,93955070-a6f3-4e7d-aeea-a730c82cafe4,b00f5b54-aabe-4272-a5a3-9f75bbf698e9,4.0,2026-01-24 22:08:00.161562+00,2026-01-24 23:40:45.685084+00,true
8c1d4fa5-12a4-4de9-bffa-24f67284e4b8,3b74800b-c413-46d7-b083-b73b90c6bed0,410277eb-539b-460c-aff9-24a4a1521dec,6.5,2025-09-02 14:20:14.854243+00,2025-09-02 14:20:17.115099+00,true
8d09b43c-8974-4901-97e8-9a4928e0604c,6df1e84c-8744-4b26-a816-12efeb265858,4c4fcd34-a462-4c60-aa86-fa9731ea7212,,2025-09-02 13:44:52.432902+00,2025-09-02 16:03:57.262317+00,false
8d135634-9746-494b-a44b-7571f4c8cc53,5a75c8c1-f378-4f2b-830c-6474ab7f1fb0,58fd01fe-b878-41d9-8135-a7f44dbab4d4,8.0,2025-09-25 21:10:20.495146+00,2025-09-27 19:40:07.158837+00,true
8d897c0f-bd1f-4f46-b81f-72f7ac3c0356,72239a2a-cd06-44a3-9e51-951f8bac9bb3,5d2a8362-b232-4766-acfa-019ebd70b958,,2026-02-20 23:19:26.546119+00,2026-02-20 23:19:26.546119+00,true
8d9d2125-5076-4b6f-9930-7558552ea1a0,1c10be03-ac92-434f-b43b-7c987b06575f,410277eb-539b-460c-aff9-24a4a1521dec,9.0,2025-09-01 18:36:08.164723+00,2025-09-01 18:36:08.164723+00,true
8db3c954-c4fd-498c-8473-9df79c6d473d,9b575d9d-8764-44fa-b140-57e2b3c497fa,bf6f8662-b890-496c-bbd7-6f213b86ca91,,2025-09-01 08:00:00.99758+00,2025-09-01 08:00:00.99758+00,false
8df875c1-b773-40e4-95fa-6940ffde691f,d82c7776-b3a5-4a0c-bd9d-77b5048bba06,0212b5e3-2b19-44a0-a39f-5c0202307872,,2025-08-31 14:37:36.274269+00,2025-08-31 14:37:36.274269+00,false
8ef2edd0-4ef6-4c0b-9346-57929cde7bca,fdfa3488-c065-4e5a-98cb-3ad01885669a,0dd6a46d-90a0-4fca-96bc-5de7241f3c6c,5.5,2025-12-29 22:44:06.43354+00,2025-12-29 22:47:38.216352+00,true
8f2950c4-1a76-48a2-90df-6705322c7403,1b62031b-1418-447c-a679-ea3a57337936,4c11d5fc-32e7-4202-8b96-bc911288d4d6,,2025-09-01 08:06:07.341661+00,2025-09-01 08:06:07.341661+00,false
8f6406a6-306e-43d5-aecb-32abcc934cdc,047fe5e1-f2c8-4775-9b94-c7110dba81e6,e2422f0b-540b-4f35-9ddb-8f4610471bf6,9.0,2026-03-08 22:38:54.670197+00,2026-03-08 22:53:53.789414+00,true
8fada10f-1909-431d-85a8-17e30f11634d,1b62031b-1418-447c-a679-ea3a57337936,bf6f8662-b890-496c-bbd7-6f213b86ca91,,2025-09-01 08:06:08.71801+00,2025-09-01 08:06:08.71801+00,false
9011e86d-5d0b-47f0-bbfb-d4b0600dac30,d82c7776-b3a5-4a0c-bd9d-77b5048bba06,58fd01fe-b878-41d9-8135-a7f44dbab4d4,8.0,2025-08-31 14:37:00.916046+00,2025-08-31 14:37:00.916046+00,true
906d4f82-4d4d-4891-97ae-f1c9f5638125,4b04cec3-e66d-41e7-86bb-d12ed09e914d,c7f64752-3e0b-4b9c-b96a-ead26aa0258e,,2025-09-28 21:17:36.110417+00,2026-03-14 21:26:56.76047+00,false
9071b271-f51c-4aae-9066-abfa846c34b3,5bf6122b-e26a-4ea7-b444-d756af6c6f0e,e2422f0b-540b-4f35-9ddb-8f4610471bf6,9.0,2026-07-18 21:57:52.923795+00,2026-07-18 21:57:52.923795+00,false
90c7152e-2558-4ceb-a60d-d22a5f0e66b8,5419992a-3ac6-4d10-8800-ae8ff6bdae11,c7f64752-3e0b-4b9c-b96a-ead26aa0258e,,2025-08-31 13:45:41.4639+00,2025-08-31 13:45:41.4639+00,false
90dc627e-6a36-48c2-bf84-d2dbec24096c,a12d4a3f-b07d-4af5-9707-8ac9c9b599e2,0dd6a46d-90a0-4fca-96bc-5de7241f3c6c,7.0,2026-08-04 20:54:19.901959+00,2026-08-11 22:42:46.66111+00,true
913d8f6c-ca66-43e2-821a-67ae07de62df,93955070-a6f3-4e7d-aeea-a730c82cafe4,58fd01fe-b878-41d9-8135-a7f44dbab4d4,6.0,2026-01-24 22:07:56.339524+00,2026-01-31 23:23:50.140514+00,true
918b8101-da7d-49d2-8dca-e6d9c1dabeeb,fdfa3488-c065-4e5a-98cb-3ad01885669a,410277eb-539b-460c-aff9-24a4a1521dec,6.5,2025-12-29 22:44:04.792319+00,2025-12-29 22:46:11.775871+00,true
91a2c519-439d-4754-bcb0-f5890aaeb5e2,2656ebd5-856f-4eee-9ca5-7d8bc0e0e434,4c4fcd34-a462-4c60-aa86-fa9731ea7212,8.5,2026-01-17 23:11:35.678982+00,2026-02-07 22:15:20.260298+00,true
91f89ded-eb6a-4106-bc0f-9b87986e87c2,af1b1447-27cd-410f-9993-d0c4582b52ea,58fd01fe-b878-41d9-8135-a7f44dbab4d4,7.5,2026-04-11 22:05:34.805143+00,2026-04-11 22:07:20.4923+00,true
9360e312-26ca-4af1-b8d8-906327f6af2b,f05f738e-77d0-45f6-a558-69449e81b138,e2422f0b-540b-4f35-9ddb-8f4610471bf6,6.5,2026-07-19 21:47:08.429977+00,2026-07-19 21:47:24.025717+00,true
936eacf5-f414-451b-925e-b3e4e8e3ec09,5419992a-3ac6-4d10-8800-ae8ff6bdae11,410277eb-539b-460c-aff9-24a4a1521dec,,2025-08-27 22:32:59.500017+00,2025-12-28 21:09:05.339618+00,false
951f16ab-2911-45d8-ae74-f711d2d5e115,95ef5e89-a5a7-43ba-824a-8bdb887f768a,e2422f0b-540b-4f35-9ddb-8f4610471bf6,7.0,2026-01-27 23:10:25.088458+00,2026-01-31 23:18:41.32526+00,true
955a1cb2-09fa-45ea-b8e2-485e76feba33,2656ebd5-856f-4eee-9ca5-7d8bc0e0e434,58fd01fe-b878-41d9-8135-a7f44dbab4d4,8.0,2026-01-17 23:11:29.708122+00,2026-01-17 23:13:39.929653+00,true
955be7e5-c7ff-4fa3-827f-56d63a0a7428,ddb25bf0-b005-4a2f-8a05-fbb110c7995d,b00f5b54-aabe-4272-a5a3-9f75bbf698e9,8.0,2026-08-01 21:21:23.800494+00,2026-08-01 21:21:49.517334+00,true
95688f73-9397-417d-943c-a3309fe6ad11,4f7f967a-2144-46a0-92ed-949a8f7feaf4,a2726890-883c-4164-b951-a0619f43d620,,2026-05-22 21:32:54.063354+00,2026-05-22 21:32:58.687839+00,true
956fef61-7001-4c85-8459-6ba0a60071d3,a12d4a3f-b07d-4af5-9707-8ac9c9b599e2,29ea2657-3e45-4d28-9abe-6db1d6cdd41b,8.0,2026-08-04 20:54:22.304027+00,2026-08-04 21:01:33.181789+00,true
95c240f4-c57c-4942-8602-9bf9a1db1c21,1b62031b-1418-447c-a679-ea3a57337936,0dd6a46d-90a0-4fca-96bc-5de7241f3c6c,4.5,2025-09-02 13:46:13.364172+00,2025-09-02 13:53:35.095868+00,true
95c6dc50-3067-4ff9-9d78-8c6b50984b64,95ef5e89-a5a7-43ba-824a-8bdb887f768a,4c11d5fc-32e7-4202-8b96-bc911288d4d6,,2026-01-27 23:10:31.673263+00,2026-01-27 23:10:31.673263+00,true
966bdc01-9bc2-4f03-bba1-58c406fa223a,58d6b989-5a2e-4c8f-885d-bb3ccb0b52b6,4c11d5fc-32e7-4202-8b96-bc911288d4d6,8.0,2025-12-21 00:25:17.15859+00,2025-12-21 00:25:23.761492+00,true
97138e80-447e-4bf7-ad5d-0eb59d8e488c,fdfa3488-c065-4e5a-98cb-3ad01885669a,29ea2657-3e45-4d28-9abe-6db1d6cdd41b,6.0,2025-12-29 22:44:09.367096+00,2025-12-29 22:46:57.586138+00,true
9786d3f1-6a54-4b4a-938a-488a4b279f6c,0fb4a41f-dae4-41cf-9437-40f81a5b2860,a2726890-883c-4164-b951-a0619f43d620,6.0,2026-01-09 22:45:40.793403+00,2026-01-17 23:12:30.55499+00,true
995bc80c-c583-459e-ac5f-b1846b28cb2a,6329deff-9bdb-4163-b582-aeb3a4e7e64b,b00f5b54-aabe-4272-a5a3-9f75bbf698e9,8.0,2025-09-02 13:09:31.984852+00,2025-09-02 13:09:34.023498+00,true
999a4843-9191-4132-843f-bfb986d3012f,90a88789-e1fb-4fe6-808c-627da1ceb0c2,a2726890-883c-4164-b951-a0619f43d620,7.0,2026-02-28 22:28:03.346185+00,2026-03-07 20:02:14.418534+00,true
99a7f1b9-44b1-4aeb-8a06-368e81ce9468,a38bd0d9-e896-43e6-a068-1e0aec5c014d,4c4fcd34-a462-4c60-aa86-fa9731ea7212,8.5,2026-02-07 22:16:36.950049+00,2026-02-07 22:16:36.950049+00,false
9a3c53e5-ff46-4c01-9e2b-7d753f471641,51ccff25-bb4c-4c84-b34f-f1897e184e18,4de727b2-3853-4fcc-9ad2-2b80d3f02e1c,7.0,2025-09-27 21:32:14.721755+00,2026-05-08 21:57:29.072782+00,true
9a58dbcb-ba31-4ed1-a27e-da13a85d8145,835a310d-cc69-40aa-a766-87432e1023c6,c7f64752-3e0b-4b9c-b96a-ead26aa0258e,4.5,2025-09-05 23:05:03.914446+00,2026-03-14 21:26:25.805107+00,true
9a9c3c2e-8b02-43b8-9781-3251cfd02a85,0f92d7f9-708f-4265-b7a0-321dcc57bc4e,e4f7f8ef-e94c-49ba-b692-99cefc421554,4.0,2025-09-06 20:27:22.51558+00,2025-09-06 20:27:22.51558+00,false
9ad86205-fc1f-4646-9eea-5e75fd0315fb,fdfa3488-c065-4e5a-98cb-3ad01885669a,c7f64752-3e0b-4b9c-b96a-ead26aa0258e,6.5,2025-12-29 22:44:13.071715+00,2025-12-29 22:50:52.831546+00,true
9afd520b-c9ea-4709-817c-06483b935f53,9b575d9d-8764-44fa-b140-57e2b3c497fa,4c11d5fc-32e7-4202-8b96-bc911288d4d6,,2025-09-01 08:00:04.259157+00,2025-09-01 08:00:04.259157+00,false
9b255884-1c5d-4f52-964a-3985ea639a6c,51842aa6-1998-4995-bf76-66809e201d43,1f9f677c-1f5d-4784-828a-970801312639,5.0,2026-02-22 22:12:40.116827+00,2026-03-07 22:54:40.490993+00,true
9b451713-fee0-49e7-a932-196fc78c7ba9,e0342b90-a3e5-4f6d-8c42-3ccd59778d3a,0dd6a46d-90a0-4fca-96bc-5de7241f3c6c,7.5,2025-09-22 21:24:55.698287+00,2025-09-23 22:14:30.796125+00,true
9cd13b89-788e-485e-934f-924c5beeea87,d82c7776-b3a5-4a0c-bd9d-77b5048bba06,bf6f8662-b890-496c-bbd7-6f213b86ca91,9.5,2025-08-31 14:37:28.905895+00,2025-08-31 14:37:28.905895+00,true
9d84be92-79f9-480e-8f62-f3ea9b8a9f21,e99fa35b-992f-4074-a820-1f67a802afef,0dd6a46d-90a0-4fca-96bc-5de7241f3c6c,8.0,2025-09-23 21:59:02.964405+00,2025-09-23 22:14:08.208213+00,true
9ddbd332-0ee7-4339-9cb4-b470ddcd7d20,6df1e84c-8744-4b26-a816-12efeb265858,410277eb-539b-460c-aff9-24a4a1521dec,5.5,2025-09-01 18:36:01.77571+00,2025-09-01 18:36:01.77571+00,true
9e2761bc-f053-479c-9c46-cebb05c83444,921f588c-7173-4ecb-8bc8-c37358d0ae99,29ea2657-3e45-4d28-9abe-6db1d6cdd41b,7.5,2026-01-08 09:17:11.043293+00,2026-01-08 09:17:11.043293+00,false
9e3c5383-ecf1-451d-8677-37032e5e71ba,cb9e2d1f-e7b5-4dd6-87f4-e3b732aef99b,a2726890-883c-4164-b951-a0619f43d620,2.0,2025-09-02 13:43:48.293251+00,2025-10-11 19:31:07.128799+00,true
9fa0ca1a-696e-44ca-8e63-26a0d676ff30,4b04cec3-e66d-41e7-86bb-d12ed09e914d,410277eb-539b-460c-aff9-24a4a1521dec,9.0,2025-09-28 21:17:30.288037+00,2025-09-28 21:18:16.601687+00,true
a02be0db-623e-4c05-8eea-8a949dddfdec,6329deff-9bdb-4163-b582-aeb3a4e7e64b,bf6f8662-b890-496c-bbd7-6f213b86ca91,,2025-09-01 08:06:40.171993+00,2025-09-01 08:06:40.171993+00,false
a057d7a2-5ace-4746-8c7d-23e958f6c5cd,1d627fdc-13af-4f2a-8b07-b57d75463a6d,a2726890-883c-4164-b951-a0619f43d620,5.0,2025-11-24 19:47:23.956207+00,2026-03-07 20:01:49.161525+00,true
a0baed86-23ee-41de-b53d-c3b1a7cad240,eaf0004f-7022-4262-a6b1-b6dc0122724c,e2422f0b-540b-4f35-9ddb-8f4610471bf6,9.0,2025-09-02 13:46:00.950897+00,2025-09-02 13:53:08.712533+00,true
a0f389b5-21dc-4f25-af2c-f693ab8b1760,9b575d9d-8764-44fa-b140-57e2b3c497fa,1f9f677c-1f5d-4784-828a-970801312639,8.0,2026-03-14 21:38:41.97091+00,2026-03-14 21:38:41.97091+00,false
a1aa4d7e-e9ae-496a-8f8b-46bdaa946cd8,27dab5be-09a9-4948-95ea-b486740ade1c,9c974d76-199c-4c05-bd80-2a0681451fe1,1.0,2025-08-26 17:21:18.443099+00,2025-08-26 17:21:18.443099+00,
a1d53209-928a-4a69-bbeb-9c7bb2401346,a7d28f7a-05a8-47b3-8e34-55937064ab42,29ea2657-3e45-4d28-9abe-6db1d6cdd41b,9.0,2026-02-08 22:38:49.788453+00,2026-02-08 22:38:51.515202+00,true
a1e488d8-cbd2-4e9b-bdd3-55c9250d011b,43fed25d-f623-4c2d-8c56-35ec5724f2b8,410277eb-539b-460c-aff9-24a4a1521dec,9.5,2025-09-01 18:35:39.305181+00,2025-09-01 18:35:39.305181+00,true
a4625aeb-63d6-4d3c-88d4-60c8c1bbdba6,6f17c897-4720-41ba-90e0-16e0cdd192a5,e2422f0b-540b-4f35-9ddb-8f4610471bf6,10.0,2026-02-07 22:12:25.393282+00,2026-02-07 22:12:27.749167+00,true
a4ca61c4-45e1-4a99-8521-dbc338f29d42,3b74800b-c413-46d7-b083-b73b90c6bed0,4c11d5fc-32e7-4202-8b96-bc911288d4d6,,2025-09-01 08:05:53.024195+00,2025-09-01 08:05:53.024195+00,false
a4f1676b-bf4a-4f7d-a8f8-ad0e6fad5ae2,5bf6122b-e26a-4ea7-b444-d756af6c6f0e,b00f5b54-aabe-4272-a5a3-9f75bbf698e9,8.0,2026-07-16 22:46:47.060518+00,2026-07-16 22:46:50.263734+00,true
a500b338-1bb2-449c-a45c-48045358cec7,8b325d44-8203-49f3-b232-4460c960ff23,58fd01fe-b878-41d9-8135-a7f44dbab4d4,8.5,2026-06-04 21:26:58.833797+00,2026-06-16 12:12:09.942031+00,true
a570a9d9-5800-48ee-9f9f-d18754dc02b5,ddb25bf0-b005-4a2f-8a05-fbb110c7995d,410277eb-539b-460c-aff9-24a4a1521dec,8.5,2026-08-01 21:21:22.366479+00,2026-08-01 21:21:57.308232+00,true
a596728a-dae3-4676-b6a8-5f697a34e277,835a310d-cc69-40aa-a766-87432e1023c6,4c4fcd34-a462-4c60-aa86-fa9731ea7212,4.0,2026-02-07 22:17:18.629066+00,2026-02-07 22:17:18.629066+00,false
a599dc85-3ea1-474e-8aff-cf6c9770253c,15afe751-a56a-4300-840b-be67d97fb364,4c4fcd34-a462-4c60-aa86-fa9731ea7212,8.5,2026-03-14 21:28:40.487785+00,2026-03-14 21:28:47.35831+00,false
a5d839fd-c250-47cf-acd5-8672784011a4,26b510d8-92da-41c6-bb95-2399d79f17c6,0dd6a46d-90a0-4fca-96bc-5de7241f3c6c,8.5,2026-03-23 23:22:24.719356+00,2026-03-26 17:58:48.406871+00,true
a6b6aac4-3dce-4a1b-8891-25d35c54d5e7,a12d4a3f-b07d-4af5-9707-8ac9c9b599e2,1f9f677c-1f5d-4784-828a-970801312639,7.0,2026-08-04 20:54:28.773032+00,2026-08-21 23:08:00.82552+00,true
a76e664e-7249-446f-8e7d-cb58e1996fcf,5419992a-3ac6-4d10-8800-ae8ff6bdae11,29ea2657-3e45-4d28-9abe-6db1d6cdd41b,10.0,2025-08-27 22:16:21.247008+00,2025-09-03 21:28:05.056849+00,true
a7766799-0b46-4a07-ba6e-7cdebe95eb38,a38bd0d9-e896-43e6-a068-1e0aec5c014d,e2422f0b-540b-4f35-9ddb-8f4610471bf6,9.0,2025-11-23 00:17:53.824682+00,2025-11-23 00:17:53.824682+00,false
a7c12be5-e83c-4de7-89ba-220342f89df8,690fd4e7-7db9-4654-bd5d-e92d74421296,410277eb-539b-460c-aff9-24a4a1521dec,8.0,2025-09-02 14:16:40.476285+00,2025-09-02 14:16:42.708986+00,true
a8264e09-cae4-4a58-8218-b3d5e13cb89b,48169d8a-e711-4ae4-84da-a9c20f346742,0212b5e3-2b19-44a0-a39f-5c0202307872,,2025-08-31 13:46:12.783553+00,2025-08-31 13:46:12.783553+00,false
a86dce91-f8dc-444f-901c-fc588f55ec8f,2656ebd5-856f-4eee-9ca5-7d8bc0e0e434,5d2a8362-b232-4766-acfa-019ebd70b958,8.0,2026-01-17 23:11:39.064338+00,2026-01-17 23:11:53.752105+00,true
a8b93824-619c-441c-8df6-41451ebf0202,e3aeabc5-fc62-4670-8af0-b5a5b75457a4,29ea2657-3e45-4d28-9abe-6db1d6cdd41b,8.5,2025-09-26 22:20:28.712978+00,2025-09-26 22:20:28.712978+00,false
a9a68190-83fe-4604-ae29-f6820b65a471,6f17c897-4720-41ba-90e0-16e0cdd192a5,410277eb-539b-460c-aff9-24a4a1521dec,10.0,2026-02-07 22:13:12.220092+00,2026-02-08 00:18:37.204501+00,true
aa098cec-c260-4f8e-a94e-0eaee7af67b6,27dc54c2-1b46-4fcd-b234-ab2e3a24a51e,bf6f8662-b890-496c-bbd7-6f213b86ca91,,2025-08-31 21:24:41.719413+00,2025-08-31 21:24:41.719413+00,false
aa8e4d92-cd32-453b-ab61-ef0a0251a33c,1c10be03-ac92-434f-b43b-7c987b06575f,0dd6a46d-90a0-4fca-96bc-5de7241f3c6c,8.5,2025-09-02 13:45:28.277192+00,2025-09-02 13:51:39.703594+00,true
aabeddb1-99da-4f89-b6ab-4ca6594a2cca,c14a6fdf-097f-4d6b-8c43-d1f83cfb0f38,c7f64752-3e0b-4b9c-b96a-ead26aa0258e,10.0,2026-02-13 23:36:00.807076+00,2026-03-14 21:27:37.045349+00,true
aace5013-b9c6-49ea-a658-9b55a667742c,38181315-8a50-4db0-a01c-1cdb1076b1a1,9c974d76-199c-4c05-bd80-2a0681451fe1,1.0,2025-09-06 14:28:02.197597+00,2025-09-06 14:28:02.197597+00,false
ab9c09d5-7109-400e-ad90-6cb4656947bf,5bf6122b-e26a-4ea7-b444-d756af6c6f0e,a2726890-883c-4164-b951-a0619f43d620,,2026-07-16 22:46:57.183925+00,2026-07-16 22:46:57.183925+00,true
aba01c8f-9f22-4698-9524-a2a744e1339f,0bee2ea3-748e-4792-be47-a333dc78426a,58fd01fe-b878-41d9-8135-a7f44dbab4d4,7.5,2026-06-20 22:59:18.005526+00,2026-07-18 22:14:53.940859+00,true
ac0eff68-6b53-4c1f-8e35-60afd3433f32,5419992a-3ac6-4d10-8800-ae8ff6bdae11,e2422f0b-540b-4f35-9ddb-8f4610471bf6,9.0,2025-08-27 22:55:00.129709+00,2025-09-03 21:28:02.232409+00,false
ac92e75d-0b74-4826-ad15-b3032395a80d,c14a6fdf-097f-4d6b-8c43-d1f83cfb0f38,5d2a8362-b232-4766-acfa-019ebd70b958,,2026-02-13 23:36:03.786231+00,2026-02-13 23:36:03.786231+00,true
aca26066-774b-4d96-8684-aa668d17e893,5a75c8c1-f378-4f2b-830c-6474ab7f1fb0,0dd6a46d-90a0-4fca-96bc-5de7241f3c6c,8.0,2025-09-25 21:10:19.400932+00,2025-09-28 21:19:57.407445+00,true
aca74f2e-8e42-4497-8c41-e852650c3ee6,1d627fdc-13af-4f2a-8b07-b57d75463a6d,58fd01fe-b878-41d9-8135-a7f44dbab4d4,6.0,2025-11-24 19:47:22.344168+00,2025-12-29 22:49:21.061156+00,true
ad5b1345-9d27-4c00-81cc-fb1ea1a0c545,27dc54c2-1b46-4fcd-b234-ab2e3a24a51e,0212b5e3-2b19-44a0-a39f-5c0202307872,,2025-08-31 21:24:42.356364+00,2025-08-31 21:24:42.356364+00,false
af38d853-60cd-4245-8d9a-f31dabce1ace,27dc54c2-1b46-4fcd-b234-ab2e3a24a51e,e2422f0b-540b-4f35-9ddb-8f4610471bf6,10.0,2025-08-31 21:24:37.438831+00,2025-09-26 22:20:42.39506+00,false
afcbeae7-902e-464c-a884-4cb2406259b8,3b74800b-c413-46d7-b083-b73b90c6bed0,e2422f0b-540b-4f35-9ddb-8f4610471bf6,4.0,2025-09-02 14:20:26.762089+00,2025-09-02 14:20:28.529015+00,true
afd02b1b-8302-4db1-a837-e84bc3d2c6a5,1b62031b-1418-447c-a679-ea3a57337936,410277eb-539b-460c-aff9-24a4a1521dec,6.0,2025-09-01 18:36:52.967816+00,2025-09-01 18:36:52.967816+00,true
b1b2ae5d-9c1e-4822-9129-38ede2d54005,68acdb3b-5ff3-4c51-9528-72a708b078ef,410277eb-539b-460c-aff9-24a4a1521dec,8.0,2025-09-02 09:02:45.213694+00,2025-09-02 14:15:20.39003+00,true
b1d24be6-0b20-45c3-9aa0-cca7c34df3ba,c14a6fdf-097f-4d6b-8c43-d1f83cfb0f38,b00f5b54-aabe-4272-a5a3-9f75bbf698e9,8.0,2026-02-13 23:35:55.152188+00,2026-02-13 23:36:14.208233+00,true
b26907ca-7e65-4dbd-a9d0-7b9710e97961,a8bfff48-c0f8-49e6-8479-23fc4881c4dd,58fd01fe-b878-41d9-8135-a7f44dbab4d4,,2026-08-21 20:17:15.986608+00,2026-08-21 20:17:15.986608+00,true
b2caae60-ade7-4312-9e64-3412076e2e61,4f7f967a-2144-46a0-92ed-949a8f7feaf4,410277eb-539b-460c-aff9-24a4a1521dec,8.5,2026-05-22 21:32:03.649109+00,2026-05-22 21:33:06.843436+00,true
b2d1924f-9af3-4f88-84fa-835d600103db,90a88789-e1fb-4fe6-808c-627da1ceb0c2,4c4fcd34-a462-4c60-aa86-fa9731ea7212,8.5,2026-02-28 22:28:06.077621+00,2026-02-28 22:30:30.946549+00,true
b2f4e307-466c-4fee-937c-26ba4f3b56e0,835a310d-cc69-40aa-a766-87432e1023c6,b00f5b54-aabe-4272-a5a3-9f75bbf698e9,2.5,2025-09-05 23:04:58.404167+00,2025-09-07 19:30:08.367705+00,true
b512cad9-c005-4750-839c-fc816a2471c7,cb9e2d1f-e7b5-4dd6-87f4-e3b732aef99b,e2422f0b-540b-4f35-9ddb-8f4610471bf6,3.0,2025-09-02 13:43:45.167118+00,2025-09-27 21:39:16.479687+00,true
b5a89a0e-8712-4ef2-b289-ca5b8860a7f1,cb9e2d1f-e7b5-4dd6-87f4-e3b732aef99b,0212b5e3-2b19-44a0-a39f-5c0202307872,9.0,2025-09-02 13:43:52.567657+00,2026-03-14 21:28:56.799849+00,true
b620b144-cfb2-4886-adc5-d9fcd51b1b8f,f1d992f7-922a-4303-96e9-816266abe570,29ea2657-3e45-4d28-9abe-6db1d6cdd41b,8.0,2026-07-18 22:02:47.253224+00,2026-07-19 18:11:14.343928+00,true
b675832a-64f0-4270-93bc-b135b4c3745f,1c10be03-ac92-434f-b43b-7c987b06575f,4c11d5fc-32e7-4202-8b96-bc911288d4d6,,2025-09-01 08:06:19.607509+00,2025-09-01 08:06:19.607509+00,false
b6be3518-df32-4971-b55c-ecfa0871d731,51ccff25-bb4c-4c84-b34f-f1897e184e18,58fd01fe-b878-41d9-8135-a7f44dbab4d4,7.5,2025-09-27 21:32:08.262147+00,2025-09-27 21:37:26.450136+00,true
b723575a-9221-4db2-b6fb-c166303ccb97,af1b1447-27cd-410f-9993-d0c4582b52ea,29ea2657-3e45-4d28-9abe-6db1d6cdd41b,9.0,2026-04-11 22:05:35.154214+00,2026-04-11 22:11:39.560763+00,true
b8a036e3-97ed-4c1a-9115-9fd96b878807,93955070-a6f3-4e7d-aeea-a730c82cafe4,0dd6a46d-90a0-4fca-96bc-5de7241f3c6c,6.5,2026-01-24 22:07:58.871225+00,2026-02-07 22:12:18.375516+00,true
b8ee203d-519f-4481-9e0b-b2d824c21f0f,4b04cec3-e66d-41e7-86bb-d12ed09e914d,4c4fcd34-a462-4c60-aa86-fa9731ea7212,8.5,2026-01-17 23:13:07.976905+00,2026-02-07 22:16:48.766161+00,false
b923c89b-4bc8-46fe-9716-843b4da771b3,72239a2a-cd06-44a3-9e51-951f8bac9bb3,e2422f0b-540b-4f35-9ddb-8f4610471bf6,6.0,2026-02-20 23:19:04.720228+00,2026-02-20 23:19:38.772998+00,true
b9316b36-955d-495c-9937-714c900717a8,a38bd0d9-e896-43e6-a068-1e0aec5c014d,58fd01fe-b878-41d9-8135-a7f44dbab4d4,7.5,2025-10-06 21:46:05.650552+00,2025-10-19 20:39:07.912166+00,true
b94e7c99-3ae7-4534-b735-5c63d9b80ef2,cb9e2d1f-e7b5-4dd6-87f4-e3b732aef99b,4de727b2-3853-4fcc-9ad2-2b80d3f02e1c,7.5,2025-09-02 13:43:55.278888+00,2025-09-05 23:14:01.07636+00,true
b9c838c2-8bc1-4bd7-ba7b-80515c198c12,27dc54c2-1b46-4fcd-b234-ab2e3a24a51e,c7f64752-3e0b-4b9c-b96a-ead26aa0258e,10.0,2025-09-02 16:05:58.177613+00,2026-03-14 21:26:17.441332+00,true
ba503747-c0c3-4e08-97da-055ac5e062bc,d63b4e93-228a-4b33-ba23-2960410e3184,0dd6a46d-90a0-4fca-96bc-5de7241f3c6c,8.0,2026-06-30 22:32:43.319775+00,2026-07-19 21:48:59.663172+00,true
babeb2eb-18d3-45b1-9b54-870642d79494,6df1e84c-8744-4b26-a816-12efeb265858,c7f64752-3e0b-4b9c-b96a-ead26aa0258e,,2025-09-01 08:06:31.799791+00,2025-09-01 08:06:31.799791+00,false
bad781d2-e416-4d9c-88b5-7c531bca51d9,e0342b90-a3e5-4f6d-8c42-3ccd59778d3a,58fd01fe-b878-41d9-8135-a7f44dbab4d4,5.5,2025-09-22 21:24:57.207272+00,2025-09-22 21:38:53.1969+00,true
bb3b38fa-254e-49cb-b224-837c0a609f6e,3b74800b-c413-46d7-b083-b73b90c6bed0,4c4fcd34-a462-4c60-aa86-fa9731ea7212,,2025-09-01 08:05:55.459744+00,2025-09-01 08:05:55.459744+00,false
bb7a3ec7-4c2b-4ce5-9cf2-822b24a7d323,1c10be03-ac92-434f-b43b-7c987b06575f,b00f5b54-aabe-4272-a5a3-9f75bbf698e9,7.5,2025-09-02 13:09:20.661434+00,2025-09-02 13:09:24.47713+00,true
bba33481-5b48-446b-bf92-3e95b7411c89,f05f738e-77d0-45f6-a558-69449e81b138,5d2a8362-b232-4766-acfa-019ebd70b958,,2026-07-19 21:47:21.920877+00,2026-07-19 21:47:21.920877+00,true
bcd082c8-3105-45e0-9960-ab944c8fcba1,90a88789-e1fb-4fe6-808c-627da1ceb0c2,410277eb-539b-460c-aff9-24a4a1521dec,7.5,2026-02-28 22:27:58.344224+00,2026-02-28 22:34:37.04665+00,true
bcfe7c73-6d6f-4ac2-9a42-267419abb5b7,9b575d9d-8764-44fa-b140-57e2b3c497fa,c7f64752-3e0b-4b9c-b96a-ead26aa0258e,,2025-09-01 08:00:01.853123+00,2025-09-01 08:00:01.853123+00,false
bdce2fc5-e825-4edc-a20b-33b23f1b504b,6152eb83-8070-4b50-86e3-685b6db518c3,e2422f0b-540b-4f35-9ddb-8f4610471bf6,8.0,2026-05-08 21:54:25.2397+00,2026-05-08 21:54:47.206226+00,true
be000fa2-1298-4273-a0dc-8fca1d8717e9,836bf553-a68c-429b-9bdc-6753d751509a,9c974d76-199c-4c05-bd80-2a0681451fe1,1.0,2025-08-26 16:55:36.670512+00,2025-08-26 19:48:57.941467+00,
be534211-1f0b-4c10-a72c-c29e8aeeaa40,fdfa3488-c065-4e5a-98cb-3ad01885669a,4de727b2-3853-4fcc-9ad2-2b80d3f02e1c,6.5,2026-03-14 21:33:14.193233+00,2026-03-14 21:33:14.193233+00,false
be5a51c3-3bf2-4781-9f76-66cd3fcd74b0,835a310d-cc69-40aa-a766-87432e1023c6,29ea2657-3e45-4d28-9abe-6db1d6cdd41b,3.0,2025-09-05 23:05:02.027169+00,2025-09-05 23:05:46.347226+00,true
be7df1b4-b276-46b3-98e3-d245c4108bf5,af1b1447-27cd-410f-9993-d0c4582b52ea,b00f5b54-aabe-4272-a5a3-9f75bbf698e9,8.0,2026-04-11 22:05:31.122966+00,2026-04-11 22:15:42.768513+00,true
be91e561-9392-4be6-b4b4-2c853d46ea23,a7d28f7a-05a8-47b3-8e34-55937064ab42,410277eb-539b-460c-aff9-24a4a1521dec,10.0,2026-02-08 22:39:16.620478+00,2026-02-08 22:39:20.54541+00,true
bf7f2fcc-fb1c-4169-b95c-fbc27bd60d54,1b62031b-1418-447c-a679-ea3a57337936,a2726890-883c-4164-b951-a0619f43d620,5.0,2025-09-02 13:46:18.292357+00,2025-09-02 13:53:55.397974+00,true
c039c4d0-b836-4cb4-8c0f-d7e3498ecfaa,43fed25d-f623-4c2d-8c56-35ec5724f2b8,4c4fcd34-a462-4c60-aa86-fa9731ea7212,8.5,2025-09-02 13:44:24.586467+00,2025-09-02 13:49:53.035147+00,true
c06fc9df-9907-4dec-9d73-e1b3b2de7dcc,e0342b90-a3e5-4f6d-8c42-3ccd59778d3a,29ea2657-3e45-4d28-9abe-6db1d6cdd41b,5.0,2025-09-22 21:24:59.325002+00,2025-09-22 21:41:31.661965+00,true
c0e63382-61d5-465f-92b8-f48212ee589c,0f92d7f9-708f-4265-b7a0-321dcc57bc4e,f47f4579-1502-4ca3-8997-2b8826c49806,2.0,2025-09-06 20:27:16.20041+00,2025-09-06 20:27:16.20041+00,false
c10a2f1c-8b34-4e8f-b4d2-7717c5f8856f,6329deff-9bdb-4163-b582-aeb3a4e7e64b,58fd01fe-b878-41d9-8135-a7f44dbab4d4,7.5,2025-09-02 13:45:06.566227+00,2025-09-02 13:51:11.875208+00,true
c2bf6681-d9c8-4d20-9cbe-e81b23c0348c,95ef5e89-a5a7-43ba-824a-8bdb887f768a,0dd6a46d-90a0-4fca-96bc-5de7241f3c6c,7.0,2026-01-27 23:10:23.961274+00,2026-02-07 22:11:43.294436+00,true
c2e61247-f557-485e-a994-450b357dd0c1,27dc54c2-1b46-4fcd-b234-ab2e3a24a51e,58fd01fe-b878-41d9-8135-a7f44dbab4d4,,2025-08-31 21:24:37.904571+00,2025-08-31 21:24:37.904571+00,false
c425c338-6f9f-494c-829d-25946b359ba1,25a8a934-47b0-4cb5-b247-92d7704a9abd,1f9f677c-1f5d-4784-828a-970801312639,3.0,2025-10-11 21:35:07.949921+00,2026-01-24 22:09:43.201688+00,true
c47dc2f2-4dc3-4e4d-a319-7bbf49ad1981,d82c7776-b3a5-4a0c-bd9d-77b5048bba06,b00f5b54-aabe-4272-a5a3-9f75bbf698e9,8.5,2025-08-31 14:37:18.458336+00,2025-08-31 14:37:18.458336+00,true
c4805c92-58fa-402d-8a9f-e2f356df1a6c,46644c66-67fa-417e-8ce2-cfa625567ac3,0dd6a46d-90a0-4fca-96bc-5de7241f3c6c,9.0,2026-08-11 22:17:36.812101+00,2026-08-11 22:42:59.610745+00,true
c4a5c1e9-8d2d-45af-91cf-aeb813f2873d,0bee2ea3-748e-4792-be47-a333dc78426a,e2422f0b-540b-4f35-9ddb-8f4610471bf6,9.0,2026-06-20 22:59:15.6711+00,2026-06-23 05:54:21.857133+00,true
c5198374-1f51-4c75-b6a5-94e08a0e7cde,f1d992f7-922a-4303-96e9-816266abe570,58fd01fe-b878-41d9-8135-a7f44dbab4d4,8.0,2026-07-18 22:02:47.783062+00,2026-07-18 22:15:40.05966+00,true
c5325195-00fc-447d-b179-eaca100c0cf4,f1d992f7-922a-4303-96e9-816266abe570,410277eb-539b-460c-aff9-24a4a1521dec,9.0,2026-07-18 22:02:54.441156+00,2026-07-19 21:47:41.261469+00,true
c5ccadb0-64e2-4a1b-9a20-a425da8c870f,cb9e2d1f-e7b5-4dd6-87f4-e3b732aef99b,29ea2657-3e45-4d28-9abe-6db1d6cdd41b,2.5,2025-09-01 19:14:36.458995+00,2025-09-01 19:14:36.458995+00,false
c5eb197d-3ae5-4d1a-95ce-7b01dd52fb97,a7d28f7a-05a8-47b3-8e34-55937064ab42,c7f64752-3e0b-4b9c-b96a-ead26aa0258e,9.5,2026-02-09 12:13:25.693893+00,2026-02-14 15:08:48.24805+00,true
c63add91-5b0f-4ea4-909e-41f38e2cc546,48169d8a-e711-4ae4-84da-a9c20f346742,bf6f8662-b890-496c-bbd7-6f213b86ca91,,2025-08-31 13:46:11.814969+00,2025-08-31 13:46:11.814969+00,false
c64588e8-56d2-44f3-abaa-e4e9ca114367,48169d8a-e711-4ae4-84da-a9c20f346742,b00f5b54-aabe-4272-a5a3-9f75bbf698e9,8.0,2025-08-29 22:35:09.258432+00,2025-08-29 22:35:09.258432+00,true
c704ee30-8509-4214-a131-c2799d71529b,c9ec810b-3638-4871-a7a1-ccf572a54d74,58fd01fe-b878-41d9-8135-a7f44dbab4d4,4.5,2026-05-21 17:31:29.202368+00,2026-05-22 21:34:08.80291+00,true
c7367848-ecbf-4fe4-a6de-24e4520e083e,58d6b989-5a2e-4c8f-885d-bb3ccb0b52b6,29ea2657-3e45-4d28-9abe-6db1d6cdd41b,7.5,2025-12-20 23:53:15.851548+00,2025-12-22 09:53:50.86764+00,true
c7427592-681c-464c-b021-4e2f18eec9dd,a12d4a3f-b07d-4af5-9707-8ac9c9b599e2,0212b5e3-2b19-44a0-a39f-5c0202307872,,2026-08-04 20:54:25.528498+00,2026-08-04 20:54:25.528498+00,true
c7509ed5-c51a-4111-8051-bf95dcee07c0,6f17c897-4720-41ba-90e0-16e0cdd192a5,29ea2657-3e45-4d28-9abe-6db1d6cdd41b,10.0,2026-02-07 22:11:20.422207+00,2026-02-07 22:11:23.485991+00,true
c82ff1f1-2121-450c-954d-432f0542b9eb,15afe751-a56a-4300-840b-be67d97fb364,e2422f0b-540b-4f35-9ddb-8f4610471bf6,8.0,2026-03-07 22:53:19.711093+00,2026-03-07 23:04:26.17209+00,true
c8d31101-1560-44c8-a423-7be63b616a60,43fed25d-f623-4c2d-8c56-35ec5724f2b8,4c11d5fc-32e7-4202-8b96-bc911288d4d6,8.0,2025-09-01 08:06:47.118792+00,2025-09-02 14:38:31.789559+00,false
c9a1cf73-0c10-4f8f-ae21-aa9c50416813,d82c7776-b3a5-4a0c-bd9d-77b5048bba06,a2726890-883c-4164-b951-a0619f43d620,,2025-08-31 14:37:39.943758+00,2025-08-31 14:37:39.943758+00,false
ca073829-36c9-459c-9fc7-f40d95e67c66,95ef5e89-a5a7-43ba-824a-8bdb887f768a,b00f5b54-aabe-4272-a5a3-9f75bbf698e9,5.0,2026-01-27 23:10:23.221069+00,2026-01-27 23:10:41.088202+00,true
ca6e8b29-3897-494e-bdeb-4be23ef015a4,a7d28f7a-05a8-47b3-8e34-55937064ab42,4c4fcd34-a462-4c60-aa86-fa9731ea7212,8.0,2026-02-28 22:31:02.822322+00,2026-02-28 22:31:05.827598+00,false
cab456c7-eff3-4fb4-8ea8-177d606a0fe3,a7d28f7a-05a8-47b3-8e34-55937064ab42,0dd6a46d-90a0-4fca-96bc-5de7241f3c6c,8.5,2026-02-08 22:40:16.218965+00,2026-02-08 22:40:18.022527+00,true
cb9e7a64-c273-49df-8d7f-e4eb7873a310,1d627fdc-13af-4f2a-8b07-b57d75463a6d,c7f64752-3e0b-4b9c-b96a-ead26aa0258e,4.0,2025-11-24 19:47:36.372393+00,2026-03-14 21:27:15.742509+00,true
cbbb379b-3b17-47d2-b587-c339af5d7b11,25a8a934-47b0-4cb5-b247-92d7704a9abd,58fd01fe-b878-41d9-8135-a7f44dbab4d4,8.0,2025-10-11 21:35:00.370781+00,2025-10-19 20:38:48.853163+00,true
cc7d95a6-ca52-4b31-b01b-6bbad7699a12,1c10be03-ac92-434f-b43b-7c987b06575f,58fd01fe-b878-41d9-8135-a7f44dbab4d4,7.0,2025-09-02 13:45:29.876021+00,2025-09-02 13:51:54.092106+00,true
cd0b9c8a-efdd-4128-9fd0-cda65433de42,f05f738e-77d0-45f6-a558-69449e81b138,58fd01fe-b878-41d9-8135-a7f44dbab4d4,7.5,2026-07-19 21:47:10.418044+00,2026-07-19 21:48:00.546789+00,true
cda0a5dd-4cca-47c5-a032-0226ba9691af,f4f82bed-44b7-4df3-a041-263867a03106,410277eb-539b-460c-aff9-24a4a1521dec,8.5,2025-09-15 21:43:08.03853+00,2025-09-22 21:38:34.547647+00,true
ce14ca0f-877f-40ec-8f60-eea68e860c1d,679b6e0b-21fb-475b-b071-96c5b3268dec,a2726890-883c-4164-b951-a0619f43d620,10.0,2025-09-02 13:45:43.260823+00,2025-09-02 13:52:44.737735+00,true
ce476ada-7d69-46e1-a59f-08a768ef699f,206da1c5-84bb-4658-9d30-627b7b12f3c1,58fd01fe-b878-41d9-8135-a7f44dbab4d4,7.5,2026-03-27 22:56:45.517656+00,2026-03-27 23:02:25.47065+00,true
ce5d4183-abe2-4b80-a3b5-63d523f05a67,a12d4a3f-b07d-4af5-9707-8ac9c9b599e2,b00f5b54-aabe-4272-a5a3-9f75bbf698e9,7.0,2026-08-04 20:54:18.941799+00,2026-08-04 20:55:06.520735+00,true
cec0dece-6e91-4e90-afec-b25afe7a49b7,c14a6fdf-097f-4d6b-8c43-d1f83cfb0f38,a2726890-883c-4164-b951-a0619f43d620,8.5,2026-02-13 23:35:59.692994+00,2026-03-07 20:02:24.627707+00,true
ceda972f-aac4-41ca-ab60-79659a3995ef,a46a951d-738e-4045-9c41-7ee6258fb194,0212b5e3-2b19-44a0-a39f-5c0202307872,8.0,2026-01-31 23:17:19.508274+00,2026-02-07 22:11:57.788719+00,true
cf537f53-11e5-4f6c-8f07-8ac2f2ebceb6,835a310d-cc69-40aa-a766-87432e1023c6,e2422f0b-540b-4f35-9ddb-8f4610471bf6,3.0,2025-09-05 23:05:00.274388+00,2025-09-26 22:20:24.367956+00,true
cfae898c-6886-47a3-a253-70e81096653a,d82c7776-b3a5-4a0c-bd9d-77b5048bba06,4c4fcd34-a462-4c60-aa86-fa9731ea7212,6.0,2025-08-31 14:37:37.61017+00,2026-01-17 23:14:24.831901+00,false
cfec4e3e-6642-4a28-b32e-cfe38f607c36,48169d8a-e711-4ae4-84da-a9c20f346742,a2726890-883c-4164-b951-a0619f43d620,,2025-08-31 13:46:09.816235+00,2025-08-31 13:46:09.816235+00,false
d03aa0b4-a66f-4fe0-a111-78e5a95fccb5,0fb4a41f-dae4-41cf-9437-40f81a5b2860,5d2a8362-b232-4766-acfa-019ebd70b958,4.5,2026-01-09 22:45:45.129107+00,2026-01-09 22:53:21.731058+00,true
d059c579-ac44-43b8-8d7b-a0d9052b1691,46644c66-67fa-417e-8ce2-cfa625567ac3,e2422f0b-540b-4f35-9ddb-8f4610471bf6,9.5,2026-08-11 22:17:38.265495+00,2026-08-11 22:37:03.033947+00,true
d0b28278-aa36-45d6-aef9-88b7c53572fd,a38bd0d9-e896-43e6-a068-1e0aec5c014d,a2726890-883c-4164-b951-a0619f43d620,9.0,2025-10-06 21:46:07.892711+00,2025-10-11 19:30:32.296772+00,true
d1680125-7b45-4f6f-9612-318b5cebca09,047fe5e1-f2c8-4775-9b94-c7110dba81e6,29ea2657-3e45-4d28-9abe-6db1d6cdd41b,9.0,2026-03-08 22:38:56.436034+00,2026-03-08 22:43:30.49265+00,true
d1e6fafc-aac3-42bf-8c23-bba70bdd9116,679b6e0b-21fb-475b-b071-96c5b3268dec,0212b5e3-2b19-44a0-a39f-5c0202307872,9.5,2025-09-02 13:45:45.239134+00,2025-09-02 13:52:52.165155+00,true
d2dacb5e-173d-44a5-b01f-2647fb0be4d0,68acdb3b-5ff3-4c51-9528-72a708b078ef,4de727b2-3853-4fcc-9ad2-2b80d3f02e1c,7.0,2025-09-05 23:13:38.839628+00,2025-09-05 23:13:38.839628+00,false
d2ed3d0c-0f74-43a6-a3af-99df55da5165,6f17c897-4720-41ba-90e0-16e0cdd192a5,5d2a8362-b232-4766-acfa-019ebd70b958,,2026-02-07 22:13:19.420151+00,2026-02-07 22:13:19.420151+00,true
d3a9b91b-b91a-4d57-b47b-e9c394d88ab4,a46a951d-738e-4045-9c41-7ee6258fb194,a2726890-883c-4164-b951-a0619f43d620,9.0,2026-01-31 23:17:16.265561+00,2026-03-07 20:02:36.17902+00,true
d455f6c5-d4b5-49c4-a812-b7c090fe4188,72239a2a-cd06-44a3-9e51-951f8bac9bb3,4de727b2-3853-4fcc-9ad2-2b80d3f02e1c,7.5,2026-03-14 21:33:37.106714+00,2026-03-14 21:33:37.106714+00,false
d590a77d-36fb-4549-8622-5736c7925257,eaf0004f-7022-4262-a6b1-b6dc0122724c,29ea2657-3e45-4d28-9abe-6db1d6cdd41b,8.5,2025-09-01 19:12:36.290658+00,2025-09-01 19:12:47.647586+00,true
d5fb48af-1c3c-4578-80c0-95d844187217,90a88789-e1fb-4fe6-808c-627da1ceb0c2,0dd6a46d-90a0-4fca-96bc-5de7241f3c6c,7.5,2026-02-28 22:27:59.675605+00,2026-03-06 22:55:50.940057+00,true
d691e13c-f2e8-47df-bc6a-53f40d2ff022,cb9e2d1f-e7b5-4dd6-87f4-e3b732aef99b,c7f64752-3e0b-4b9c-b96a-ead26aa0258e,2.0,2025-09-02 13:43:50.587348+00,2026-03-14 21:26:09.52003+00,true
d6f46feb-bd57-4155-915d-18388fa54b2d,e3aeabc5-fc62-4670-8af0-b5a5b75457a4,a2726890-883c-4164-b951-a0619f43d620,10.0,2025-09-26 22:17:17.986103+00,2025-10-01 14:01:54.390099+00,true
d77133dc-250c-4d04-9fd2-708315cc70eb,51ccff25-bb4c-4c84-b34f-f1897e184e18,410277eb-539b-460c-aff9-24a4a1521dec,7.5,2025-09-27 21:32:03.97871+00,2025-09-27 21:43:46.451894+00,true
d78d9a5e-d156-4282-84f5-ae6af983737b,4b04cec3-e66d-41e7-86bb-d12ed09e914d,b00f5b54-aabe-4272-a5a3-9f75bbf698e9,8.5,2025-09-28 21:17:31.177454+00,2025-09-28 21:18:07.15484+00,true
d79f8689-ce5a-4697-b7cd-e438f48d2a92,a12d4a3f-b07d-4af5-9707-8ac9c9b599e2,5d2a8362-b232-4766-acfa-019ebd70b958,,2026-08-04 20:54:27.859712+00,2026-08-04 20:54:27.859712+00,true
d7bae499-fb5b-41d7-a6cc-d0f2e55c82d7,a12d4a3f-b07d-4af5-9707-8ac9c9b599e2,a2726890-883c-4164-b951-a0619f43d620,,2026-08-04 20:54:23.09501+00,2026-08-04 20:54:23.09501+00,true
d81d880b-4be4-4d67-8f87-bcde24174c8e,a46a951d-738e-4045-9c41-7ee6258fb194,410277eb-539b-460c-aff9-24a4a1521dec,8.0,2026-01-31 23:17:03.447065+00,2026-01-31 23:17:06.987192+00,true
d81e6336-0274-42bd-96a7-d2c67e849359,9b575d9d-8764-44fa-b140-57e2b3c497fa,e2422f0b-540b-4f35-9ddb-8f4610471bf6,7.5,2025-09-02 13:44:02.62089+00,2025-09-02 13:48:51.087568+00,true
d882e318-0583-451f-a438-b9ad397439e8,f1d992f7-922a-4303-96e9-816266abe570,1f9f677c-1f5d-4784-828a-970801312639,8.0,2026-07-18 22:03:13.618694+00,2026-07-18 22:21:19.372482+00,true
d8839a5d-2dc6-4422-bbe3-bded917604f6,6f17c897-4720-41ba-90e0-16e0cdd192a5,0dd6a46d-90a0-4fca-96bc-5de7241f3c6c,10.0,2026-02-07 22:11:29.319055+00,2026-02-07 22:11:31.051313+00,true
d8c02068-90e1-4f24-8daa-e9e0e7c642dc,27dc54c2-1b46-4fcd-b234-ab2e3a24a51e,0dd6a46d-90a0-4fca-96bc-5de7241f3c6c,9.5,2025-09-02 16:05:51.387533+00,2025-09-03 21:29:44.573866+00,true
d8d0ab48-2956-45d4-93ff-ce0a45993217,27dc54c2-1b46-4fcd-b234-ab2e3a24a51e,4c4fcd34-a462-4c60-aa86-fa9731ea7212,9.0,2025-08-31 21:24:43.84433+00,2026-02-07 22:17:36.513906+00,false
d982d1f8-8ee9-4a6e-9908-7e7803aafdc2,68acdb3b-5ff3-4c51-9528-72a708b078ef,0dd6a46d-90a0-4fca-96bc-5de7241f3c6c,7.5,2025-09-02 13:54:23.657534+00,2025-09-02 14:15:34.181473+00,true
d9a8a470-251c-4ff6-a2da-d8b3aede1640,6df1e84c-8744-4b26-a816-12efeb265858,58fd01fe-b878-41d9-8135-a7f44dbab4d4,4.5,2025-09-02 13:44:43.541915+00,2025-09-02 13:50:14.069648+00,true
d9b29207-858c-4331-9441-8e3e1c563de5,6df1e84c-8744-4b26-a816-12efeb265858,4c11d5fc-32e7-4202-8b96-bc911288d4d6,,2025-09-01 08:06:29.09451+00,2025-09-01 08:06:29.09451+00,false
d9d662fb-5470-4f78-8999-681497507ded,6df1e84c-8744-4b26-a816-12efeb265858,e2422f0b-540b-4f35-9ddb-8f4610471bf6,4.5,2025-09-02 13:44:41.732164+00,2025-09-02 13:50:11.577173+00,true
da287712-d8b6-469f-ba3e-6b92da1212ff,1d627fdc-13af-4f2a-8b07-b57d75463a6d,410277eb-539b-460c-aff9-24a4a1521dec,6.0,2025-11-24 19:47:18.185962+00,2025-12-20 23:52:13.593255+00,true
da75595f-0c46-4abc-b1ba-f4e548756e44,1c10be03-ac92-434f-b43b-7c987b06575f,e2422f0b-540b-4f35-9ddb-8f4610471bf6,9.0,2025-09-02 13:45:29.25196+00,2025-09-02 13:51:43.306955+00,true
da7e8a49-633a-43d0-93f2-c4cf4c16553e,835a310d-cc69-40aa-a766-87432e1023c6,0212b5e3-2b19-44a0-a39f-5c0202307872,8.0,2025-09-05 23:05:05.698262+00,2025-09-05 23:14:02.91493+00,true
dadb1d58-630e-4081-9374-1346fa34f94e,3b74800b-c413-46d7-b083-b73b90c6bed0,0dd6a46d-90a0-4fca-96bc-5de7241f3c6c,6.5,2025-09-02 14:20:19.507701+00,2025-09-02 14:20:23.514562+00,true
db4072b6-61dc-4d3f-b895-02e7da5734fd,e99fa35b-992f-4074-a820-1f67a802afef,58fd01fe-b878-41d9-8135-a7f44dbab4d4,8.0,2025-09-23 21:59:05.472684+00,2025-09-24 18:59:17.693252+00,true
dd808dfb-66a9-4733-b69e-9093284d0a55,a8bfff48-c0f8-49e6-8479-23fc4881c4dd,0212b5e3-2b19-44a0-a39f-5c0202307872,3.5,2026-08-21 20:17:13.240088+00,2026-08-21 23:22:23.394059+00,true
de4867dc-7fed-4c04-9a35-ae4568d65341,1d627fdc-13af-4f2a-8b07-b57d75463a6d,4de727b2-3853-4fcc-9ad2-2b80d3f02e1c,7.0,2026-03-14 21:28:24.244695+00,2026-03-14 21:28:27.396358+00,false
dfbda304-95da-4743-b643-251d2a391c53,eaf0004f-7022-4262-a6b1-b6dc0122724c,0dd6a46d-90a0-4fca-96bc-5de7241f3c6c,9.0,2025-09-02 13:46:00.13371+00,2025-09-02 13:53:05.41524+00,true
e01e7e74-6365-48b0-a703-0503a01e3ed6,6df1e84c-8744-4b26-a816-12efeb265858,29ea2657-3e45-4d28-9abe-6db1d6cdd41b,5.5,2025-09-01 08:01:16.556452+00,2025-09-01 08:01:16.556452+00,true
e057aaff-6ef3-4252-9e0e-70547ef0d9d7,c89b80d8-854b-407b-b6bb-c067969f3096,9c974d76-199c-4c05-bd80-2a0681451fe1,0.5,2025-09-01 18:56:22.027587+00,2025-09-01 18:57:37.217883+00,true
e0d0b3d1-89e5-42ff-b2a9-b94c31624c12,a8bfff48-c0f8-49e6-8479-23fc4881c4dd,0dd6a46d-90a0-4fca-96bc-5de7241f3c6c,,2026-08-21 20:17:17.775213+00,2026-08-21 20:17:17.775213+00,true
e0ead3e1-74d7-42e7-85f8-6d1edc5e4d92,f1d992f7-922a-4303-96e9-816266abe570,b00f5b54-aabe-4272-a5a3-9f75bbf698e9,7.5,2026-07-18 22:02:56.010873+00,2026-07-18 22:13:54.76443+00,true
e13e0041-91db-4762-a320-7330f42069da,5f525d24-b2f9-4677-99eb-0d73fd24b5b9,9c974d76-199c-4c05-bd80-2a0681451fe1,3.0,2025-08-26 20:12:40.11814+00,2025-08-27 22:54:37.031423+00,false
e1a072d8-a1bd-4cfb-b1e1-68ffe3f241c2,2656ebd5-856f-4eee-9ca5-7d8bc0e0e434,0dd6a46d-90a0-4fca-96bc-5de7241f3c6c,10.0,2026-01-17 23:11:21.123987+00,2026-01-17 23:19:55.604621+00,true
e1ba24b9-1c0c-49f0-8f54-b5506b07b03e,51ccff25-bb4c-4c84-b34f-f1897e184e18,0dd6a46d-90a0-4fca-96bc-5de7241f3c6c,7.5,2025-09-27 21:32:05.440307+00,2025-09-28 21:19:43.242692+00,true
e1f57314-5c46-47f3-aa54-2fc04af14066,6152eb83-8070-4b50-86e3-685b6db518c3,4de727b2-3853-4fcc-9ad2-2b80d3f02e1c,8.0,2026-05-08 21:54:32.342908+00,2026-05-08 21:56:22.152294+00,true
e3aa3acf-3e21-46af-a7c4-cba8ffca72dc,51ccff25-bb4c-4c84-b34f-f1897e184e18,b00f5b54-aabe-4272-a5a3-9f75bbf698e9,7.5,2025-09-27 21:32:04.577953+00,2025-09-27 21:32:20.664369+00,true
e3ba8409-549f-4956-86c4-3521031832c6,8b325d44-8203-49f3-b232-4460c960ff23,0dd6a46d-90a0-4fca-96bc-5de7241f3c6c,8.5,2026-06-04 21:26:56.414201+00,2026-07-19 21:49:41.181584+00,true
e564d23e-62dc-4fbe-9939-c2a2ef554c52,a12d4a3f-b07d-4af5-9707-8ac9c9b599e2,410277eb-539b-460c-aff9-24a4a1521dec,7.5,2026-08-04 20:54:18.561834+00,2026-08-11 22:18:04.273934+00,true
e5751e03-eb72-4707-be79-864f9e7d657b,0bee2ea3-748e-4792-be47-a333dc78426a,1f9f677c-1f5d-4784-828a-970801312639,9.0,2026-06-20 22:59:21.535025+00,2026-06-20 22:59:43.854155+00,true
e5a14bd8-31bf-41ef-bc12-1bf3e32ccf80,27dc54c2-1b46-4fcd-b234-ab2e3a24a51e,29ea2657-3e45-4d28-9abe-6db1d6cdd41b,,2025-08-31 21:24:39.365402+00,2025-08-31 21:24:39.365402+00,false
e5c11994-9051-46b2-8869-5c30119d443a,047fe5e1-f2c8-4775-9b94-c7110dba81e6,58fd01fe-b878-41d9-8135-a7f44dbab4d4,8.5,2026-03-08 22:38:56.12407+00,2026-03-08 22:51:07.731869+00,true
e6632661-0770-4e8e-bcf7-d1c3e25e152d,6152eb83-8070-4b50-86e3-685b6db518c3,58fd01fe-b878-41d9-8135-a7f44dbab4d4,8.5,2026-05-08 21:54:25.909811+00,2026-05-08 21:58:49.218202+00,true
e6a03fc0-502f-44e8-b400-25e76c9db4c0,4f7f967a-2144-46a0-92ed-949a8f7feaf4,b00f5b54-aabe-4272-a5a3-9f75bbf698e9,7.5,2026-05-22 21:32:48.457896+00,2026-05-22 21:34:39.933046+00,true
e78c35a6-4f6d-46bb-8e4f-9137a2b29166,1b62031b-1418-447c-a679-ea3a57337936,c7f64752-3e0b-4b9c-b96a-ead26aa0258e,,2025-09-01 08:06:09.470401+00,2025-09-01 08:06:09.470401+00,false
e7de79c0-c46a-42a1-9e8c-75a3f90a8672,5314a005-7435-4da1-b211-9191278c9cdc,a2726890-883c-4164-b951-a0619f43d620,7.0,2026-03-14 21:31:10.722314+00,2026-03-14 21:31:25.12111+00,false
e9297821-b662-4588-bd49-0d7e85601105,6df1e84c-8744-4b26-a816-12efeb265858,b00f5b54-aabe-4272-a5a3-9f75bbf698e9,5.0,2025-09-02 13:09:39.43998+00,2025-09-02 13:09:43.061012+00,true
ea17aec3-d4df-44d4-910e-cc1545b8d363,15afe751-a56a-4300-840b-be67d97fb364,410277eb-539b-460c-aff9-24a4a1521dec,8.5,2026-03-07 22:53:15.395905+00,2026-03-07 22:53:50.456799+00,true
ea1c1909-47a7-4f45-8e37-fe2bee559c1a,6329deff-9bdb-4163-b582-aeb3a4e7e64b,0dd6a46d-90a0-4fca-96bc-5de7241f3c6c,8.0,2025-09-02 13:45:04.296263+00,2025-09-02 13:51:07.583441+00,true
eaacde5d-8f13-47fd-9a2c-4ef158a5bd5a,6329deff-9bdb-4163-b582-aeb3a4e7e64b,29ea2657-3e45-4d28-9abe-6db1d6cdd41b,8.0,2025-09-01 08:01:22.160488+00,2025-09-01 08:01:22.160488+00,true
eab5239c-0cb7-48bd-a22c-49983e6bf376,921f588c-7173-4ecb-8bc8-c37358d0ae99,410277eb-539b-460c-aff9-24a4a1521dec,9.0,2026-01-05 22:04:01.156081+00,2026-01-05 22:04:28.35332+00,true
eb8a1215-17cd-45e5-adcf-0f943402fc33,2caf82d9-a821-4f8b-b44d-5cde868723a6,b00f5b54-aabe-4272-a5a3-9f75bbf698e9,8.0,2026-03-09 23:19:07.215373+00,2026-03-09 23:19:09.73571+00,true
eb8e6474-24ca-42ff-8356-a5c74fbfb1e8,9b575d9d-8764-44fa-b140-57e2b3c497fa,29ea2657-3e45-4d28-9abe-6db1d6cdd41b,7.5,2025-09-01 08:00:10.905254+00,2025-09-01 08:00:10.905254+00,true
ec5ff834-7029-4b65-b56b-2d1cc1420e6a,6df1e84c-8744-4b26-a816-12efeb265858,0212b5e3-2b19-44a0-a39f-5c0202307872,6.5,2025-09-02 13:44:51.456633+00,2025-09-02 13:50:55.508477+00,true
ecaffbaf-8494-4cb3-baaa-5ac8f4f004e6,25a8a934-47b0-4cb5-b247-92d7704a9abd,b00f5b54-aabe-4272-a5a3-9f75bbf698e9,8.5,2025-10-11 21:34:57.316853+00,2025-10-11 21:35:13.381038+00,true
ee112bcc-0f67-447d-bde4-53bfb2f641ba,5314a005-7435-4da1-b211-9191278c9cdc,58fd01fe-b878-41d9-8135-a7f44dbab4d4,8.0,2025-09-03 21:12:39.323577+00,2025-09-03 21:26:34.877001+00,true
ee262c4d-7ea8-4454-a3e7-17179940314a,46644c66-67fa-417e-8ce2-cfa625567ac3,410277eb-539b-460c-aff9-24a4a1521dec,10.0,2026-08-11 22:17:35.050707+00,2026-08-11 22:17:54.994773+00,true
ee71cd45-e814-4d15-9962-84a52d9f5e1f,26b510d8-92da-41c6-bb95-2399d79f17c6,b00f5b54-aabe-4272-a5a3-9f75bbf698e9,9.0,2026-03-23 23:22:20.177553+00,2026-03-23 23:22:23.381744+00,true
ee7d91ae-7653-479b-91c0-5ed908b8e3f1,d82c7776-b3a5-4a0c-bd9d-77b5048bba06,0dd6a46d-90a0-4fca-96bc-5de7241f3c6c,9.0,2025-08-31 14:37:07.421864+00,2025-08-31 14:37:07.421864+00,true
eeedcf22-c2e8-4687-8a85-c6e713b20707,38181315-8a50-4db0-a01c-1cdb1076b1a1,4a129334-f055-43ce-849d-5edeb7b82b1f,,2025-09-06 16:00:06.131803+00,2025-09-06 16:00:06.131803+00,true
eeee5a23-0328-44e8-9607-ec349d1a6dac,e3aeabc5-fc62-4670-8af0-b5a5b75457a4,e2422f0b-540b-4f35-9ddb-8f4610471bf6,10.0,2025-09-26 22:17:15.16057+00,2025-09-26 22:19:03.104641+00,true
efd2b5c8-4ede-49b0-a889-2d3e4f671a54,a46a951d-738e-4045-9c41-7ee6258fb194,4c4fcd34-a462-4c60-aa86-fa9731ea7212,8.0,2026-01-31 23:17:19.915946+00,2026-02-07 22:15:07.144268+00,true
f071dada-67c0-42ab-a838-3f686aa4123f,2656ebd5-856f-4eee-9ca5-7d8bc0e0e434,1f9f677c-1f5d-4784-828a-970801312639,4.0,2026-01-17 23:11:34.809028+00,2026-01-17 23:11:49.988831+00,true
f0914f03-ffaa-4e59-a477-5a12378388b2,25a8a934-47b0-4cb5-b247-92d7704a9abd,4c11d5fc-32e7-4202-8b96-bc911288d4d6,7.5,2025-10-21 08:48:02.538262+00,2025-10-21 08:48:02.538262+00,false
f19aecb4-4192-48db-8015-75f7a5e7eb40,d63b4e93-228a-4b33-ba23-2960410e3184,b00f5b54-aabe-4272-a5a3-9f75bbf698e9,8.0,2026-06-30 22:32:42.433312+00,2026-06-30 22:32:54.579784+00,true
f1ad0324-f787-47c9-adc6-9e679ed51579,d82c7776-b3a5-4a0c-bd9d-77b5048bba06,29ea2657-3e45-4d28-9abe-6db1d6cdd41b,9.0,2025-08-31 14:37:34.138996+00,2025-08-31 14:37:34.138996+00,true
f24459e5-c620-491b-ac98-610d5e83201a,4f7f967a-2144-46a0-92ed-949a8f7feaf4,1f9f677c-1f5d-4784-828a-970801312639,7.0,2026-05-22 21:32:53.494453+00,2026-05-22 21:34:40.026369+00,true
f2cb1d2e-db6e-4ce4-999c-f5b596041ce2,c9ec810b-3638-4871-a7a1-ccf572a54d74,b00f5b54-aabe-4272-a5a3-9f75bbf698e9,4.0,2026-05-21 17:31:27.031789+00,2026-05-21 20:20:29.976759+00,true
f300048c-a8ba-40a8-941e-616cdcd5cd70,4f7f967a-2144-46a0-92ed-949a8f7feaf4,4de727b2-3853-4fcc-9ad2-2b80d3f02e1c,,2026-05-22 21:33:00.317265+00,2026-05-22 21:55:51.098826+00,false
f33e8552-37ab-4ab7-86ad-6ce3242a5666,679b6e0b-21fb-475b-b071-96c5b3268dec,b00f5b54-aabe-4272-a5a3-9f75bbf698e9,7.5,2025-08-31 15:10:48.550286+00,2025-08-31 15:10:48.550286+00,true
f421b708-ca97-40f7-a618-dcfcaf88977b,206da1c5-84bb-4658-9d30-627b7b12f3c1,b00f5b54-aabe-4272-a5a3-9f75bbf698e9,9.5,2026-03-27 22:56:38.567049+00,2026-03-27 23:04:36.243464+00,true
f4c4d4e1-6eb0-44f6-b924-ffc3a370c1d5,c14a6fdf-097f-4d6b-8c43-d1f83cfb0f38,58fd01fe-b878-41d9-8135-a7f44dbab4d4,8.0,2026-02-13 23:35:57.619107+00,2026-02-15 22:58:37.91424+00,true
f4cc4ed5-476f-4a36-b875-89bd1d952d72,047fe5e1-f2c8-4775-9b94-c7110dba81e6,1f9f677c-1f5d-4784-828a-970801312639,9.5,2026-03-08 22:39:00.388577+00,2026-03-08 22:53:30.062681+00,true
f5095f80-d558-4f50-91d3-e77b0a2dc1cd,43fed25d-f623-4c2d-8c56-35ec5724f2b8,0212b5e3-2b19-44a0-a39f-5c0202307872,6.0,2025-09-02 13:44:23.509883+00,2025-09-02 13:49:48.368462+00,true
f56e3992-66e6-4d66-9cb8-d0588816b414,27dc54c2-1b46-4fcd-b234-ab2e3a24a51e,a2726890-883c-4164-b951-a0619f43d620,,2025-08-31 21:24:39.745984+00,2025-08-31 21:24:39.745984+00,false
f59f6d73-2f2f-441b-86a0-0fb81cc67d13,27dab5be-09a9-4948-95ea-b486740ade1c,f47f4579-1502-4ca3-8997-2b8826c49806,10.0,2025-08-26 16:55:01.64961+00,2025-08-26 17:21:19.573392+00,
f6380ab0-221f-41c7-8c2d-2940e277a7e2,835a310d-cc69-40aa-a766-87432e1023c6,0dd6a46d-90a0-4fca-96bc-5de7241f3c6c,3.0,2025-09-05 23:04:59.236932+00,2025-09-23 22:15:01.157716+00,true
f73c8dd5-1b21-4d49-95e5-36aa066b8668,e13b249c-c02a-4e79-afdc-4b1f6983eb02,5d2a8362-b232-4766-acfa-019ebd70b958,,2025-09-14 21:08:37.13638+00,2025-09-14 21:08:37.13638+00,true
f79d7e6f-6524-402c-89ff-8247ce5a6dbe,58d6b989-5a2e-4c8f-885d-bb3ccb0b52b6,58fd01fe-b878-41d9-8135-a7f44dbab4d4,8.0,2025-12-20 23:53:14.625414+00,2025-12-29 22:49:01.607756+00,true
f7fe75a9-78b7-40bd-81bf-2cf4064ef169,8b325d44-8203-49f3-b232-4460c960ff23,b00f5b54-aabe-4272-a5a3-9f75bbf698e9,8.0,2026-06-04 21:26:55.110894+00,2026-06-04 21:59:00.874684+00,true
f8862c5c-36f3-427e-9994-64be8fa0935d,58d6b989-5a2e-4c8f-885d-bb3ccb0b52b6,e2422f0b-540b-4f35-9ddb-8f4610471bf6,7.0,2025-12-20 23:53:13.589866+00,2025-12-30 23:29:47.36873+00,true
f8db87f1-94f0-4405-b250-249dd11de849,9b575d9d-8764-44fa-b140-57e2b3c497fa,0212b5e3-2b19-44a0-a39f-5c0202307872,8.0,2025-09-02 13:44:08.861189+00,2025-09-02 13:48:55.954027+00,true
f9eda500-9235-454a-ab2b-36fb0e5703e4,5bf6122b-e26a-4ea7-b444-d756af6c6f0e,0dd6a46d-90a0-4fca-96bc-5de7241f3c6c,8.0,2026-07-16 22:46:51.593426+00,2026-07-19 21:48:34.275864+00,true
fb65555d-3ef9-48e4-8669-1ddd2e776d9b,1c10be03-ac92-434f-b43b-7c987b06575f,0212b5e3-2b19-44a0-a39f-5c0202307872,9.0,2025-09-02 13:45:33.720307+00,2025-09-02 13:52:09.862481+00,true
fc198671-ee23-49e4-a7c5-745dda6d3ece,af1b1447-27cd-410f-9993-d0c4582b52ea,0212b5e3-2b19-44a0-a39f-5c0202307872,9.5,2026-04-11 22:05:37.67549+00,2026-04-11 22:11:20.123888+00,true
fc512eae-6138-4b70-9b10-15680a2c0fda,1d627fdc-13af-4f2a-8b07-b57d75463a6d,4c11d5fc-32e7-4202-8b96-bc911288d4d6,5.0,2025-11-24 19:47:29.742857+00,2025-12-21 00:25:47.935846+00,true
fccfa51d-d02b-4c2a-8953-f8cc841390fb,93955070-a6f3-4e7d-aeea-a730c82cafe4,4c4fcd34-a462-4c60-aa86-fa9731ea7212,9.0,2026-02-07 22:15:36.556273+00,2026-02-07 22:15:43.147936+00,false
fcd544a4-afae-4135-8315-fa01e03680a7,9b575d9d-8764-44fa-b140-57e2b3c497fa,0dd6a46d-90a0-4fca-96bc-5de7241f3c6c,8.5,2025-09-02 13:44:01.825078+00,2025-09-02 13:48:35.264915+00,true
fd582542-ab67-40a7-852d-47761380aa7c,679b6e0b-21fb-475b-b071-96c5b3268dec,58fd01fe-b878-41d9-8135-a7f44dbab4d4,8.0,2025-08-31 14:59:20.518607+00,2025-09-02 13:52:36.63504+00,true
fd74a347-7de7-41e6-b8de-14f4dad24b64,51ccff25-bb4c-4c84-b34f-f1897e184e18,a2726890-883c-4164-b951-a0619f43d620,7.0,2025-09-27 21:32:09.895646+00,2025-10-01 13:58:17.774596+00,true
fdae4a65-f285-4fcf-8907-17e4b27d70b0,9b575d9d-8764-44fa-b140-57e2b3c497fa,4c4fcd34-a462-4c60-aa86-fa9731ea7212,9.0,2025-09-02 13:44:10.094196+00,2025-09-02 13:49:14.035582+00,true
fe235195-9b91-460b-9a4f-2c6e9ef63417,e0342b90-a3e5-4f6d-8c42-3ccd59778d3a,410277eb-539b-460c-aff9-24a4a1521dec,6.5,2025-09-22 21:24:53.788293+00,2025-09-22 21:38:42.228189+00,true
fe30a73b-9968-49fc-80e3-6d2db70755dc,25a8a934-47b0-4cb5-b247-92d7704a9abd,bf6f8662-b890-496c-bbd7-6f213b86ca91,7.5,2025-10-19 20:39:37.181039+00,2025-10-19 20:39:37.181039+00,false
fea14cc1-3143-4595-adfc-ae0cf3907622,5419992a-3ac6-4d10-8800-ae8ff6bdae11,a2726890-883c-4164-b951-a0619f43d620,9.0,2025-08-31 13:45:39.012905+00,2026-03-14 21:31:52.510597+00,false
fed6e73a-8175-4d10-b02e-41caf6769699,90a88789-e1fb-4fe6-808c-627da1ceb0c2,0212b5e3-2b19-44a0-a39f-5c0202307872,6.5,2026-02-28 22:28:05.010546+00,2026-03-14 21:27:45.127816+00,true
fef1f2da-ce03-40fe-8dab-0722cefb74d1,8b325d44-8203-49f3-b232-4460c960ff23,410277eb-539b-460c-aff9-24a4a1521dec,9.0,2026-06-04 21:26:54.899605+00,2026-06-20 22:58:39.306291+00,true
ff2e38af-583b-4cda-b592-f2ab59047db0,6df1e84c-8744-4b26-a816-12efeb265858,a2726890-883c-4164-b951-a0619f43d620,,2025-09-02 13:44:49.081538+00,2025-09-02 16:03:54.762316+00,false
ff614254-23ee-4ad1-a2a4-2d664ac1b28e,5f525d24-b2f9-4677-99eb-0d73fd24b5b9,f47f4579-1502-4ca3-8997-2b8826c49806,9.0,2025-08-26 20:12:41.944577+00,2025-08-26 20:12:41.944577+00,