id,proposal_id,person_id,created_at,updated_at,rating,watched_movie_id
00473ecf-7601-4eeb-b3a8-8dbe0c554f70,,bf6f8662-b890-496c-bbd7-6f213b86ca91,2025-08-26 20:41:20.173611+00,2026-01-31 23:16:54.769127+00,1.0,a46a951d-738e-4045-9c41-7ee6258fb194
006e2bab-c14b-489e-8478-dd2c6bc8e1c1,,29ea2657-3e45-4d28-9abe-6db1d6cdd41b,2026-01-09 19:20:54.099734+00,2026-01-24 22:07:28.208852+00,4.0,93955070-a6f3-4e7d-aeea-a730c82cafe4
00a966d3-f1b7-4f02-b579-284459d3a15a,,a2726890-883c-4164-b951-a0619f43d620,2025-09-05 23:16:51.984394+00,2025-09-26 23:14:58.847295+00,5.0,e3aeabc5-fc62-4670-8af0-b5a5b75457a4
00d3f79e-1eeb-4b06-9d49-ceb5aae13fcf,,e2422f0b-540b-4f35-9ddb-8f4610471bf6,2026-02-20 21:52:46.779131+00,2026-02-20 23:18:53.642131+00,1.0,72239a2a-cd06-44a3-9e51-951f8bac9bb3
00d5e94e-75dd-4923-a821-f3530ea9dae4,,bf6f8662-b890-496c-bbd7-6f213b86ca91,2025-08-26 20:39:10.237931+00,2025-10-11 21:34:51.643858+00,4.0,25a8a934-47b0-4cb5-b247-92d7704a9abd
00de6117-0136-43c5-898f-c9cea7a9bb89,,5d2a8362-b232-4766-acfa-019ebd70b958,2026-02-07 19:24:38.529164+00,2026-03-07 23:26:24.949038+00,1.0,
00e39f35-984d-4f38-9035-24f82935e7eb,5b0c4862-2d0c-48d3-a1eb-bc2c944cd5d9,c7f64752-3e0b-4b9c-b96a-ead26aa0258e,2026-01-24 19:42:17.308859+00,2026-01-24 19:42:17.308859+00,3.0,
011f6985-4018-4453-ac44-354ab7494b89,,410277eb-539b-460c-aff9-24a4a1521dec,2026-03-07 19:30:49.990653+00,2026-07-18 20:17:41.936568+00,5.0,
01261cdc-4646-43dd-b1df-7ea6093e06cd,,4a129334-f055-43ce-849d-5edeb7b82b1f,2026-02-19 09:32:18.161635+00,2026-02-19 09:45:36.221135+00,5.0,
017a0c78-e4f2-41b3-8229-d2bc86acce79,,29ea2657-3e45-4d28-9abe-6db1d6cdd41b,2026-03-07 16:17:31.402169+00,2026-05-13 20:19:35.216171+00,5.0,
018817ee-589f-4e46-bc5e-6760095bcf7e,09b58b51-7eae-456c-9f00-f26a22f7d64e,4de727b2-3853-4fcc-9ad2-2b80d3f02e1c,2026-03-13 20:29:54.614951+00,2026-03-13 20:29:54.614951+00,3.0,
019a263c-3606-47ac-8e7f-2f42590a4c47,,29ea2657-3e45-4d28-9abe-6db1d6cdd41b,2026-02-07 23:32:46.751224+00,2026-05-22 21:31:41.907457+00,5.0,4f7f967a-2144-46a0-92ed-949a8f7feaf4
01bb5d1b-147e-4722-81be-508970dec88e,,4c4fcd34-a462-4c60-aa86-fa9731ea7212,2026-01-31 20:35:57.90487+00,2026-03-07 23:26:21.689164+00,2.0,
01d706d1-da34-4c21-a6e6-8abfeea090d7,092bb9db-0cea-411c-8e1b-36d30ad01f65,b00f5b54-aabe-4272-a5a3-9f75bbf698e9,2026-07-24 08:23:42.512089+00,2026-07-24 08:23:42.512089+00,5.0,
01d9ad38-c513-4fb9-9ee6-97df0420922f,72200498-8bbf-4a8f-a5cf-b88204fc2537,a2726890-883c-4164-b951-a0619f43d620,2026-08-11 20:02:16.422735+00,2026-08-11 20:02:16.422735+00,4.0,
0200f809-653d-4c4a-b5ee-6b04ad1895d3,85c496ca-54e7-440b-b45c-8c617a4616d9,410277eb-539b-460c-aff9-24a4a1521dec,2026-06-12 20:39:15.885497+00,2026-06-12 20:39:15.885497+00,5.0,
02163524-833f-4eb3-8b30-60785111f8cc,,29ea2657-3e45-4d28-9abe-6db1d6cdd41b,2026-02-09 10:58:23.685062+00,2026-02-13 23:35:48.872264+00,5.0,c14a6fdf-097f-4d6b-8c43-d1f83cfb0f38
02876b0d-68fb-4a9c-a034-88c4de24f8ba,,29ea2657-3e45-4d28-9abe-6db1d6cdd41b,2025-12-20 18:42:05.197621+00,2025-12-30 15:29:39.441893+00,2.0,
02e45c0b-eab5-4995-aded-b20291a34ef4,,e2422f0b-540b-4f35-9ddb-8f4610471bf6,2026-02-07 22:31:45.957174+00,2026-03-28 23:06:46.125529+00,5.0,
031789cd-c2d4-4a96-aebf-efae28ba4444,63d5d20c-7a7c-44a9-b7b6-941da1b5bff9,f47f4579-1502-4ca3-8997-2b8826c49806,2025-09-27 17:17:29.335534+00,2025-10-07 12:34:36.030539+00,2.0,
0359759b-50c0-4756-a2cd-a7e4a4b71f0b,a25b0b1b-aa7e-4f83-9b8b-2766ef0f2c9a,c7f64752-3e0b-4b9c-b96a-ead26aa0258e,2026-01-31 21:19:07.427648+00,2026-01-31 21:19:07.427648+00,1.0,
036c7ec3-17ab-4b22-82ae-fc594e036860,5b0c4862-2d0c-48d3-a1eb-bc2c944cd5d9,29ea2657-3e45-4d28-9abe-6db1d6cdd41b,2026-01-09 19:17:04.598094+00,2026-01-09 19:17:04.598094+00,2.0,
0375b5c1-ffff-4c45-af63-e0b153a3786a,a02b57c1-e2db-4234-b512-db45fe242cd0,0212b5e3-2b19-44a0-a39f-5c0202307872,2026-08-21 20:09:25.804919+00,2026-08-21 20:09:25.804919+00,3.0,
03cb52d6-d0a4-4143-82bd-aae7b0366853,,58fd01fe-b878-41d9-8135-a7f44dbab4d4,2026-02-13 20:38:19.315058+00,2026-03-28 23:06:46.125529+00,3.0,
042f1aec-5462-4e64-85f8-fc0fb6ef1ea5,10563bd6-00dd-4945-87a1-17e2e6770954,410277eb-539b-460c-aff9-24a4a1521dec,2026-01-31 19:58:07.256642+00,2026-01-31 19:58:07.256642+00,5.0,
04529807-c879-4663-a255-a37813f99ef0,b9a5bae9-a4a9-4cb5-a0b2-215a83ada491,0dd6a46d-90a0-4fca-96bc-5de7241f3c6c,2026-08-21 20:16:00.302428+00,2026-08-21 20:16:00.302428+00,5.0,
04869679-2d6a-4736-b9ea-0e56a89f9dc0,,a2726890-883c-4164-b951-a0619f43d620,2026-01-23 20:23:30.135183+00,2026-05-22 21:31:41.907457+00,5.0,4f7f967a-2144-46a0-92ed-949a8f7feaf4
04b256ca-0dc5-4e62-b56f-fac7c6b427e9,d71848de-5785-4230-a44d-08f4aec4cb6b,58fd01fe-b878-41d9-8135-a7f44dbab4d4,2025-10-11 19:19:45.224386+00,2025-10-11 19:19:45.224386+00,4.0,
04c42f9f-0b60-449c-988a-fd13d27a3e10,,e2422f0b-540b-4f35-9ddb-8f4610471bf6,2026-02-07 12:44:55.90571+00,2026-02-20 13:52:51.390001+00,2.0,
04c77073-1a77-4125-9da4-48d9bee1e53b,796b2e6d-b8f5-4a62-9040-2094a5bf720c,0212b5e3-2b19-44a0-a39f-5c0202307872,2025-09-27 18:44:07.917382+00,2025-09-27 18:44:07.917382+00,4.0,
04e10e0b-8592-4d91-89f5-0fd6174d36e6,,58fd01fe-b878-41d9-8135-a7f44dbab4d4,2025-09-05 23:19:25.21793+00,2025-09-14 21:08:22.481968+00,2.0,e13b249c-c02a-4e79-afdc-4b1f6983eb02
04ed3b66-f6bd-444d-ac3c-df85306c94b4,85c496ca-54e7-440b-b45c-8c617a4616d9,4de727b2-3853-4fcc-9ad2-2b80d3f02e1c,2026-07-18 19:29:53.116502+00,2026-07-18 19:29:53.116502+00,4.0,
051e8f86-8b89-4139-b8dc-1e616f728978,092bb9db-0cea-411c-8e1b-36d30ad01f65,0dd6a46d-90a0-4fca-96bc-5de7241f3c6c,2026-08-11 19:54:34.758936+00,2026-08-11 19:54:34.758936+00,5.0,
051ecb3f-8bf1-41e0-9fd0-d90048660410,5b0c4862-2d0c-48d3-a1eb-bc2c944cd5d9,58fd01fe-b878-41d9-8135-a7f44dbab4d4,2026-01-09 19:42:05.84742+00,2026-01-09 19:42:05.84742+00,3.0,
052447d4-58bb-47c1-a1cf-6c86363daa54,d0b32c06-f4f8-4752-a530-162b0c757b11,1f9f677c-1f5d-4784-828a-970801312639,2026-04-18 19:38:41.9727+00,2026-04-18 19:38:41.9727+00,4.0,
05464ea6-b5de-4d1b-956f-70bb78d39866,,4de727b2-3853-4fcc-9ad2-2b80d3f02e1c,2026-03-13 20:35:04.095463+00,2026-05-13 20:19:35.216171+00,3.0,
05b60afd-e78d-4089-b10e-1e6bf19dd8ae,,410277eb-539b-460c-aff9-24a4a1521dec,2025-09-22 19:32:37.846387+00,2025-09-23 17:42:32.580335+00,5.0,
05c72c34-d03b-40f0-ac80-138863049189,6d4b88c9-a4c7-4755-af8a-24b637bcc964,4a129334-f055-43ce-849d-5edeb7b82b1f,2026-02-19 11:20:21.007543+00,2026-02-19 11:20:21.007543+00,5.0,
05cc282c-211a-48e6-a5fe-8488a46c27e9,,0dd6a46d-90a0-4fca-96bc-5de7241f3c6c,2025-09-25 19:36:23.882816+00,2025-09-27 21:31:56.495584+00,2.0,51ccff25-bb4c-4c84-b34f-f1897e184e18
05e169ed-b7fa-4dd6-bd59-33ce0df80a96,e017f47f-cb94-41f1-93c4-ed5a88092277,e2422f0b-540b-4f35-9ddb-8f4610471bf6,2026-03-29 19:19:01.928529+00,2026-03-29 19:19:01.928529+00,3.0,
05ec9a3e-3629-4d53-be40-394f431711b0,fcea1687-c6c9-4eab-83e4-0714cc9d2196,29ea2657-3e45-4d28-9abe-6db1d6cdd41b,2026-02-02 12:28:35.302749+00,2026-02-02 12:28:53.111197+00,2.0,
05f07415-4d67-4e05-bbfd-9047b595a41e,,29ea2657-3e45-4d28-9abe-6db1d6cdd41b,2025-09-28 08:40:01.899504+00,2026-01-09 22:45:26.025565+00,5.0,0fb4a41f-dae4-41cf-9437-40f81a5b2860
05ff8074-03dd-4312-9f6b-767f759a7ade,,c7f64752-3e0b-4b9c-b96a-ead26aa0258e,2025-08-25 20:16:07.863225+00,2025-09-28 21:17:25.280164+00,5.0,4b04cec3-e66d-41e7-86bb-d12ed09e914d
063e7ca2-ae95-4254-845a-27be400a6b41,,c7f64752-3e0b-4b9c-b96a-ead26aa0258e,2026-03-13 20:36:06.150946+00,2026-05-13 20:19:35.216171+00,3.0,
064ab495-b7ca-4a66-b6f7-9f87d9caee59,,c7f64752-3e0b-4b9c-b96a-ead26aa0258e,2025-12-08 21:31:28.238962+00,2025-12-20 17:15:41.566525+00,4.0,
064bb7f1-0b5d-46f3-80fe-f9585df6cb76,,1f9f677c-1f5d-4784-828a-970801312639,2026-01-17 20:28:18.268479+00,2026-02-20 13:51:16.598049+00,3.0,
06657f53-40e3-4a63-a9b5-ff25884153df,,410277eb-539b-460c-aff9-24a4a1521dec,2026-03-01 08:35:13.191331+00,2026-03-06 18:25:36.414144+00,5.0,
067afd74-4c25-401a-ac24-0ce0a5a62133,5b0c4862-2d0c-48d3-a1eb-bc2c944cd5d9,0dd6a46d-90a0-4fca-96bc-5de7241f3c6c,2026-01-02 22:03:14.685466+00,2026-01-02 22:03:14.685466+00,5.0,
068b6422-ca93-4876-ab12-da4fb61ac21e,,4c4fcd34-a462-4c60-aa86-fa9731ea7212,2026-03-14 21:33:23.995548+00,2026-06-20 22:59:04.165122+00,2.0,0bee2ea3-748e-4792-be47-a333dc78426a
06b0463a-2633-4e59-bd86-edb0cd0e2cd6,c5ad2676-0596-4503-9b77-f41f5cd67632,0212b5e3-2b19-44a0-a39f-5c0202307872,2026-08-21 20:11:05.375635+00,2026-08-21 20:11:05.827114+00,4.0,
06c5efc0-1f11-463b-b4f3-12575b2d19d9,,29ea2657-3e45-4d28-9abe-6db1d6cdd41b,2025-08-29 20:09:28.763371+00,2025-09-22 21:24:45.485416+00,5.0,e0342b90-a3e5-4f6d-8c42-3ccd59778d3a
06e484a5-e151-4759-bf1e-08309e1ef9e0,,410277eb-539b-460c-aff9-24a4a1521dec,2026-02-15 14:54:11.281725+00,2026-02-28 19:12:03.923718+00,5.0,
06eb9483-0d5f-49e2-a3a5-2129aa0bbeb9,,a2726890-883c-4164-b951-a0619f43d620,2026-02-07 12:54:23.614157+00,2026-02-20 13:52:51.390001+00,5.0,
06fdd72c-3511-4764-ad3a-9767a7290a7d,,410277eb-539b-460c-aff9-24a4a1521dec,2026-01-23 20:12:39.232015+00,2026-05-22 21:31:41.907457+00,5.0,4f7f967a-2144-46a0-92ed-949a8f7feaf4
0722a125-2ba2-41ba-9b80-f497d1c12360,,b00f5b54-aabe-4272-a5a3-9f75bbf698e9,2026-03-07 23:36:49.43453+00,2026-06-29 08:24:16.485438+00,5.0,
074bcf7c-df04-4d99-8ca8-80d3431a052d,,0212b5e3-2b19-44a0-a39f-5c0202307872,2026-02-20 21:49:15.474471+00,2026-03-11 14:41:34.781656+00,2.0,
076fe5ac-77fe-4235-8c1b-06faaf416a27,,e2422f0b-540b-4f35-9ddb-8f4610471bf6,2026-01-09 20:30:54.084468+00,2026-02-08 22:37:34.788429+00,1.0,a7d28f7a-05a8-47b3-8e34-55937064ab42
07792b8b-d0c0-435a-a6f6-806db0076a35,318afdb9-0b7d-4128-b036-8c3cdf8f9d2e,0dd6a46d-90a0-4fca-96bc-5de7241f3c6c,2026-08-11 19:55:26.550586+00,2026-08-11 19:55:26.550586+00,5.0,
07c8c808-0203-49bb-b292-8ead66631939,,e4f7f8ef-e94c-49ba-b692-99cefc421554,2025-09-11 14:39:00.733146+00,2025-10-07 12:34:51.32359+00,2.0,d602e6c4-9f04-402a-8bed-0e4b0b476fec
082258a0-dfb4-4f00-8508-2aaa8e7370f6,,5d2a8362-b232-4766-acfa-019ebd70b958,2026-03-07 19:40:28.041719+00,2026-07-18 20:17:41.936568+00,2.0,
088e678c-4328-4dc7-9682-f83c03e6ef97,,e2422f0b-540b-4f35-9ddb-8f4610471bf6,2026-03-07 19:47:04.52718+00,2026-07-18 20:17:41.936568+00,5.0,
0891c614-d61f-4894-b26b-89ca95d0a0a8,e017f47f-cb94-41f1-93c4-ed5a88092277,29ea2657-3e45-4d28-9abe-6db1d6cdd41b,2026-04-03 19:03:22.281391+00,2026-04-11 18:52:05.828223+00,2.0,
089313cc-dff1-4721-a054-603a130e9c77,,c7f64752-3e0b-4b9c-b96a-ead26aa0258e,2026-01-24 19:42:57.339858+00,2026-02-20 13:51:16.598049+00,5.0,
08cde76d-ca03-4e38-8440-981eb8445422,,1f9f677c-1f5d-4784-828a-970801312639,2025-10-11 19:22:28.14902+00,2026-02-23 11:05:43.989816+00,5.0,
08d2a486-d6be-418a-adc1-621826f897ca,,1f9f677c-1f5d-4784-828a-970801312639,2026-07-18 22:23:36.319473+00,2026-07-18 22:24:02.394317+00,5.0,
08d4a6ad-db08-4300-a01a-740e8860b17a,,0212b5e3-2b19-44a0-a39f-5c0202307872,2025-09-05 18:52:28.152722+00,2026-01-17 20:21:11.739992+00,5.0,
08f76cf7-8a07-4ba5-bd44-78ebc21cc21b,,e2422f0b-540b-4f35-9ddb-8f4610471bf6,2026-03-07 19:46:29.238124+00,2026-07-18 20:17:43.375893+00,3.0,
08ffe0bb-835d-4d96-94f3-524c0256e8bb,,4c11d5fc-32e7-4202-8b96-bc911288d4d6,2025-09-28 18:42:28.408946+00,2026-01-31 18:55:23.884091+00,3.0,
09055a48-f5cd-4e78-8a2e-faa45352b4cf,a02b57c1-e2db-4234-b512-db45fe242cd0,e2422f0b-540b-4f35-9ddb-8f4610471bf6,2026-07-21 16:36:01.721661+00,2026-07-21 16:36:01.721661+00,5.0,
0918503a-ca4f-40b7-ab99-e83ac8e024d5,,e2422f0b-540b-4f35-9ddb-8f4610471bf6,2026-01-13 21:00:47.403448+00,2026-05-08 21:54:12.924635+00,4.0,6152eb83-8070-4b50-86e3-685b6db518c3
09a3f079-aa50-4ab8-b978-6838f7c71b5e,,4de727b2-3853-4fcc-9ad2-2b80d3f02e1c,2026-03-13 20:29:26.187748+00,2026-06-29 08:24:16.485438+00,1.0,
09bb693a-7083-468d-8885-8146482fed70,,c7f64752-3e0b-4b9c-b96a-ead26aa0258e,2025-12-08 21:30:22.476864+00,2026-03-06 22:43:45.867763+00,4.0,
09ef8e5f-811e-496d-a1a2-ec9260becebc,,5d2a8362-b232-4766-acfa-019ebd70b958,2025-10-19 20:31:40.522105+00,2026-01-31 19:06:32.990415+00,5.0,
0a2550d5-e647-4d7a-88a1-a3c9ee2c58b5,09b58b51-7eae-456c-9f00-f26a22f7d64e,410277eb-539b-460c-aff9-24a4a1521dec,2026-03-06 18:46:13.855038+00,2026-03-06 18:46:13.855038+00,5.0,
0ab8f047-47e8-463d-aae5-e82a4579232c,,1f9f677c-1f5d-4784-828a-970801312639,2025-10-11 19:17:32.674943+00,2026-03-06 22:43:45.867763+00,5.0,
0abb8030-2324-43b4-8b6e-19321f8776f9,38e7b30b-baa2-4545-b326-77744fdc4862,1f9f677c-1f5d-4784-828a-970801312639,2026-01-17 20:48:46.214179+00,2026-01-17 20:49:26.149163+00,2.0,
0ac64bac-3155-4ef1-a99c-bc793ccc895e,,a2726890-883c-4164-b951-a0619f43d620,2025-08-25 20:21:33.353422+00,2026-01-24 19:21:46.581266+00,3.0,
0ad27749-0dbc-4c0e-8099-096044dff6c0,,bf6f8662-b890-496c-bbd7-6f213b86ca91,2025-08-26 20:39:37.162205+00,2026-07-18 22:20:58.408928+00,5.0,
0ada275e-6474-486e-9a8e-4db3f96b9547,,0dd6a46d-90a0-4fca-96bc-5de7241f3c6c,2025-09-23 17:44:12.333381+00,2025-12-20 13:16:32.158138+00,3.0,
0af884f6-9e7c-48f6-8387-e07de52201f6,,bf6f8662-b890-496c-bbd7-6f213b86ca91,2025-08-26 20:39:49.357887+00,2025-09-28 08:38:23.106884+00,5.0,
0af96dd4-5b40-44e2-9fcd-8a0d274bf0a0,72200498-8bbf-4a8f-a5cf-b88204fc2537,410277eb-539b-460c-aff9-24a4a1521dec,2026-07-20 17:50:38.422557+00,2026-07-20 17:50:38.422557+00,5.0,
0b094124-de9a-47f9-b2b5-489032b5f3d3,,58fd01fe-b878-41d9-8135-a7f44dbab4d4,2025-09-05 23:18:24.590297+00,2026-01-17 20:30:43.673613+00,2.0,
0b1dc574-abee-4fd4-810c-604498b40dac,,58fd01fe-b878-41d9-8135-a7f44dbab4d4,2026-01-24 19:30:06.797819+00,2026-03-27 22:56:30.644032+00,4.0,206da1c5-84bb-4658-9d30-627b7b12f3c1
0b213c11-977d-4e67-9668-fd748a1a0627,,a2726890-883c-4164-b951-a0619f43d620,2025-08-25 20:19:59.857371+00,2026-02-23 11:05:43.989816+00,4.0,
0b235551-7e97-474f-988d-8ac93b3569be,,4c4fcd34-a462-4c60-aa86-fa9731ea7212,2026-01-17 20:26:06.481494+00,2026-01-24 00:34:08.844972+00,4.0,
0b8221b7-aafd-4c93-b3e4-079c4f86a211,,4c4fcd34-a462-4c60-aa86-fa9731ea7212,2026-03-14 21:34:06.149115+00,2026-07-18 20:17:43.375893+00,4.0,
0bc65e8d-5499-4b6a-9284-36d28cbdfbd7,,4c4fcd34-a462-4c60-aa86-fa9731ea7212,2026-03-14 21:33:48.042756+00,2026-07-19 21:46:47.619006+00,1.0,f05f738e-77d0-45f6-a558-69449e81b138
0bfec52d-5d0f-499a-89bd-dea3d7a2c6b7,,1f9f677c-1f5d-4784-828a-970801312639,2025-10-11 19:21:07.213898+00,2026-04-11 22:20:39.177916+00,3.0,
0c3eb849-b101-429a-99de-11f0029bae1e,,81e43532-b6dd-438d-bd72-62be3723c0a4,2025-09-06 15:53:20.952893+00,2025-09-26 23:20:33.041142+00,4.0,dbd8f7a2-71a3-4b1d-95b0-eef4dab3e2f2
0c55094d-893b-401c-819c-96db2bd87334,,b00f5b54-aabe-4272-a5a3-9f75bbf698e9,2026-07-05 10:02:10.51109+00,2026-07-18 22:00:54.79441+00,4.0,f1d992f7-922a-4303-96e9-816266abe570
0cb3166a-c1c8-42c0-9b84-e1a7216f2e00,,5d2a8362-b232-4766-acfa-019ebd70b958,2026-02-07 19:24:05.883105+00,2026-05-26 16:28:24.565212+00,4.0,
0ccb4d53-8951-4770-8791-644835c4b79b,,c7f64752-3e0b-4b9c-b96a-ead26aa0258e,2026-02-20 21:50:07.174662+00,2026-02-20 23:18:53.642131+00,5.0,72239a2a-cd06-44a3-9e51-951f8bac9bb3
0cf41c9a-0f22-490c-b5fa-0126f047bd06,,c7f64752-3e0b-4b9c-b96a-ead26aa0258e,2025-12-20 21:10:43.415393+00,2026-01-31 18:55:23.884091+00,4.0,
0d10d0f2-667a-4719-ba74-b0d476374890,,f47f4579-1502-4ca3-8997-2b8826c49806,2025-09-06 15:43:21.376149+00,2025-09-06 15:43:36.841294+00,2.0,0f92d7f9-708f-4265-b7a0-321dcc57bc4e
0db25a02-8fef-49a3-ad46-d7bec9ae8330,,c7f64752-3e0b-4b9c-b96a-ead26aa0258e,2025-12-20 21:09:15.925067+00,2025-12-30 15:29:39.441893+00,5.0,
0de48d1c-62a9-4e6c-9956-394568e14770,1bfef229-9c70-4168-94d6-880d37e5da96,410277eb-539b-460c-aff9-24a4a1521dec,2025-09-08 19:44:06.305093+00,2025-09-08 19:44:06.305093+00,5.0,
0dee02ff-473b-45d5-ae44-37da42bfc546,b94e7e71-2843-4c04-97b2-6ac00ab3cc3a,1f9f677c-1f5d-4784-828a-970801312639,2025-09-27 19:47:11.042155+00,2025-09-27 19:47:11.042155+00,3.0,
0e2a7efd-3ad8-4c6f-b613-caa708495d91,,29ea2657-3e45-4d28-9abe-6db1d6cdd41b,2025-12-22 09:55:32.397025+00,2026-03-07 22:53:08.98881+00,5.0,15afe751-a56a-4300-840b-be67d97fb364
0e2f153f-f981-4a96-b2eb-86109e6d6550,d71848de-5785-4230-a44d-08f4aec4cb6b,5d2a8362-b232-4766-acfa-019ebd70b958,2025-10-11 19:24:24.637729+00,2025-10-11 19:24:24.637729+00,5.0,
0e97fb59-258b-498e-a8b2-5c3ccfa33d69,,58fd01fe-b878-41d9-8135-a7f44dbab4d4,2026-01-09 19:40:39.999613+00,2026-01-24 22:07:28.208852+00,4.0,93955070-a6f3-4e7d-aeea-a730c82cafe4
0ecd26a6-4f97-4eaa-b8c3-9409e582cfdf,,e2422f0b-540b-4f35-9ddb-8f4610471bf6,2025-12-21 23:16:39.200756+00,2026-03-07 23:26:21.689164+00,5.0,
0ecddc33-9fad-4ba9-8583-cdac524ed7a4,eec0059a-862f-4a3e-84fa-cf8d16d98783,e2422f0b-540b-4f35-9ddb-8f4610471bf6,2026-07-21 16:35:18.474357+00,2026-07-21 16:35:18.474357+00,5.0,
0ed5cab9-8b20-4b41-af07-6c960826ed38,,a2726890-883c-4164-b951-a0619f43d620,2026-01-17 20:49:19.704036+00,2026-03-27 22:56:30.644032+00,5.0,206da1c5-84bb-4658-9d30-627b7b12f3c1
0f1de238-fad5-42a1-a9cf-19da90b2fa9d,,1f9f677c-1f5d-4784-828a-970801312639,2025-10-11 19:20:28.345168+00,2025-12-20 23:53:03.41703+00,5.0,58d6b989-5a2e-4c8f-885d-bb3ccb0b52b6
0f37c4e1-ef3d-4894-a2d4-c35da6c29f97,d0478e8e-c86f-4563-9525-0edd29ba6fb7,4c11d5fc-32e7-4202-8b96-bc911288d4d6,2025-09-28 18:42:21.513249+00,2025-09-28 18:42:23.128831+00,3.0,
0f57e635-860d-4571-8716-6e83c4630137,,c7f64752-3e0b-4b9c-b96a-ead26aa0258e,2026-03-13 20:36:13.228987+00,2026-06-28 19:49:07.957311+00,5.0,
103506db-e905-4d55-9959-8b63048e264b,ed6156cc-b05f-4971-a658-b8e0a1514248,0212b5e3-2b19-44a0-a39f-5c0202307872,2026-02-28 19:08:46.884+00,2026-02-28 19:08:46.884+00,5.0,
1067b689-275e-4792-baf5-579d9ebdd201,1bfef229-9c70-4168-94d6-880d37e5da96,1f9f677c-1f5d-4784-828a-970801312639,2025-10-11 19:20:03.448893+00,2025-10-11 19:20:03.448893+00,3.0,
10768a2e-f37e-4bc0-8757-0835cc7a39a4,,e2422f0b-540b-4f35-9ddb-8f4610471bf6,2025-08-24 19:38:04.819107+00,2026-02-21 10:27:41.804306+00,3.0,
10a075af-9944-41af-90d1-7e8044e9779d,,410277eb-539b-460c-aff9-24a4a1521dec,2025-09-28 19:09:20.66308+00,2025-12-20 23:53:03.41703+00,5.0,58d6b989-5a2e-4c8f-885d-bb3ccb0b52b6
10bab048-7ba1-43d6-a330-8e2e341925fc,,58fd01fe-b878-41d9-8135-a7f44dbab4d4,2025-08-24 19:50:55.967852+00,2025-12-30 15:27:16.045074+00,3.0,
1182a9f3-9035-4ece-97ff-74adce035d0e,ac2bfc67-8e6c-484d-9e81-4b6480071dbd,0dd6a46d-90a0-4fca-96bc-5de7241f3c6c,2026-03-21 13:27:51.470613+00,2026-03-21 13:27:51.470613+00,5.0,
11cdf811-e502-47f0-9e6d-630e5f16216e,,58fd01fe-b878-41d9-8135-a7f44dbab4d4,2025-08-26 20:14:28.783329+00,2025-09-26 23:15:31.38741+00,5.0,e3aeabc5-fc62-4670-8af0-b5a5b75457a4
120394cb-ccc7-41f5-b686-7a9e261f13a1,,5d2a8362-b232-4766-acfa-019ebd70b958,2026-02-07 19:22:01.046683+00,2026-05-18 17:38:36.36148+00,3.0,
122db8a4-80df-4db5-b1d7-e441e57e697d,,e2422f0b-540b-4f35-9ddb-8f4610471bf6,2026-02-28 16:19:17.898202+00,2026-02-28 22:27:53.44066+00,3.0,90a88789-e1fb-4fe6-808c-627da1ceb0c2
12b9344e-53d3-47e2-9702-70c73b005218,,a2726890-883c-4164-b951-a0619f43d620,2025-10-11 19:16:19.685295+00,2026-03-06 22:43:45.867763+00,1.0,
12c0cd96-d419-4a32-81de-28ab6c518b90,1bfef229-9c70-4168-94d6-880d37e5da96,bf6f8662-b890-496c-bbd7-6f213b86ca91,2025-09-12 11:17:37.030886+00,2025-10-19 20:31:31.813168+00,5.0,
12dde96d-23ec-44f5-ac58-0abfb38895d6,06867feb-f1ae-4a5b-b31f-ef36ed434eaf,1f9f677c-1f5d-4784-828a-970801312639,2026-08-04 18:32:53.253548+00,2026-08-04 18:32:53.253548+00,4.0,
12e94fec-e48f-4133-ba02-90ef913b79e0,,58fd01fe-b878-41d9-8135-a7f44dbab4d4,2025-08-24 19:52:41.572985+00,2026-02-21 10:27:41.804306+00,2.0,
12fbfc15-1505-4552-8a8f-01fa61f26c19,,410277eb-539b-460c-aff9-24a4a1521dec,2025-08-24 19:45:07.794624+00,2025-09-28 21:17:25.280164+00,5.0,4b04cec3-e66d-41e7-86bb-d12ed09e914d
13012640-fe71-42a2-a0c8-d558143672ec,,81e43532-b6dd-438d-bd72-62be3723c0a4,2025-09-06 15:43:24.36333+00,2025-09-06 15:43:36.841294+00,1.0,0f92d7f9-708f-4265-b7a0-321dcc57bc4e
1317dc35-54d3-4c53-a66e-62a32bbaa5e1,,4c4fcd34-a462-4c60-aa86-fa9731ea7212,2026-01-17 20:27:03.691421+00,2026-04-11 22:20:39.177916+00,3.0,
132c12df-8cc5-4291-baaf-57808e789530,,410277eb-539b-460c-aff9-24a4a1521dec,2025-12-30 15:46:01.318398+00,2026-02-06 00:17:50.910372+00,5.0,
134d214d-5382-4ec4-b125-ecdb2a02b006,,b00f5b54-aabe-4272-a5a3-9f75bbf698e9,2025-08-24 19:40:54.653091+00,2025-12-20 17:22:45.577065+00,5.0,
13c71fa8-9b78-46a3-a0fc-2230cc183aed,,4c11d5fc-32e7-4202-8b96-bc911288d4d6,2025-09-22 17:16:41.960073+00,2025-12-20 17:15:44.790946+00,3.0,
14560254-d222-40f5-98f0-cce28b08c617,,a2726890-883c-4164-b951-a0619f43d620,2025-09-05 23:14:02.127245+00,2026-01-17 20:30:45.309903+00,2.0,
145fdde2-f9dc-4579-be45-c091584c0c78,,b00f5b54-aabe-4272-a5a3-9f75bbf698e9,2026-07-05 10:02:16.102124+00,2026-07-18 22:16:59.078323+00,3.0,
1484cef8-3e63-453f-9709-748cdccf3e6c,,b00f5b54-aabe-4272-a5a3-9f75bbf698e9,2025-09-23 15:22:40.28801+00,2025-12-20 13:16:32.158138+00,3.0,
148ad14d-e081-4428-a30e-cb259491d9c0,38e7b30b-baa2-4545-b326-77744fdc4862,b00f5b54-aabe-4272-a5a3-9f75bbf698e9,2026-01-17 20:49:08.531416+00,2026-01-17 20:49:08.531416+00,5.0,
149792b8-37ad-4779-ba84-b6c3a7051c98,8cdceae4-b95f-4bf9-9958-32eef0bc39e1,e4f7f8ef-e94c-49ba-b692-99cefc421554,2025-09-07 17:06:54.606955+00,2026-02-19 09:44:11.292067+00,1.0,a94878e4-efe2-43f9-b293-1ac7c7da3095
14a86509-94ec-4497-aaeb-2a928fde5cef,,0212b5e3-2b19-44a0-a39f-5c0202307872,2025-10-19 20:37:06.913801+00,2026-01-09 22:45:26.025565+00,3.0,0fb4a41f-dae4-41cf-9437-40f81a5b2860
14c86d7d-6d37-4568-861b-c874d20a0e70,,e2422f0b-540b-4f35-9ddb-8f4610471bf6,2026-05-22 19:48:04.742716+00,2026-05-29 19:42:42.999869+00,2.0,
14cf356f-1c35-4376-8cc9-08a8de334fb0,092bb9db-0cea-411c-8e1b-36d30ad01f65,58fd01fe-b878-41d9-8135-a7f44dbab4d4,2026-08-11 19:58:06.741108+00,2026-08-11 19:58:06.741108+00,5.0,
14e08761-0b7a-4f2d-b496-ff1f11ecdac2,,4de727b2-3853-4fcc-9ad2-2b80d3f02e1c,2025-10-11 19:27:01.619638+00,2025-12-20 23:53:03.41703+00,3.0,58d6b989-5a2e-4c8f-885d-bb3ccb0b52b6
14e2060f-0e92-4fba-aed0-33e8f2562f24,,4de727b2-3853-4fcc-9ad2-2b80d3f02e1c,2025-09-05 23:16:32.149159+00,2026-01-17 23:11:11.05032+00,5.0,2656ebd5-856f-4eee-9ca5-7d8bc0e0e434
14fe4253-f16f-425b-9ada-29e4e9318475,,4c4fcd34-a462-4c60-aa86-fa9731ea7212,2026-03-14 21:32:48.076703+00,2026-06-29 08:24:16.485438+00,5.0,
152d7056-5f5c-4b0a-a772-722f2df53f2c,,b00f5b54-aabe-4272-a5a3-9f75bbf698e9,2025-09-05 23:11:24.437646+00,2026-01-17 20:30:45.309903+00,1.0,
155da977-911e-4f3d-935e-63353fd1976c,,0dd6a46d-90a0-4fca-96bc-5de7241f3c6c,2025-09-28 19:10:22.405369+00,2025-12-20 23:53:03.41703+00,5.0,58d6b989-5a2e-4c8f-885d-bb3ccb0b52b6
1596d1ca-9c79-454d-b0f6-2cfc094f4629,b94e7e71-2843-4c04-97b2-6ac00ab3cc3a,c7f64752-3e0b-4b9c-b96a-ead26aa0258e,2025-08-25 20:25:53.854304+00,2025-08-29 20:07:30.435036+00,5.0,
15c1ff08-58c5-42a7-b5af-661376f195ad,318afdb9-0b7d-4128-b036-8c3cdf8f9d2e,0212b5e3-2b19-44a0-a39f-5c0202307872,2026-08-21 20:11:25.748425+00,2026-08-21 20:11:25.748425+00,4.0,
15f041bc-3508-46f4-8f11-92f71f95792d,,410277eb-539b-460c-aff9-24a4a1521dec,2025-12-28 21:04:37.897297+00,2026-03-07 23:26:21.689164+00,5.0,
1650a08a-26fb-4361-aad4-e2c0525f3127,eec0059a-862f-4a3e-84fa-cf8d16d98783,b00f5b54-aabe-4272-a5a3-9f75bbf698e9,2026-04-12 15:08:06.453276+00,2026-04-12 15:08:06.453276+00,4.0,
16910dbc-22de-40b1-b5dc-07b2a20cbaa1,,58fd01fe-b878-41d9-8135-a7f44dbab4d4,2025-10-11 19:18:23.470586+00,2026-03-06 22:43:45.867763+00,4.0,
16b3f1b6-ddad-4229-a7f6-b7f4a8746dbd,,b00f5b54-aabe-4272-a5a3-9f75bbf698e9,2026-04-16 19:30:20.611869+00,2026-05-18 17:35:49.272836+00,4.0,
16dd041d-314c-40c8-b062-e66d064387af,248c1261-bd0c-40d7-b7ed-a0058480e6b3,4de727b2-3853-4fcc-9ad2-2b80d3f02e1c,2026-07-18 19:32:03.968852+00,2026-07-18 19:32:03.968852+00,3.0,
173fdd1a-7918-4fc0-a970-dc0996174a17,d1527898-d24e-438a-b8be-438ee2b142b2,58fd01fe-b878-41d9-8135-a7f44dbab4d4,2026-02-28 20:25:03.436315+00,2026-02-28 20:25:03.436315+00,3.0,
1763bf1d-9821-4e39-b5c5-89d4c4759c59,796b2e6d-b8f5-4a62-9040-2094a5bf720c,410277eb-539b-460c-aff9-24a4a1521dec,2025-09-22 19:32:31.768365+00,2025-09-22 19:32:31.768365+00,5.0,
176ed7be-a0d3-4aeb-9bcb-5a9b4d48a3dd,,0212b5e3-2b19-44a0-a39f-5c0202307872,2026-02-28 19:08:28.624844+00,2026-02-28 22:27:53.44066+00,5.0,90a88789-e1fb-4fe6-808c-627da1ceb0c2
178b5cef-1867-4769-84b4-8728a6f0e36b,b94e7e71-2843-4c04-97b2-6ac00ab3cc3a,5d2a8362-b232-4766-acfa-019ebd70b958,2025-10-11 19:20:13.761706+00,2025-10-11 19:20:13.761706+00,3.0,
17a9f204-880c-4f00-9a1d-0f5d77c3ce05,796b2e6d-b8f5-4a62-9040-2094a5bf720c,bf6f8662-b890-496c-bbd7-6f213b86ca91,2025-09-23 17:43:53.90075+00,2025-09-23 17:43:53.90075+00,5.0,
17bede6d-56cf-49e4-a3bd-81410f5e5a90,796b2e6d-b8f5-4a62-9040-2094a5bf720c,4de727b2-3853-4fcc-9ad2-2b80d3f02e1c,2025-09-27 15:05:13.206573+00,2025-09-27 15:05:13.206573+00,4.0,
17cf82ac-c969-4560-8f78-eba5bee2d0e9,,410277eb-539b-460c-aff9-24a4a1521dec,2026-01-24 19:22:09.972806+00,2026-01-24 19:24:36.497861+00,5.0,
1823c084-42ee-4245-9bef-59d4ce0d2bbc,,bf6f8662-b890-496c-bbd7-6f213b86ca91,2025-09-23 17:44:14.74277+00,2025-12-20 13:16:39.44817+00,4.0,
187054c6-2aef-48b2-af71-b5e5a8928053,,29ea2657-3e45-4d28-9abe-6db1d6cdd41b,2025-08-29 20:12:54.029402+00,2025-09-26 23:15:43.850264+00,1.0,e3aeabc5-fc62-4670-8af0-b5a5b75457a4
187d007a-d5ab-4d05-aafe-24168c70eb0b,,0dd6a46d-90a0-4fca-96bc-5de7241f3c6c,2025-08-24 19:41:00.607648+00,2026-02-21 10:27:41.804306+00,5.0,
18b917dd-b935-4176-be69-509d47e3db81,a25b0b1b-aa7e-4f83-9b8b-2766ef0f2c9a,e2422f0b-540b-4f35-9ddb-8f4610471bf6,2026-01-31 20:46:23.89975+00,2026-01-31 20:46:23.89975+00,5.0,
18cb0c22-07b5-41f2-966d-6d1109bf611e,,29ea2657-3e45-4d28-9abe-6db1d6cdd41b,2026-03-07 23:37:41.336447+00,2026-06-29 08:24:16.485438+00,1.0,
18e03fcd-259b-4a56-893a-e1ab348b8e49,318afdb9-0b7d-4128-b036-8c3cdf8f9d2e,29ea2657-3e45-4d28-9abe-6db1d6cdd41b,2026-07-01 21:10:43.971494+00,2026-07-01 21:10:43.971494+00,5.0,
18f27357-3ae7-458c-aa2e-de4882e8e6dd,,4de727b2-3853-4fcc-9ad2-2b80d3f02e1c,2026-03-13 20:37:20.433003+00,2026-06-28 19:49:07.957311+00,3.0,
1910f018-7677-41b6-b9a9-0ac50292064a,,58fd01fe-b878-41d9-8135-a7f44dbab4d4,2025-10-11 19:20:07.123078+00,2025-12-20 23:53:03.41703+00,3.0,58d6b989-5a2e-4c8f-885d-bb3ccb0b52b6
19156d77-55d5-4416-92d7-e8495a8d9daf,,a2726890-883c-4164-b951-a0619f43d620,2025-08-25 20:13:01.478863+00,2026-07-18 22:20:58.408928+00,5.0,
191b847b-dd2d-48d4-b19d-f13672a1e78b,,58fd01fe-b878-41d9-8135-a7f44dbab4d4,2025-10-11 19:20:43.425812+00,2026-01-09 22:45:26.025565+00,5.0,0fb4a41f-dae4-41cf-9437-40f81a5b2860
1921c4b4-bd85-41da-9822-559af0fd4c49,,4de727b2-3853-4fcc-9ad2-2b80d3f02e1c,2026-03-13 20:39:18.713786+00,2026-07-19 21:46:47.619006+00,5.0,f05f738e-77d0-45f6-a558-69449e81b138
19455eb3-6d4a-4302-a462-67a710042e7d,acf88c83-a4db-4e08-852c-1687de20294f,e2422f0b-540b-4f35-9ddb-8f4610471bf6,2025-10-11 19:16:51.738244+00,2026-07-26 19:27:21.628529+00,1.0,
19570704-00b3-46ed-b4a2-2d9dd9d43b8c,,4c4fcd34-a462-4c60-aa86-fa9731ea7212,2026-01-17 20:25:00.716407+00,2026-01-24 22:07:28.208852+00,3.0,93955070-a6f3-4e7d-aeea-a730c82cafe4
19a0dfb8-3a14-451c-85f6-b1c12060745d,,4c4fcd34-a462-4c60-aa86-fa9731ea7212,2025-08-27 19:17:34.389959+00,2026-02-21 10:27:41.804306+00,3.0,
19c124f9-e303-4c9c-93d9-7887a15c9707,a246248c-ac12-4286-b087-740e6db8986d,a2726890-883c-4164-b951-a0619f43d620,2026-02-28 17:45:11.440683+00,2026-02-28 17:45:11.440683+00,2.0,
19c34477-51c9-4da6-9c97-436c39b0b43c,,0212b5e3-2b19-44a0-a39f-5c0202307872,2026-01-17 20:25:16.052428+00,2026-05-18 17:38:36.36148+00,3.0,
19f007ee-2879-402c-89ab-ac78c6c5796f,09b826fc-893f-459f-be25-291dafd6a752,58fd01fe-b878-41d9-8135-a7f44dbab4d4,2025-08-29 23:36:48.95771+00,2025-08-29 23:36:48.95771+00,5.0,
19fb5fbe-b1fe-4ae0-86c1-b99baf608e9a,,4de727b2-3853-4fcc-9ad2-2b80d3f02e1c,2025-09-05 23:15:16.84672+00,2025-09-26 23:15:23.091346+00,5.0,e3aeabc5-fc62-4670-8af0-b5a5b75457a4
1a0ffeef-6da5-4beb-ba4a-ef533da49234,,bf6f8662-b890-496c-bbd7-6f213b86ca91,2025-08-26 20:38:32.111067+00,2025-12-20 17:15:44.790946+00,1.0,
1a119a19-6cec-496f-a8ca-cd524a54ebc6,,1f9f677c-1f5d-4784-828a-970801312639,2026-03-06 22:50:01.41861+00,2026-05-13 20:19:35.216171+00,5.0,
1a3dbe5b-d89d-4906-aa4a-307a31cc00fd,cd824939-6a12-4892-9f0f-9264307a8e14,c7f64752-3e0b-4b9c-b96a-ead26aa0258e,2026-04-18 19:39:17.952306+00,2026-04-18 19:39:17.952306+00,3.0,
1a657506-cd1e-413c-9857-6a72cec7beee,,bf6f8662-b890-496c-bbd7-6f213b86ca91,2025-08-26 20:40:06.725682+00,2025-12-20 17:22:45.577065+00,4.0,
1a8101b3-5fc0-4afc-a2b4-d02d9bd587a1,a246248c-ac12-4286-b087-740e6db8986d,4de727b2-3853-4fcc-9ad2-2b80d3f02e1c,2026-03-13 20:39:15.343094+00,2026-03-13 20:39:15.343094+00,1.0,
1a8c7871-6a5a-4ffc-aa73-9c4590d3365f,,e2422f0b-540b-4f35-9ddb-8f4610471bf6,2026-02-21 20:49:53.417339+00,2026-02-21 20:55:03.968697+00,1.0,
1ad75e2a-f91e-4407-be45-2c118295df34,d73565c7-fc85-452b-8ced-27113bd15d3f,b00f5b54-aabe-4272-a5a3-9f75bbf698e9,2026-02-07 22:29:40.877282+00,2026-02-24 16:21:12.024955+00,5.0,
1b0cd0c7-9b20-4c62-a653-7e4bfe1013f9,,a2726890-883c-4164-b951-a0619f43d620,2026-02-13 19:35:13.2024+00,2026-03-11 14:41:34.781656+00,4.0,
1b111e71-dd76-4e77-80ba-482072bca0a8,,b00f5b54-aabe-4272-a5a3-9f75bbf698e9,2025-12-29 18:57:24.762036+00,2026-05-18 17:38:36.36148+00,4.0,
1b11d9be-a1a3-4578-a33f-365f5093b557,fcea1687-c6c9-4eab-83e4-0714cc9d2196,5d2a8362-b232-4766-acfa-019ebd70b958,2026-02-07 19:27:20.49869+00,2026-02-07 19:27:20.49869+00,1.0,
1b27a08f-cb33-4f1b-802e-cf6b45d496a4,b5bdd821-b097-4a79-ade7-809054ddb957,4de727b2-3853-4fcc-9ad2-2b80d3f02e1c,2026-07-18 19:29:30.670719+00,2026-07-18 19:29:30.670719+00,3.0,
1b2d712f-f281-4f0c-9f2c-3bdb72f916ae,,a2726890-883c-4164-b951-a0619f43d620,2026-01-09 19:38:49.067525+00,2026-02-07 12:27:44.274887+00,5.0,
1b548969-4461-4cd9-a335-c7a19ad7896f,ac2bfc67-8e6c-484d-9e81-4b6480071dbd,5d2a8362-b232-4766-acfa-019ebd70b958,2026-05-22 19:45:59.633547+00,2026-05-22 19:45:59.633547+00,4.0,
1bbdbc41-802a-4fe4-a43d-ce164dd0f128,,29ea2657-3e45-4d28-9abe-6db1d6cdd41b,2025-12-20 18:41:56.090464+00,2026-01-27 20:31:26.735933+00,4.0,
1bc111cc-184d-422e-990d-4473877daa6b,,0212b5e3-2b19-44a0-a39f-5c0202307872,2025-08-27 19:20:24.638505+00,2026-01-31 23:16:54.769127+00,5.0,a46a951d-738e-4045-9c41-7ee6258fb194
1c6ac2cb-d421-43eb-bcea-2cda524e3666,824ed1a7-648c-4917-afb8-7b23a8cb7716,410277eb-539b-460c-aff9-24a4a1521dec,2026-02-22 13:27:03.521885+00,2026-02-22 13:27:03.521885+00,5.0,
1c719964-9633-43bd-86ae-e6c9cedd105d,,c7f64752-3e0b-4b9c-b96a-ead26aa0258e,2026-02-20 21:53:49.677243+00,2026-03-21 13:27:31.488746+00,1.0,
1c7dc238-1ac9-4360-8544-f916c4e8d3ea,,b00f5b54-aabe-4272-a5a3-9f75bbf698e9,2025-10-11 19:17:40.657718+00,2026-03-06 22:43:45.867763+00,5.0,
1c80fae1-7c38-401f-9260-7077a2a086c1,,a2726890-883c-4164-b951-a0619f43d620,2026-01-17 20:22:41.448777+00,2026-03-21 13:27:31.488746+00,2.0,
1cb33b3e-91cb-49c2-9b30-0900ed576f64,,e2422f0b-540b-4f35-9ddb-8f4610471bf6,2026-04-18 19:38:33.019629+00,2026-05-18 17:35:49.272836+00,3.0,
1ce5ad77-9abf-48b4-821c-dc9fb3014e8b,7673fe73-7021-4b63-b187-e22f5c246527,58fd01fe-b878-41d9-8135-a7f44dbab4d4,2026-08-11 19:58:29.570242+00,2026-08-11 19:58:29.570242+00,4.0,
1cf7f2c4-6f3c-4238-9b67-118a02340b61,,1f9f677c-1f5d-4784-828a-970801312639,2026-07-05 20:25:14.919716+00,2026-07-18 22:00:54.79441+00,5.0,f1d992f7-922a-4303-96e9-816266abe570
1d084365-1ad5-43d4-add3-61af25240a16,,81e43532-b6dd-438d-bd72-62be3723c0a4,2025-09-07 17:06:37.20559+00,2026-02-19 11:34:10.954611+00,4.0,
1d2a8f61-0bbf-4370-bd9c-3702f9171f6f,,a2726890-883c-4164-b951-a0619f43d620,2026-07-05 20:25:29.867867+00,2026-08-21 20:15:36.742817+00,2.0,a8bfff48-c0f8-49e6-8479-23fc4881c4dd
1d3d95c6-7a75-42b9-b5b0-c9bf53fd1feb,,4a129334-f055-43ce-849d-5edeb7b82b1f,2025-09-06 14:45:59.667894+00,2025-09-06 15:53:46.499495+00,2.0,3baacdc6-7365-4424-b88d-b21b34a5e85d
1d86c7f8-ff53-483a-8352-644f2c4adcf0,,4c4fcd34-a462-4c60-aa86-fa9731ea7212,2026-03-14 21:32:54.078201+00,2026-07-18 20:17:41.936568+00,1.0,
1dc342c9-b6d8-4895-baf8-1e15f5d616cb,,1f9f677c-1f5d-4784-828a-970801312639,2025-09-27 19:44:17.963702+00,2025-10-11 21:34:51.643858+00,4.0,25a8a934-47b0-4cb5-b247-92d7704a9abd
1de63db7-de6e-4157-81a9-91f9720de481,,29ea2657-3e45-4d28-9abe-6db1d6cdd41b,2026-03-07 23:25:16.934388+00,2026-06-20 22:59:04.165122+00,5.0,0bee2ea3-748e-4792-be47-a333dc78426a
1e621538-fd4d-4d88-9573-e9fb6fcc09f1,,b00f5b54-aabe-4272-a5a3-9f75bbf698e9,2026-02-09 12:13:50.680859+00,2026-04-11 22:05:24.572285+00,5.0,af1b1447-27cd-410f-9993-d0c4582b52ea
1eb41ce7-21ad-4447-9835-f50dbb7a24d1,,29ea2657-3e45-4d28-9abe-6db1d6cdd41b,2025-09-05 23:11:19.073756+00,2026-01-17 20:30:45.309903+00,2.0,
1ed05061-2fbc-4bae-b6b1-aba1a11a678b,,4c11d5fc-32e7-4202-8b96-bc911288d4d6,2025-09-22 17:17:24.452176+00,2025-12-20 17:22:45.577065+00,3.0,
1f296f58-ea56-4e24-a51c-75863b16831c,,0dd6a46d-90a0-4fca-96bc-5de7241f3c6c,2025-08-24 19:41:55.613174+00,2025-12-20 17:22:45.577065+00,4.0,
1f334941-3d45-421a-9512-943d7af41d76,ac2bfc67-8e6c-484d-9e81-4b6480071dbd,0212b5e3-2b19-44a0-a39f-5c0202307872,2026-03-27 20:21:12.532503+00,2026-03-27 20:21:12.532503+00,3.0,
1f632707-ecf6-4b6d-be7e-246c695f9cde,,c7f64752-3e0b-4b9c-b96a-ead26aa0258e,2025-08-25 20:16:43.646948+00,2026-02-21 10:27:41.804306+00,1.0,
1f8a93e6-6757-435a-a440-071841c04be8,85c496ca-54e7-440b-b45c-8c617a4616d9,58fd01fe-b878-41d9-8135-a7f44dbab4d4,2026-05-29 19:45:28.929315+00,2026-05-29 19:51:54.082113+00,5.0,
1f99007c-cccf-424f-b9e3-fe68b2692d34,,e4f7f8ef-e94c-49ba-b692-99cefc421554,2025-09-11 14:23:19.483747+00,2025-09-26 23:04:48.400711+00,1.0,ddee54cc-a1f4-413c-a40a-9de1e1842ad5
1fa2ec2b-4db4-488a-8dd2-c71bcdfd26e4,,5d2a8362-b232-4766-acfa-019ebd70b958,2026-03-13 21:02:39.161084+00,2026-06-29 08:24:16.485438+00,4.0,
1fb9419d-0f4c-484e-a337-b2dfc0ffd395,,e2422f0b-540b-4f35-9ddb-8f4610471bf6,2025-10-11 19:16:56.625076+00,2025-12-20 17:15:41.566525+00,5.0,
200e979d-555a-47db-a762-07cf88603507,a25b0b1b-aa7e-4f83-9b8b-2766ef0f2c9a,1f9f677c-1f5d-4784-828a-970801312639,2026-02-21 18:50:01.913872+00,2026-02-21 18:50:01.913872+00,4.0,
202f5439-f1b1-43af-afb6-236632cdfa3b,,b00f5b54-aabe-4272-a5a3-9f75bbf698e9,2026-03-06 19:19:54.945531+00,2026-06-20 07:55:58.935282+00,5.0,
203ad257-f350-428e-bbc5-1cd977baed48,,bf6f8662-b890-496c-bbd7-6f213b86ca91,2025-09-02 20:14:52.178425+00,2026-01-17 23:11:11.05032+00,5.0,2656ebd5-856f-4eee-9ca5-7d8bc0e0e434
2084b1a1-678c-47f9-a7f4-f1193a031899,,bf6f8662-b890-496c-bbd7-6f213b86ca91,2025-08-26 20:40:27.670819+00,2026-02-21 10:27:41.804306+00,4.0,
20df5628-5c7d-452a-9774-19ffbfd0f9e4,5b0c4862-2d0c-48d3-a1eb-bc2c944cd5d9,e2422f0b-540b-4f35-9ddb-8f4610471bf6,2026-01-09 20:31:25.415597+00,2026-01-09 20:31:25.415597+00,1.0,
20ea5fa5-bb7e-4a5f-8f63-f0b8244b8f8c,,410277eb-539b-460c-aff9-24a4a1521dec,2026-02-15 14:54:27.814374+00,2026-04-11 22:05:24.572285+00,5.0,af1b1447-27cd-410f-9993-d0c4582b52ea
20fd3147-5b13-4617-8b86-1556efcf2b9a,312025bf-dbea-48c7-af7c-4460fafb06cc,0dd6a46d-90a0-4fca-96bc-5de7241f3c6c,2026-05-13 20:31:09.306054+00,2026-05-13 20:31:09.306054+00,5.0,
212a0e09-a320-45b4-a257-ea3b4c64835c,,0dd6a46d-90a0-4fca-96bc-5de7241f3c6c,2026-02-07 19:01:52.454146+00,2026-02-20 13:52:51.390001+00,3.0,
2139a3d5-ca73-4090-993d-f5f432507c67,,0dd6a46d-90a0-4fca-96bc-5de7241f3c6c,2025-09-05 23:16:27.745258+00,2025-09-08 21:30:32.638398+00,5.0,
213ba36b-379d-43b6-a38e-fbfb7bcdff62,,c7f64752-3e0b-4b9c-b96a-ead26aa0258e,2026-01-24 19:40:33.714965+00,2026-05-18 17:38:36.36148+00,4.0,
215ddd1b-b1d7-4b7c-ae42-b11b7237ebe4,c8243c81-7a6d-4988-a61c-9b620cb0104d,0dd6a46d-90a0-4fca-96bc-5de7241f3c6c,2026-02-13 19:36:58.281716+00,2026-02-13 19:36:58.281716+00,5.0,
215e35d9-76e7-4f76-862f-0f8203a09364,,b00f5b54-aabe-4272-a5a3-9f75bbf698e9,2025-09-05 23:18:12.545571+00,2026-01-17 20:30:43.673613+00,1.0,
21668c80-af37-40bf-b327-284182b0e6dd,d71848de-5785-4230-a44d-08f4aec4cb6b,410277eb-539b-460c-aff9-24a4a1521dec,2025-09-27 21:53:51.305644+00,2025-09-27 21:53:51.305644+00,5.0,
219eaf78-aa1a-40ca-8f10-dbfbc2a9968e,10563bd6-00dd-4945-87a1-17e2e6770954,e2422f0b-540b-4f35-9ddb-8f4610471bf6,2026-01-31 20:47:09.231551+00,2026-03-29 19:17:12.661629+00,4.0,
21bec7b0-0fb8-45e1-9d05-0dacbda43bcc,,e2422f0b-540b-4f35-9ddb-8f4610471bf6,2026-01-09 20:30:13.235415+00,2026-01-24 22:07:28.208852+00,5.0,93955070-a6f3-4e7d-aeea-a730c82cafe4
22107b96-d42c-451f-b7aa-59a3633498a5,,e2422f0b-540b-4f35-9ddb-8f4610471bf6,2025-12-21 23:16:43.363902+00,2026-03-07 22:53:08.98881+00,5.0,15afe751-a56a-4300-840b-be67d97fb364
2230391f-969f-43ca-b5e2-309822fd87e3,,1f9f677c-1f5d-4784-828a-970801312639,2026-02-21 18:50:35.434594+00,2026-03-28 23:06:46.125529+00,5.0,
223c559c-1dcb-48d0-a668-87ae843defb5,,1f9f677c-1f5d-4784-828a-970801312639,2026-07-18 22:27:46.746064+00,2026-07-18 22:27:48.069416+00,5.0,
224007fd-2d87-4e2c-8502-e9ecd37d76bb,,29ea2657-3e45-4d28-9abe-6db1d6cdd41b,2025-08-25 09:43:45.928694+00,2025-10-11 19:14:54.275225+00,3.0,
2270e129-deb4-42cf-b24c-e793c90a7b58,63d5d20c-7a7c-44a9-b7b6-941da1b5bff9,81e43532-b6dd-438d-bd72-62be3723c0a4,2025-09-08 13:34:20.679633+00,2025-09-08 13:34:20.679633+00,2.0,
22bd6d94-3b4d-4e84-89e5-4e0f536e5851,,0dd6a46d-90a0-4fca-96bc-5de7241f3c6c,2025-12-20 21:14:44.958163+00,2025-12-30 15:29:39.441893+00,5.0,
22c18fe2-810d-488c-88fb-d19f95c1a638,,e2422f0b-540b-4f35-9ddb-8f4610471bf6,2026-03-07 23:28:16.403649+00,2026-06-29 08:24:16.485438+00,5.0,
22d9233a-1a0a-4742-8979-fa3be87ce005,,410277eb-539b-460c-aff9-24a4a1521dec,2026-02-21 20:50:11.669919+00,2026-02-21 20:55:03.968697+00,5.0,
22e3de60-8949-484c-b762-c42987c622c3,,4de727b2-3853-4fcc-9ad2-2b80d3f02e1c,2025-09-05 23:14:31.336469+00,2026-01-17 20:30:45.309903+00,4.0,
22fd17c7-04e3-4b9e-90da-71fdf79af322,,1f9f677c-1f5d-4784-828a-970801312639,2026-01-17 20:24:05.695473+00,2026-02-08 22:37:34.788429+00,4.0,a7d28f7a-05a8-47b3-8e34-55937064ab42
2302d728-6009-4f2e-88a9-621dd5d54381,,b00f5b54-aabe-4272-a5a3-9f75bbf698e9,2026-01-09 19:38:23.24406+00,2026-01-10 12:08:00.045619+00,2.0,
23063502-9a98-4606-afd0-e93d67d7ea3c,,4de727b2-3853-4fcc-9ad2-2b80d3f02e1c,2025-09-09 05:46:33.086516+00,2025-09-22 21:24:45.485416+00,2.0,e0342b90-a3e5-4f6d-8c42-3ccd59778d3a
2317c6b6-6279-4ffd-9426-b5201483f31d,,b00f5b54-aabe-4272-a5a3-9f75bbf698e9,2026-03-07 00:14:50.691161+00,2026-03-07 19:33:00.964159+00,3.0,
232a3616-98d2-41e2-a130-234b2a355f06,5b0c4862-2d0c-48d3-a1eb-bc2c944cd5d9,4c4fcd34-a462-4c60-aa86-fa9731ea7212,2026-01-31 20:31:26.89329+00,2026-01-31 20:31:29.148064+00,1.0,
236c0e4e-ef98-4662-ba4a-2702a9a8fde1,,4c4fcd34-a462-4c60-aa86-fa9731ea7212,2026-01-31 20:30:07.801422+00,2026-05-26 16:28:24.565212+00,5.0,
2391704e-d014-462b-b338-10b2e76fcabc,,9c974d76-199c-4c05-bd80-2a0681451fe1,2025-09-06 14:27:06.071352+00,2025-09-26 23:10:43.612614+00,1.0,8511bda4-aeea-49ea-9a4c-0d78bfff8981
23ca5cf2-277e-4494-9fa4-0ceaef1766e2,cd824939-6a12-4892-9f0f-9264307a8e14,58fd01fe-b878-41d9-8135-a7f44dbab4d4,2026-04-11 18:30:40.940941+00,2026-04-11 18:30:40.940941+00,2.0,
23e15e42-2905-4c5e-9cb2-da69d913b1e1,,4c4fcd34-a462-4c60-aa86-fa9731ea7212,2025-08-27 19:14:48.646807+00,2025-10-11 21:34:51.643858+00,1.0,25a8a934-47b0-4cb5-b247-92d7704a9abd
23e3aa67-35b2-432d-900d-dbd4398315b4,,29ea2657-3e45-4d28-9abe-6db1d6cdd41b,2025-08-25 09:43:50.541316+00,2025-12-20 17:15:44.790946+00,1.0,
241cb5f0-06b0-4f14-ac4d-ba20097cbf65,09b58b51-7eae-456c-9f00-f26a22f7d64e,58fd01fe-b878-41d9-8135-a7f44dbab4d4,2026-03-07 18:16:40.753203+00,2026-03-07 18:16:40.753203+00,4.0,
24727e8f-cd7d-4e7b-8440-4e18a56f3fd2,,c7f64752-3e0b-4b9c-b96a-ead26aa0258e,2026-01-24 19:41:42.445705+00,2026-02-06 00:17:50.910372+00,3.0,
24c833cc-699c-4918-acfe-e8f3f0fa4245,,5d2a8362-b232-4766-acfa-019ebd70b958,2026-02-07 19:22:28.590755+00,2026-03-21 13:27:31.488746+00,5.0,
25085b24-1569-4da0-8c6f-79dd6a5c6526,,c7f64752-3e0b-4b9c-b96a-ead26aa0258e,2026-02-08 22:48:34.361928+00,2026-03-11 14:41:34.781656+00,5.0,
2509d0e7-d457-4e7c-ba85-6facf88f7440,1bfef229-9c70-4168-94d6-880d37e5da96,0212b5e3-2b19-44a0-a39f-5c0202307872,2025-09-27 18:42:15.646372+00,2025-09-27 18:42:18.793658+00,4.0,
252ebe39-ca1a-4ab6-9868-e6fd5de0723b,,1f9f677c-1f5d-4784-828a-970801312639,2025-10-11 19:18:09.713298+00,2025-12-20 17:15:41.566525+00,5.0,
25dfa20c-d3d7-440c-a873-8c2e6988b874,824ed1a7-648c-4917-afb8-7b23a8cb7716,29ea2657-3e45-4d28-9abe-6db1d6cdd41b,2026-02-28 12:14:31.279367+00,2026-02-28 12:14:31.279367+00,1.0,
25e320c4-76d8-414c-afa0-22a61bb3a440,6d4b88c9-a4c7-4755-af8a-24b637bcc964,9c974d76-199c-4c05-bd80-2a0681451fe1,2026-02-19 11:20:15.677438+00,2026-02-19 11:20:15.677438+00,4.0,
2610271d-a1b6-4ef4-81db-33fded85bdfc,,a2726890-883c-4164-b951-a0619f43d620,2025-09-05 23:17:47.579471+00,2026-01-05 22:03:51.373884+00,4.0,921f588c-7173-4ecb-8bc8-c37358d0ae99
26345164-80d6-4b99-93d9-451ec0b5520f,92b42598-ff4d-4624-9e10-5945a062883e,29ea2657-3e45-4d28-9abe-6db1d6cdd41b,2026-03-15 22:35:49.211135+00,2026-03-15 22:35:55.865926+00,3.0,
266b5b67-a16c-49fa-94dc-fa92fdf4e78d,,58fd01fe-b878-41d9-8135-a7f44dbab4d4,2026-03-07 18:15:39.067595+00,2026-07-18 20:17:43.375893+00,3.0,
267d5631-ca2b-4a73-8044-15ed16b5147f,,410277eb-539b-460c-aff9-24a4a1521dec,2025-08-25 19:34:35.649863+00,2026-02-23 11:05:43.989816+00,5.0,
26889e71-3f0c-4ded-a3af-67c0d021a45e,09b826fc-893f-459f-be25-291dafd6a752,0212b5e3-2b19-44a0-a39f-5c0202307872,2025-09-05 19:22:55.151296+00,2025-09-05 19:22:55.151296+00,1.0,
269b2a32-aa89-4cde-b7cc-c1509033b6f5,,4de727b2-3853-4fcc-9ad2-2b80d3f02e1c,2025-09-27 15:02:56.128207+00,2025-12-30 15:27:16.045074+00,4.0,
26d9d8fc-b162-4e14-9a22-1252749ca7ae,09b58b51-7eae-456c-9f00-f26a22f7d64e,a2726890-883c-4164-b951-a0619f43d620,2026-03-07 19:46:02.461835+00,2026-03-07 19:46:02.461835+00,3.0,
275a38eb-a532-40be-ae23-4ed0deecfbeb,14ea851e-0d9a-4ef3-b7c5-95549c5b34d2,e2422f0b-540b-4f35-9ddb-8f4610471bf6,2026-06-20 20:08:52.246216+00,2026-07-21 16:35:05.569622+00,4.0,
27a46fe9-97e9-47d4-bcbc-6a21aa054eed,248c1261-bd0c-40d7-b7ed-a0058480e6b3,58fd01fe-b878-41d9-8135-a7f44dbab4d4,2026-06-20 20:10:03.915182+00,2026-06-20 20:10:03.915182+00,4.0,
27df8d43-3c88-4f00-95e6-654253968df3,d73565c7-fc85-452b-8ced-27113bd15d3f,c7f64752-3e0b-4b9c-b96a-ead26aa0258e,2026-02-08 22:47:46.670578+00,2026-02-08 22:47:46.670578+00,5.0,
27e47d5f-1f88-4589-b211-0a8319bf968f,92b42598-ff4d-4624-9e10-5945a062883e,a2726890-883c-4164-b951-a0619f43d620,2026-03-13 21:01:48.004364+00,2026-03-13 21:01:48.004364+00,5.0,
27e55470-0925-4903-8748-5f707998cc7e,,29ea2657-3e45-4d28-9abe-6db1d6cdd41b,2026-04-14 16:18:40.440896+00,2026-05-18 17:35:49.272836+00,3.0,
28037bd0-1f9f-4648-abd7-d54ad8b095ed,,4c4fcd34-a462-4c60-aa86-fa9731ea7212,2025-08-27 19:20:53.281393+00,2026-01-31 19:06:32.990415+00,4.0,
28189cdf-f317-4d50-9f0b-ea657fbcb1d7,,410277eb-539b-460c-aff9-24a4a1521dec,2025-08-27 22:33:19.466179+00,2026-01-17 23:11:11.05032+00,5.0,2656ebd5-856f-4eee-9ca5-7d8bc0e0e434
283f6c3e-85d0-41ad-a68e-07b63cf98b7a,,b00f5b54-aabe-4272-a5a3-9f75bbf698e9,2026-01-17 20:49:02.85012+00,2026-03-27 22:56:30.644032+00,5.0,206da1c5-84bb-4658-9d30-627b7b12f3c1
284402ce-6ce1-4e05-aa2e-4dfcc69649c0,,0dd6a46d-90a0-4fca-96bc-5de7241f3c6c,2026-01-02 22:03:56.39255+00,2026-03-07 23:26:21.689164+00,4.0,
285862ca-2f57-4371-93a0-ec129e07ffff,b9a5bae9-a4a9-4cb5-a0b2-215a83ada491,29ea2657-3e45-4d28-9abe-6db1d6cdd41b,2026-08-22 12:01:10.856258+00,2026-08-22 12:01:10.856258+00,3.0,
2895d518-395e-423b-9382-bf58bbbdfd6e,,c7f64752-3e0b-4b9c-b96a-ead26aa0258e,2026-01-24 19:42:38.015934+00,2026-02-07 12:27:44.274887+00,1.0,
2898f031-f0ae-4660-a514-6aaf630691f4,5b0c4862-2d0c-48d3-a1eb-bc2c944cd5d9,bf6f8662-b890-496c-bbd7-6f213b86ca91,2026-01-23 20:15:12.346907+00,2026-01-23 20:15:12.346907+00,5.0,
28c95f1c-142f-4365-a836-2dae05025440,,29ea2657-3e45-4d28-9abe-6db1d6cdd41b,2026-01-21 20:32:52.855294+00,2026-03-27 22:56:30.644032+00,5.0,206da1c5-84bb-4658-9d30-627b7b12f3c1
28cac8ac-0ef0-4d09-b664-10f1c0db704f,,0212b5e3-2b19-44a0-a39f-5c0202307872,2026-01-31 21:18:05.291809+00,2026-02-20 13:51:16.598049+00,3.0,
28f36a64-4ab5-4c32-8711-0f296c34e474,,410277eb-539b-460c-aff9-24a4a1521dec,2026-02-07 22:31:24.559923+00,2026-03-11 14:41:34.781656+00,5.0,
2960454a-3d01-4208-ba81-cdafc355f4df,,0212b5e3-2b19-44a0-a39f-5c0202307872,2026-01-17 20:25:57.564601+00,2026-05-08 21:54:12.924635+00,4.0,6152eb83-8070-4b50-86e3-685b6db518c3
2986cf4b-54d9-4bab-ad07-b918d073f41a,85c496ca-54e7-440b-b45c-8c617a4616d9,29ea2657-3e45-4d28-9abe-6db1d6cdd41b,2026-05-29 19:52:04.012704+00,2026-08-22 12:41:13.577048+00,4.0,
299271a1-9ce8-4d18-bad5-3078872e3637,1bfef229-9c70-4168-94d6-880d37e5da96,b00f5b54-aabe-4272-a5a3-9f75bbf698e9,2025-09-08 20:19:51.377073+00,2026-05-23 16:52:56.291708+00,4.0,
29b862db-1df7-4532-b3a0-d5baeb3af858,,b00f5b54-aabe-4272-a5a3-9f75bbf698e9,2026-05-19 18:54:56.756436+00,2026-05-29 19:42:42.999869+00,4.0,
29e26719-7251-414d-a568-cbd90c8150e3,,29ea2657-3e45-4d28-9abe-6db1d6cdd41b,2025-09-04 12:39:17.915481+00,2025-09-14 21:08:22.481968+00,5.0,e13b249c-c02a-4e79-afdc-4b1f6983eb02
29fb6139-037c-49d0-b92a-e84c1fb50048,d73565c7-fc85-452b-8ced-27113bd15d3f,29ea2657-3e45-4d28-9abe-6db1d6cdd41b,2026-02-07 22:36:22.915698+00,2026-02-09 14:28:34.968521+00,2.0,
2a4d8b8c-4bb7-4771-b065-17fe286bb803,1bfef229-9c70-4168-94d6-880d37e5da96,a2726890-883c-4164-b951-a0619f43d620,2025-09-23 17:33:13.440018+00,2025-09-23 17:33:13.440018+00,5.0,
2a607e1d-da00-4913-9517-723a8787ca98,e017f47f-cb94-41f1-93c4-ed5a88092277,5d2a8362-b232-4766-acfa-019ebd70b958,2026-05-22 19:44:09.202783+00,2026-05-22 19:44:09.202783+00,4.0,
2a8c1fd0-b1fb-40d9-86c4-2d521973c40d,,58fd01fe-b878-41d9-8135-a7f44dbab4d4,2026-02-13 20:38:34.094507+00,2026-02-28 19:12:03.923718+00,3.0,
2aaf7db5-2df8-4a86-9ba2-845805e4e14d,,bf6f8662-b890-496c-bbd7-6f213b86ca91,2025-09-12 11:16:47.923269+00,2025-09-14 21:08:22.481968+00,1.0,e13b249c-c02a-4e79-afdc-4b1f6983eb02
2ae02fa3-c2c0-436c-ac6a-a756cecd2cbc,824ed1a7-648c-4917-afb8-7b23a8cb7716,58fd01fe-b878-41d9-8135-a7f44dbab4d4,2026-02-23 20:29:58.356966+00,2026-02-23 20:29:58.356966+00,3.0,
2b0a1300-6d87-4227-94b0-a3053f3f6f02,b5bdd821-b097-4a79-ade7-809054ddb957,b00f5b54-aabe-4272-a5a3-9f75bbf698e9,2026-05-22 19:31:19.009198+00,2026-05-22 19:31:19.009198+00,5.0,
2b1aec9c-84f8-4e7a-ba88-9b2a8141657d,,a2726890-883c-4164-b951-a0619f43d620,2026-01-31 19:58:43.72517+00,2026-02-21 20:55:06.869652+00,4.0,
2b24503e-152f-495b-98b3-978e684bb967,14ea851e-0d9a-4ef3-b7c5-95549c5b34d2,0dd6a46d-90a0-4fca-96bc-5de7241f3c6c,2026-05-29 19:52:14.76779+00,2026-05-29 19:52:14.76779+00,5.0,
2b5aeee8-a9fb-4881-b6de-27e223961a2f,,5d2a8362-b232-4766-acfa-019ebd70b958,2026-03-07 19:38:16.012578+00,2026-07-18 20:17:41.936568+00,3.0,
2b735957-aed0-4a2a-af8a-f8463bc17b92,,c7f64752-3e0b-4b9c-b96a-ead26aa0258e,2025-08-25 20:17:22.352254+00,2026-01-31 23:16:54.769127+00,5.0,a46a951d-738e-4045-9c41-7ee6258fb194
2ba2aad5-1719-472c-923a-607313d2e3ea,acf88c83-a4db-4e08-852c-1687de20294f,0212b5e3-2b19-44a0-a39f-5c0202307872,2025-09-27 18:42:59.09273+00,2025-09-27 18:42:59.700706+00,3.0,
2bbf2889-6bfc-4f77-bbf2-c82acfd3cc08,,4c11d5fc-32e7-4202-8b96-bc911288d4d6,2025-09-22 17:17:43.527642+00,2025-09-28 08:38:23.106884+00,2.0,
2bea5afd-0a8a-4da7-bd76-591dd2d39208,,e2422f0b-540b-4f35-9ddb-8f4610471bf6,2025-08-25 10:33:08.397327+00,2025-09-28 21:17:25.280164+00,1.0,4b04cec3-e66d-41e7-86bb-d12ed09e914d
2c095ea8-e6fd-42a7-93db-fa60c1c6fde7,a246248c-ac12-4286-b087-740e6db8986d,58fd01fe-b878-41d9-8135-a7f44dbab4d4,2026-02-23 20:30:16.692636+00,2026-02-23 20:30:18.966016+00,4.0,
2c350414-e6a5-420a-97eb-4726bd4b91c0,,1f9f677c-1f5d-4784-828a-970801312639,2026-03-07 23:33:46.973579+00,2026-06-29 08:24:16.485438+00,5.0,
2c44b08b-69b5-4863-9aa6-f198fef6f657,,29ea2657-3e45-4d28-9abe-6db1d6cdd41b,2025-08-25 20:20:15.228014+00,2026-01-24 19:21:46.581266+00,3.0,
2c487e72-fe75-491f-ab0d-850ee65698eb,,c7f64752-3e0b-4b9c-b96a-ead26aa0258e,2026-02-08 22:49:09.089828+00,2026-02-13 23:35:48.872264+00,5.0,c14a6fdf-097f-4d6b-8c43-d1f83cfb0f38
2cef3990-f852-4e48-a358-3dc35b906517,,4c4fcd34-a462-4c60-aa86-fa9731ea7212,2025-08-27 19:15:09.522313+00,2025-09-23 21:58:56.100797+00,2.0,e99fa35b-992f-4074-a820-1f67a802afef
2cf98a86-88d1-4e83-8ac9-f2818c2991c6,,a2726890-883c-4164-b951-a0619f43d620,2025-10-11 19:27:43.561508+00,2026-01-09 22:45:26.025565+00,5.0,0fb4a41f-dae4-41cf-9437-40f81a5b2860
2d69e681-0b0a-424e-9b7c-9dfdfed79ce3,,4c11d5fc-32e7-4202-8b96-bc911288d4d6,2025-09-23 14:08:51.868897+00,2025-09-28 21:17:25.280164+00,3.0,4b04cec3-e66d-41e7-86bb-d12ed09e914d
2d7a3b3b-71e7-41d9-9d08-1707832c9192,824ed1a7-648c-4917-afb8-7b23a8cb7716,1f9f677c-1f5d-4784-828a-970801312639,2026-03-06 22:50:20.189594+00,2026-03-06 22:50:20.189594+00,3.0,
2da4e478-13b1-4e14-b1fb-8314c14d0e81,,a2726890-883c-4164-b951-a0619f43d620,2026-05-22 19:44:25.016593+00,2026-05-29 19:42:42.999869+00,1.0,
2dbd10cb-f063-424e-a1fc-bbe46524ec5a,b9a5bae9-a4a9-4cb5-a0b2-215a83ada491,0212b5e3-2b19-44a0-a39f-5c0202307872,2026-08-21 20:12:32.774875+00,2026-08-21 20:12:32.774875+00,5.0,
2dc21d99-b003-4b1b-bad2-66c18362c1ff,,81e43532-b6dd-438d-bd72-62be3723c0a4,2025-09-11 14:22:35.179553+00,2025-10-07 12:34:51.32359+00,3.0,d602e6c4-9f04-402a-8bed-0e4b0b476fec
2dfa31ba-fab9-4cd9-b036-9917a7c033b3,,bf6f8662-b890-496c-bbd7-6f213b86ca91,2026-01-31 20:13:24.532616+00,2026-04-11 22:20:39.177916+00,3.0,
2dfafdfe-2158-4839-b795-e6177366a5ac,,c7f64752-3e0b-4b9c-b96a-ead26aa0258e,2026-03-13 20:35:45.663785+00,2026-06-20 07:55:58.935282+00,2.0,
2dff0bf4-9466-49d0-8240-c3443bb890ee,,29ea2657-3e45-4d28-9abe-6db1d6cdd41b,2026-03-07 19:34:04.666882+00,2026-07-18 20:17:41.936568+00,5.0,
2e031db6-c096-4a22-9fda-681efe38ecff,,0dd6a46d-90a0-4fca-96bc-5de7241f3c6c,2025-09-23 17:44:44.319248+00,2025-12-20 13:16:39.44817+00,4.0,
2e097bd2-653b-467b-ba8a-8323e0e99823,,a2726890-883c-4164-b951-a0619f43d620,2026-01-09 19:15:38.125485+00,2026-05-18 17:38:36.36148+00,2.0,
2e26f2e7-8625-4eb2-8a0b-8b3b51c69747,09b826fc-893f-459f-be25-291dafd6a752,4c11d5fc-32e7-4202-8b96-bc911288d4d6,2025-09-22 17:17:34.295884+00,2025-09-22 17:17:34.295884+00,4.0,
2e33f583-abc5-4a54-b4ca-b3d839b346f7,,4c11d5fc-32e7-4202-8b96-bc911288d4d6,2025-12-20 21:10:55.555891+00,2026-01-24 00:34:08.844972+00,3.0,
2e36e0d1-8f65-4e99-9c45-5aba2047420f,,5d2a8362-b232-4766-acfa-019ebd70b958,2026-02-28 19:02:00.089192+00,2026-03-28 23:06:46.125529+00,1.0,
2e3f6eea-3cba-4442-b0ca-f88eb92d68d8,c8243c81-7a6d-4988-a61c-9b620cb0104d,e2422f0b-540b-4f35-9ddb-8f4610471bf6,2026-02-13 20:33:18.38952+00,2026-07-21 16:31:45.791947+00,5.0,
2e458d99-0d99-43b9-8f84-a940b8de58ef,,410277eb-539b-460c-aff9-24a4a1521dec,2025-08-24 19:49:21.208506+00,2025-12-20 17:15:44.790946+00,5.0,
2e4731b8-9e47-4ab4-b3c1-f24c1027dbeb,,0dd6a46d-90a0-4fca-96bc-5de7241f3c6c,2026-02-28 18:58:21.011927+00,2026-02-28 22:27:53.44066+00,5.0,90a88789-e1fb-4fe6-808c-627da1ceb0c2
2e7cc450-1bfc-45cc-85a9-4616f5d2f6a7,,4c11d5fc-32e7-4202-8b96-bc911288d4d6,2025-09-22 17:16:31.018244+00,2026-01-17 20:30:45.309903+00,2.0,
2ebe10ab-07b6-4864-97ec-ff4d2d680ecb,d73565c7-fc85-452b-8ced-27113bd15d3f,410277eb-539b-460c-aff9-24a4a1521dec,2026-02-15 14:24:06.887045+00,2026-02-15 14:24:06.887045+00,5.0,
2ec1476b-1126-4909-86d8-8e4488c3c250,,a2726890-883c-4164-b951-a0619f43d620,2025-09-05 23:19:12.178828+00,2025-09-14 21:08:22.481968+00,3.0,e13b249c-c02a-4e79-afdc-4b1f6983eb02
2ecad71b-920a-487c-aed3-a2a931b0fa6d,,bf6f8662-b890-496c-bbd7-6f213b86ca91,2025-09-02 20:13:59.871741+00,2025-09-22 21:24:45.485416+00,4.0,e0342b90-a3e5-4f6d-8c42-3ccd59778d3a
2ef26924-afcf-40fa-a96d-e50e5fc4bd8e,,4c11d5fc-32e7-4202-8b96-bc911288d4d6,2025-09-22 17:16:18.542056+00,2026-01-17 20:30:43.673613+00,1.0,
2f180061-f133-40bc-8008-4276fa5459ba,,0212b5e3-2b19-44a0-a39f-5c0202307872,2026-03-27 20:19:40.642979+00,2026-06-20 22:59:04.165122+00,4.0,0bee2ea3-748e-4792-be47-a333dc78426a
2f46e814-7c3f-4fac-95b7-0dae6c45c0e8,,410277eb-539b-460c-aff9-24a4a1521dec,2025-09-23 17:27:00.762587+00,2025-12-20 13:16:32.158138+00,5.0,
2f5286d6-fe0e-4cc9-b91e-14bd94a5b801,,1f9f677c-1f5d-4784-828a-970801312639,2025-10-11 19:19:37.756139+00,2026-01-09 22:45:26.025565+00,5.0,0fb4a41f-dae4-41cf-9437-40f81a5b2860
2f56ba4a-5d07-44b9-bc16-1e1f0cb7555a,,b00f5b54-aabe-4272-a5a3-9f75bbf698e9,2026-02-28 23:29:35.465462+00,2026-03-03 06:14:35.372128+00,5.0,
2f90e43c-9af1-406d-accb-22ed139ca979,,bf6f8662-b890-496c-bbd7-6f213b86ca91,2026-01-23 20:13:35.703176+00,2026-05-08 21:54:12.924635+00,3.0,6152eb83-8070-4b50-86e3-685b6db518c3
2ff1c81e-f2b2-4ee5-9456-c923239dd2a5,d73565c7-fc85-452b-8ced-27113bd15d3f,e2422f0b-540b-4f35-9ddb-8f4610471bf6,2026-02-07 22:31:50.923756+00,2026-03-29 19:14:31.07493+00,2.0,
302014e9-94ae-444d-83f1-872953469d13,824ed1a7-648c-4917-afb8-7b23a8cb7716,e2422f0b-540b-4f35-9ddb-8f4610471bf6,2026-02-28 16:18:01.595998+00,2026-07-21 16:34:53.399981+00,5.0,
302c796d-2e61-4d89-874d-86e74da4bf8f,312025bf-dbea-48c7-af7c-4460fafb06cc,b00f5b54-aabe-4272-a5a3-9f75bbf698e9,2026-05-14 17:03:04.365127+00,2026-05-14 17:03:04.365127+00,5.0,
306030ce-ca34-41cb-a765-f76a90444899,,58fd01fe-b878-41d9-8135-a7f44dbab4d4,2026-01-09 19:41:17.270761+00,2026-01-24 00:34:08.844972+00,4.0,
30666527-4ec6-4bc1-b030-30f9b79634e9,ac2bfc67-8e6c-484d-9e81-4b6480071dbd,58fd01fe-b878-41d9-8135-a7f44dbab4d4,2026-03-27 20:19:53.372983+00,2026-03-27 20:19:53.372983+00,4.0,
3072a985-d93f-4131-bb89-7ea8a02a3dd5,,1f9f677c-1f5d-4784-828a-970801312639,2026-02-21 18:50:09.496936+00,2026-02-28 12:16:14.94265+00,5.0,
30b0f549-ab16-4d7b-87fc-04ee1cd34b43,d71848de-5785-4230-a44d-08f4aec4cb6b,0dd6a46d-90a0-4fca-96bc-5de7241f3c6c,2025-09-27 21:53:10.539191+00,2025-09-27 21:53:10.539191+00,2.0,
30f077e7-bbcc-4974-93bc-47f3432f2017,,58fd01fe-b878-41d9-8135-a7f44dbab4d4,2026-03-07 23:37:51.569892+00,2026-06-20 22:59:04.165122+00,4.0,0bee2ea3-748e-4792-be47-a333dc78426a
310f6f0b-880e-4d11-bcf6-c48e400aa646,,58fd01fe-b878-41d9-8135-a7f44dbab4d4,2026-01-09 19:42:30.607053+00,2026-02-07 12:27:44.274887+00,1.0,
31347d61-f01b-40d9-aee6-1e7b378fd929,,58fd01fe-b878-41d9-8135-a7f44dbab4d4,2026-01-24 19:31:15.908318+00,2026-02-21 20:55:06.869652+00,3.0,
3193ca96-3c73-4f8a-aca5-cc19d683848d,,c7f64752-3e0b-4b9c-b96a-ead26aa0258e,2025-12-20 21:09:01.573731+00,2025-12-30 15:32:41.954642+00,4.0,
319e1d7f-48b8-481c-a21c-d99f3232a33e,248c1261-bd0c-40d7-b7ed-a0058480e6b3,0212b5e3-2b19-44a0-a39f-5c0202307872,2026-08-21 20:12:12.015891+00,2026-08-21 20:12:24.241581+00,5.0,
31a7d286-83dc-4014-a241-1f222abad609,,410277eb-539b-460c-aff9-24a4a1521dec,2025-08-24 19:45:43.24733+00,2026-02-21 10:27:41.804306+00,5.0,
31b1df0a-2a70-464b-924c-9b63f37cb053,,410277eb-539b-460c-aff9-24a4a1521dec,2025-09-05 23:18:28.614025+00,2026-04-11 22:20:39.177916+00,5.0,
31e08d17-15c9-4917-81f7-f9396015293c,,bf6f8662-b890-496c-bbd7-6f213b86ca91,2025-09-12 11:16:32.906518+00,2026-01-17 20:30:45.309903+00,5.0,
31fb0232-c952-4886-a9dd-b9e7f42a0318,38e7b30b-baa2-4545-b326-77744fdc4862,4de727b2-3853-4fcc-9ad2-2b80d3f02e1c,2026-01-17 20:49:01.443363+00,2026-01-17 20:49:01.443363+00,5.0,
32273714-a6c9-43d1-a152-6871022e005f,,b00f5b54-aabe-4272-a5a3-9f75bbf698e9,2026-02-28 12:21:09.061917+00,2026-02-28 12:58:04.797164+00,4.0,
325310c4-c842-40ab-bc67-0b7f66e1c5fd,,0dd6a46d-90a0-4fca-96bc-5de7241f3c6c,2026-02-07 19:01:58.026349+00,2026-02-07 22:11:04.590951+00,5.0,6f17c897-4720-41ba-90e0-16e0cdd192a5
326b0c36-e3b4-4db0-9bc7-366ae9104e2f,,b00f5b54-aabe-4272-a5a3-9f75bbf698e9,2025-08-27 19:22:55.643122+00,2026-01-17 23:11:11.05032+00,1.0,2656ebd5-856f-4eee-9ca5-7d8bc0e0e434
3275773c-68a7-43f3-a91e-386df6cf1021,,a2726890-883c-4164-b951-a0619f43d620,2026-07-05 20:25:07.702715+00,2026-07-18 22:00:54.79441+00,5.0,f1d992f7-922a-4303-96e9-816266abe570
32b32ba1-ddb5-487c-9084-42d38d3defbe,a246248c-ac12-4286-b087-740e6db8986d,5d2a8362-b232-4766-acfa-019ebd70b958,2026-02-28 19:00:18.411309+00,2026-02-28 19:00:20.646081+00,2.0,
32b9ba93-d5e1-4a6d-a7b5-99ce55850b1b,312025bf-dbea-48c7-af7c-4460fafb06cc,a2726890-883c-4164-b951-a0619f43d620,2026-05-22 19:45:36.718715+00,2026-05-22 19:45:36.718715+00,2.0,
3340148e-735f-4bbf-8351-682bb5296cb1,85c496ca-54e7-440b-b45c-8c617a4616d9,0dd6a46d-90a0-4fca-96bc-5de7241f3c6c,2026-05-29 19:51:57.243295+00,2026-05-29 19:51:57.243295+00,5.0,
3363e776-9a31-4286-a943-488522bc5524,318afdb9-0b7d-4128-b036-8c3cdf8f9d2e,410277eb-539b-460c-aff9-24a4a1521dec,2026-07-10 11:40:13.950681+00,2026-07-10 11:40:13.950681+00,5.0,
3383aaab-cfd7-48b3-af22-e053130864f8,,29ea2657-3e45-4d28-9abe-6db1d6cdd41b,2026-01-24 20:43:27.591516+00,2026-02-21 20:55:06.869652+00,1.0,
338a1d43-ce7a-4d98-b78e-96cd45831600,,58fd01fe-b878-41d9-8135-a7f44dbab4d4,2026-06-20 20:08:16.367853+00,2026-08-21 20:15:36.742817+00,5.0,a8bfff48-c0f8-49e6-8479-23fc4881c4dd
33a36aae-a79c-43e4-9728-b44db12199dc,,bf6f8662-b890-496c-bbd7-6f213b86ca91,2025-09-23 17:44:22.218306+00,2025-12-30 15:32:41.954642+00,2.0,
33f78415-84df-4719-acbc-88b0ff23c158,,e2422f0b-540b-4f35-9ddb-8f4610471bf6,2025-08-25 19:49:16.162172+00,2026-01-05 22:03:51.373884+00,1.0,921f588c-7173-4ecb-8bc8-c37358d0ae99
3462fb1e-71d9-4261-914c-4c7dcd921622,,e2422f0b-540b-4f35-9ddb-8f4610471bf6,2025-09-05 23:22:58.439318+00,2026-01-17 20:21:11.739992+00,5.0,
351ae249-4c2e-4dac-8bfc-916124fb04d8,,b00f5b54-aabe-4272-a5a3-9f75bbf698e9,2026-02-01 09:30:27.251194+00,2026-02-07 22:11:04.590951+00,5.0,6f17c897-4720-41ba-90e0-16e0cdd192a5
351f30a2-d3e0-492f-ab98-c4a309dca0f2,,58fd01fe-b878-41d9-8135-a7f44dbab4d4,2026-01-09 19:40:55.261485+00,2026-05-18 17:38:36.36148+00,5.0,
3521cabd-ff60-4cb2-ad38-3dd89f8fda5c,,b00f5b54-aabe-4272-a5a3-9f75bbf698e9,2026-03-03 09:44:22.891812+00,2026-03-04 23:11:13.279873+00,5.0,
356fabf2-2121-49a7-972d-8c177fb86e28,,4c4fcd34-a462-4c60-aa86-fa9731ea7212,2026-01-17 20:49:04.44999+00,2026-03-27 22:56:30.644032+00,3.0,206da1c5-84bb-4658-9d30-627b7b12f3c1
3574264b-2742-41af-9c75-126736b5a6cf,,29ea2657-3e45-4d28-9abe-6db1d6cdd41b,2026-07-20 08:46:10.479909+00,2026-07-20 17:34:44.376327+00,2.0,
35d4e956-ec7a-421c-9fb3-3b87674936d6,72200498-8bbf-4a8f-a5cf-b88204fc2537,29ea2657-3e45-4d28-9abe-6db1d6cdd41b,2026-07-18 22:23:45.502454+00,2026-07-18 22:23:45.502454+00,5.0,
35e31baf-a8c9-4ac9-91e0-b740633b5002,,0212b5e3-2b19-44a0-a39f-5c0202307872,2026-01-17 20:24:49.445032+00,2026-01-24 22:07:28.208852+00,4.0,93955070-a6f3-4e7d-aeea-a730c82cafe4
35ecc471-cead-44e0-a369-181ab87eb7db,312025bf-dbea-48c7-af7c-4460fafb06cc,1f9f677c-1f5d-4784-828a-970801312639,2026-05-16 20:12:46.146353+00,2026-05-16 20:12:46.80072+00,5.0,
36297e4c-944c-4713-9446-e4e26f118381,,b00f5b54-aabe-4272-a5a3-9f75bbf698e9,2026-03-08 23:02:42.230548+00,2026-07-17 07:19:09.226491+00,5.0,
367639fb-aa2e-404b-9a72-611a02032f4f,,4c4fcd34-a462-4c60-aa86-fa9731ea7212,2026-01-17 20:24:37.030578+00,2026-01-17 20:30:43.673613+00,1.0,
36c1f5c0-2527-4b29-b30e-1aec53fa4fff,,4de727b2-3853-4fcc-9ad2-2b80d3f02e1c,2025-09-09 05:44:43.337258+00,2026-01-22 05:43:22.027127+00,3.0,
36c27850-1cd0-45ae-bc61-9ee2028c44eb,,4de727b2-3853-4fcc-9ad2-2b80d3f02e1c,2025-09-27 15:05:25.179177+00,2025-12-20 13:16:32.158138+00,3.0,
36fc49e2-f634-4c99-a03a-56039c79fbdb,,e2422f0b-540b-4f35-9ddb-8f4610471bf6,2026-02-20 17:19:48.187083+00,2026-02-28 12:16:14.94265+00,3.0,
36ff874c-a5e1-4921-8a0b-5e2954f173a0,,0212b5e3-2b19-44a0-a39f-5c0202307872,2026-02-28 19:08:03.858564+00,2026-03-01 08:35:03.533765+00,3.0,
37304dc1-6609-4c9a-9569-5a7f3a531407,e017f47f-cb94-41f1-93c4-ed5a88092277,58fd01fe-b878-41d9-8135-a7f44dbab4d4,2026-04-11 18:30:19.191049+00,2026-04-11 18:30:19.191049+00,3.0,
37454027-43db-4a44-a477-650e2bbba8e7,10563bd6-00dd-4945-87a1-17e2e6770954,5d2a8362-b232-4766-acfa-019ebd70b958,2026-02-07 19:27:25.608154+00,2026-02-07 19:27:25.608154+00,1.0,
37ac3c08-2219-45d3-9787-60d813974ee8,,4de727b2-3853-4fcc-9ad2-2b80d3f02e1c,2025-09-23 17:33:30.314909+00,2026-01-05 22:03:51.373884+00,5.0,921f588c-7173-4ecb-8bc8-c37358d0ae99
37ad649f-5308-4724-847d-4c174e9b6c6d,,4c11d5fc-32e7-4202-8b96-bc911288d4d6,2025-10-21 08:49:48.147266+00,2026-03-06 22:43:45.867763+00,1.0,
37b8018e-d6c7-4597-8c9d-391779b39566,,c7f64752-3e0b-4b9c-b96a-ead26aa0258e,2026-02-20 21:51:09.399851+00,2026-02-28 12:16:14.94265+00,5.0,
3868873b-0a18-41f4-89a3-520fdeb4da63,,410277eb-539b-460c-aff9-24a4a1521dec,2025-12-28 20:55:26.517086+00,2026-05-22 19:18:42.860007+00,5.0,
388a068d-551f-4ddb-ba34-0f7cf67ff339,5b0c4862-2d0c-48d3-a1eb-bc2c944cd5d9,1f9f677c-1f5d-4784-828a-970801312639,2026-01-17 20:25:45.30515+00,2026-01-17 20:25:45.30515+00,5.0,
38c9acaf-0327-4de2-9354-966e5ee64730,,58fd01fe-b878-41d9-8135-a7f44dbab4d4,2026-03-08 22:59:04.296896+00,2026-03-08 23:01:35.625858+00,3.0,
395c1a42-2aaf-486b-8219-d667018227c0,,e2422f0b-540b-4f35-9ddb-8f4610471bf6,2025-10-11 19:16:06.082121+00,2025-12-20 23:53:03.41703+00,4.0,58d6b989-5a2e-4c8f-885d-bb3ccb0b52b6
396f4b8e-d5eb-4324-90a3-e328ecc4b34c,,0dd6a46d-90a0-4fca-96bc-5de7241f3c6c,2026-01-17 20:49:34.353147+00,2026-03-27 22:56:30.644032+00,5.0,206da1c5-84bb-4658-9d30-627b7b12f3c1
3a3ede31-e5a5-4342-855a-a866a5f31199,,58fd01fe-b878-41d9-8135-a7f44dbab4d4,2025-09-25 19:37:21.393261+00,2025-09-25 22:02:41.016365+00,4.0,5a75c8c1-f378-4f2b-830c-6474ab7f1fb0
3a43c561-e17e-4a92-ac45-80b97dbf1c6d,,1f9f677c-1f5d-4784-828a-970801312639,2026-03-06 23:07:42.693121+00,2026-07-18 20:17:41.936568+00,5.0,
3a5a4bef-0fe5-4c87-94da-56c56bd252d7,1bfef229-9c70-4168-94d6-880d37e5da96,5d2a8362-b232-4766-acfa-019ebd70b958,2025-09-08 17:09:34.055637+00,2025-09-08 17:09:34.055637+00,5.0,
3a67e4f2-d0cd-4513-938f-6aa237f54cf5,,4c4fcd34-a462-4c60-aa86-fa9731ea7212,2025-08-27 19:16:34.484721+00,2025-09-28 21:17:25.280164+00,4.0,4b04cec3-e66d-41e7-86bb-d12ed09e914d
3ac257db-f538-455b-bacf-2dd8f756396d,,e2422f0b-540b-4f35-9ddb-8f4610471bf6,2025-08-24 19:38:00.185959+00,2025-12-30 15:27:16.045074+00,3.0,
3ad040ae-4078-41d6-bae2-3cc5b58f8c63,,c7f64752-3e0b-4b9c-b96a-ead26aa0258e,2026-01-31 21:20:06.143055+00,2026-03-08 09:51:20.744774+00,3.0,
3b131b42-9a54-4a56-bbbe-b690d8c23e34,,0dd6a46d-90a0-4fca-96bc-5de7241f3c6c,2025-08-25 19:32:32.155149+00,2025-09-23 21:58:56.100797+00,5.0,e99fa35b-992f-4074-a820-1f67a802afef
3b5af1e3-77b4-4493-bf25-8da1c7f243e3,,bf6f8662-b890-496c-bbd7-6f213b86ca91,2026-01-23 20:12:31.420704+00,2026-01-24 22:07:28.208852+00,5.0,93955070-a6f3-4e7d-aeea-a730c82cafe4
3bc64dab-361f-4138-ae4c-fb83d223014b,,c7f64752-3e0b-4b9c-b96a-ead26aa0258e,2025-12-20 21:08:30.748269+00,2026-01-22 05:43:22.027127+00,5.0,
3bcc79bb-7d5f-4850-a2f1-aaea9b154d12,72200498-8bbf-4a8f-a5cf-b88204fc2537,58fd01fe-b878-41d9-8135-a7f44dbab4d4,2026-08-11 19:58:46.806813+00,2026-08-11 19:58:46.806813+00,4.0,
3bd075de-5730-43cb-87b8-d414f591b1b6,,29ea2657-3e45-4d28-9abe-6db1d6cdd41b,2025-08-25 09:43:21.111825+00,2025-12-30 15:27:16.045074+00,3.0,
3bdc68c1-2cb3-4e18-aff0-8e8e2264c921,14ea851e-0d9a-4ef3-b7c5-95549c5b34d2,0212b5e3-2b19-44a0-a39f-5c0202307872,2026-08-21 20:11:30.2684+00,2026-08-21 20:11:30.2684+00,1.0,
3beb8c6e-dc7c-41eb-905e-8b31b3599e52,a25b0b1b-aa7e-4f83-9b8b-2766ef0f2c9a,0212b5e3-2b19-44a0-a39f-5c0202307872,2026-01-31 20:25:04.04958+00,2026-01-31 20:25:05.686022+00,4.0,
3bec63c2-824c-4a8c-a256-712b65dd29b5,,4de727b2-3853-4fcc-9ad2-2b80d3f02e1c,2025-09-23 17:33:24.613811+00,2025-12-30 15:32:41.954642+00,2.0,
3c2e4d36-678c-4b07-a21b-e5cdc36bfaa7,,b00f5b54-aabe-4272-a5a3-9f75bbf698e9,2025-08-25 20:14:53.98416+00,2026-01-05 22:03:51.373884+00,3.0,921f588c-7173-4ecb-8bc8-c37358d0ae99
3c4cc652-d8e3-463a-b3be-937f27c81cdf,,4c4fcd34-a462-4c60-aa86-fa9731ea7212,2026-01-31 20:33:01.541021+00,2026-02-07 22:11:04.590951+00,1.0,6f17c897-4720-41ba-90e0-16e0cdd192a5
3c66ab05-af8b-40d5-b74e-1e9fa6f825e3,,29ea2657-3e45-4d28-9abe-6db1d6cdd41b,2025-08-25 09:43:28.779345+00,2025-09-28 21:17:25.280164+00,1.0,4b04cec3-e66d-41e7-86bb-d12ed09e914d
3c6d7e3d-21d0-4169-8cb9-89ea9de8e737,38e7b30b-baa2-4545-b326-77744fdc4862,bf6f8662-b890-496c-bbd7-6f213b86ca91,2026-01-23 20:13:14.615161+00,2026-01-23 20:13:14.615161+00,5.0,
3c72fb51-f0ab-4ddc-b022-94175cdce8d6,,e2422f0b-540b-4f35-9ddb-8f4610471bf6,2026-01-24 14:28:44.677098+00,2026-05-22 21:31:41.907457+00,3.0,4f7f967a-2144-46a0-92ed-949a8f7feaf4
3cd3863d-021e-44dc-8eae-b4876eebeefe,,b00f5b54-aabe-4272-a5a3-9f75bbf698e9,2025-08-25 12:45:34.186285+00,2026-02-23 11:05:43.989816+00,5.0,
3cea48eb-e15e-4f5e-a31e-58bcb23f2fa0,,4c4fcd34-a462-4c60-aa86-fa9731ea7212,2026-01-17 20:28:33.042756+00,2026-05-22 19:18:42.860007+00,3.0,
3d1438b2-6f87-4192-9e42-011a85ecaf19,a246248c-ac12-4286-b087-740e6db8986d,0dd6a46d-90a0-4fca-96bc-5de7241f3c6c,2026-02-22 22:34:27.893662+00,2026-02-22 22:34:27.893662+00,5.0,
3d25bf05-11e7-4b2f-82f5-e471ca9bde1d,092bb9db-0cea-411c-8e1b-36d30ad01f65,0212b5e3-2b19-44a0-a39f-5c0202307872,2026-08-21 20:10:11.629485+00,2026-08-21 20:10:11.629485+00,5.0,
3d59a608-be83-48f8-8458-88c1c0a97c3c,,1f9f677c-1f5d-4784-828a-970801312639,2025-09-27 19:44:46.595271+00,2025-12-20 17:22:45.577065+00,5.0,
3d5a64b4-e87b-4c20-913d-c4755c73f7de,,1f9f677c-1f5d-4784-828a-970801312639,2026-03-07 23:33:14.171293+00,2026-06-20 22:59:04.165122+00,5.0,0bee2ea3-748e-4792-be47-a333dc78426a
3db044ad-d1f2-4e60-aa27-f233ec4cc1d1,acf88c83-a4db-4e08-852c-1687de20294f,58fd01fe-b878-41d9-8135-a7f44dbab4d4,2025-09-27 19:19:12.711288+00,2026-02-23 20:31:02.712518+00,5.0,
3dbfd8af-3571-44c5-93b6-97f4d08ce4d0,,410277eb-539b-460c-aff9-24a4a1521dec,2026-01-17 20:25:46.933872+00,2026-03-21 13:27:31.488746+00,5.0,
3dd741a2-9e28-4a51-8e9e-f5c0a08479b4,85c496ca-54e7-440b-b45c-8c617a4616d9,b00f5b54-aabe-4272-a5a3-9f75bbf698e9,2026-07-05 10:01:54.665487+00,2026-07-05 10:01:54.665487+00,4.0,
3df56676-3594-47b9-94d7-523de13a2569,,4de727b2-3853-4fcc-9ad2-2b80d3f02e1c,2026-01-17 20:22:28.138138+00,2026-05-18 17:38:36.36148+00,3.0,
3e0ee12f-16c7-442f-8d96-237f811eb7cc,d73565c7-fc85-452b-8ced-27113bd15d3f,4de727b2-3853-4fcc-9ad2-2b80d3f02e1c,2026-03-13 20:29:32.542861+00,2026-03-13 20:29:32.542861+00,3.0,
3e150a94-0d16-4b79-9077-eb777467dacd,,58fd01fe-b878-41d9-8135-a7f44dbab4d4,2025-08-27 18:33:50.20179+00,2026-01-17 23:11:11.05032+00,5.0,2656ebd5-856f-4eee-9ca5-7d8bc0e0e434
3e882be2-4ca9-4c07-a4d5-44c234e5619c,,0dd6a46d-90a0-4fca-96bc-5de7241f3c6c,2026-02-28 18:57:48.119268+00,2026-03-01 08:35:03.533765+00,3.0,
3ea6c34a-d95c-4928-8bfd-ad01aeb18d94,,29ea2657-3e45-4d28-9abe-6db1d6cdd41b,2025-09-08 21:18:04.117545+00,2025-09-27 22:03:50.892683+00,2.0,
3ec76845-9623-4b5b-98be-de0e65908e30,,0dd6a46d-90a0-4fca-96bc-5de7241f3c6c,2026-01-24 20:43:18.901091+00,2026-02-21 20:55:06.869652+00,1.0,
3f0aeacb-6922-431c-b93d-e29cfabacf17,,e4f7f8ef-e94c-49ba-b692-99cefc421554,2025-09-06 14:45:57.125759+00,2025-09-06 15:53:46.499495+00,5.0,3baacdc6-7365-4424-b88d-b21b34a5e85d
3f1d8f92-8e83-4e22-bce3-4e239aada106,,58fd01fe-b878-41d9-8135-a7f44dbab4d4,2025-08-24 19:53:25.598709+00,2025-12-20 17:22:45.577065+00,4.0,
3f418c92-2d95-4e52-b444-29641deece7f,,b00f5b54-aabe-4272-a5a3-9f75bbf698e9,2025-09-23 18:58:21.766164+00,2026-01-31 18:55:23.884091+00,4.0,
3f4959df-fdab-4f1b-b64d-0d7d2054e854,72200498-8bbf-4a8f-a5cf-b88204fc2537,e2422f0b-540b-4f35-9ddb-8f4610471bf6,2026-07-18 22:17:34.39991+00,2026-07-18 22:17:34.39991+00,5.0,
3f9aa9e5-d912-4c51-9a53-7beca73e8721,,58fd01fe-b878-41d9-8135-a7f44dbab4d4,2026-03-07 18:16:21.749248+00,2026-06-20 07:55:58.935282+00,4.0,
3fa72964-f97c-4cb2-99a7-ff4b9b5467ed,,0dd6a46d-90a0-4fca-96bc-5de7241f3c6c,2026-01-02 22:02:31.833092+00,2026-05-18 17:38:36.36148+00,4.0,
3fc030ca-cc76-4e9f-96f3-c43241b22d69,,0dd6a46d-90a0-4fca-96bc-5de7241f3c6c,2026-06-20 20:06:52.516821+00,2026-08-21 20:15:36.742817+00,5.0,a8bfff48-c0f8-49e6-8479-23fc4881c4dd
400e10c2-8b94-4330-8ded-baa150cd4bb8,,29ea2657-3e45-4d28-9abe-6db1d6cdd41b,2025-08-25 20:19:44.696652+00,2026-01-31 23:16:54.769127+00,2.0,a46a951d-738e-4045-9c41-7ee6258fb194
40297644-4317-4669-9f6d-66499f90566b,,4a129334-f055-43ce-849d-5edeb7b82b1f,2025-09-06 15:53:20.035781+00,2025-09-26 23:20:33.041142+00,1.0,dbd8f7a2-71a3-4b1d-95b0-eef4dab3e2f2
4075eb0c-969e-487a-9839-39a6d7ba6233,,4de727b2-3853-4fcc-9ad2-2b80d3f02e1c,2025-09-27 15:02:43.877847+00,2025-09-28 21:17:25.280164+00,3.0,4b04cec3-e66d-41e7-86bb-d12ed09e914d
409b9af6-951d-49fb-81a7-986f51fac895,,410277eb-539b-460c-aff9-24a4a1521dec,2025-09-05 23:18:40.253167+00,2026-01-17 20:30:43.673613+00,5.0,
40a0a5b6-1ab6-4365-8d47-18557105de72,7673fe73-7021-4b63-b187-e22f5c246527,29ea2657-3e45-4d28-9abe-6db1d6cdd41b,2026-07-19 18:12:19.782205+00,2026-07-19 18:12:20.248419+00,4.0,
40d17506-3a6c-4c38-bffc-d3536aae1bb6,,410277eb-539b-460c-aff9-24a4a1521dec,2026-02-13 20:40:34.6289+00,2026-02-13 23:35:48.872264+00,5.0,c14a6fdf-097f-4d6b-8c43-d1f83cfb0f38
40e18c4f-16fa-436d-9b03-9c4f31a35285,b94e7e71-2843-4c04-97b2-6ac00ab3cc3a,0212b5e3-2b19-44a0-a39f-5c0202307872,2025-08-27 19:18:23.258496+00,2025-08-27 19:18:23.864596+00,1.0,
41354895-570e-44e4-bd44-4043290c1d62,,a2726890-883c-4164-b951-a0619f43d620,2026-03-07 19:45:33.249044+00,2026-06-20 07:55:58.935282+00,4.0,
414e5ca5-de25-4d1c-b7f3-4e801341ddcf,,4de727b2-3853-4fcc-9ad2-2b80d3f02e1c,2026-01-17 20:49:07.611615+00,2026-03-27 22:56:30.644032+00,5.0,206da1c5-84bb-4658-9d30-627b7b12f3c1
4158ed43-035a-4cc4-b40b-e702211312d1,,bf6f8662-b890-496c-bbd7-6f213b86ca91,2025-09-12 11:16:27.703047+00,2026-01-17 20:30:43.673613+00,5.0,
41802961-f69e-4b0e-9c8a-000eb055b4b5,,0dd6a46d-90a0-4fca-96bc-5de7241f3c6c,2026-01-09 19:41:23.893395+00,2026-03-13 21:00:31.165242+00,1.0,
4190416d-c2f2-4f7b-b9df-1fd5417e3935,,1f9f677c-1f5d-4784-828a-970801312639,2026-07-18 22:19:28.55649+00,2026-07-18 22:24:58.480281+00,5.0,
4195a747-0aaa-479a-b846-e651efbd64cb,,bf6f8662-b890-496c-bbd7-6f213b86ca91,2026-01-23 20:13:53.483617+00,2026-03-27 22:56:30.644032+00,3.0,206da1c5-84bb-4658-9d30-627b7b12f3c1
419a83a9-e5db-4bf6-ae9f-6b361745dfbd,,58fd01fe-b878-41d9-8135-a7f44dbab4d4,2025-09-22 21:40:30.682068+00,2025-12-30 15:32:41.954642+00,3.0,
41a3a65b-a789-4b67-911e-569fb7d73889,,4de727b2-3853-4fcc-9ad2-2b80d3f02e1c,2026-07-18 19:30:38.301357+00,2026-07-18 22:16:59.078323+00,3.0,
4200ef29-a74e-4a0b-a938-33b21744ea46,,4de727b2-3853-4fcc-9ad2-2b80d3f02e1c,2026-03-13 20:29:39.30394+00,2026-07-18 20:17:41.936568+00,2.0,
42179184-00cc-431e-8773-c0de6ca6e0b0,,e2422f0b-540b-4f35-9ddb-8f4610471bf6,2026-02-28 16:18:13.970028+00,2026-03-01 08:35:03.533765+00,3.0,
4244b22c-f58f-4dae-a6f3-4f2a315a97d3,c5ad2676-0596-4503-9b77-f41f5cd67632,29ea2657-3e45-4d28-9abe-6db1d6cdd41b,2026-05-22 21:45:10.058182+00,2026-05-22 21:45:10.058182+00,3.0,
42ae9143-174b-4fb2-86cc-5aa846cc1457,,e2422f0b-540b-4f35-9ddb-8f4610471bf6,2026-01-24 14:27:29.457799+00,2026-05-26 16:28:24.565212+00,2.0,
42c94c8e-4a20-4131-90bd-791cc1785b47,,58fd01fe-b878-41d9-8135-a7f44dbab4d4,2025-09-22 10:04:29.437637+00,2025-09-27 22:03:50.892683+00,2.0,
42f5d436-ae4b-4916-87de-177faa45c704,,b00f5b54-aabe-4272-a5a3-9f75bbf698e9,2025-08-29 20:07:33.1004+00,2025-09-22 21:24:45.485416+00,4.0,e0342b90-a3e5-4f6d-8c42-3ccd59778d3a
431baf66-f6cb-4ac9-ab9c-fc4156b88043,,0dd6a46d-90a0-4fca-96bc-5de7241f3c6c,2025-08-25 20:14:58.637413+00,2026-01-24 19:21:46.581266+00,3.0,
4332d66f-91f8-4c90-a693-e9facf3cc4cb,a246248c-ac12-4286-b087-740e6db8986d,410277eb-539b-460c-aff9-24a4a1521dec,2026-02-22 13:25:52.018176+00,2026-02-22 13:25:52.018176+00,5.0,
433e6e84-dfec-4ff6-91fc-29ce780b56c7,,4c11d5fc-32e7-4202-8b96-bc911288d4d6,2025-12-20 21:09:46.0986+00,2025-12-21 22:43:48.747479+00,3.0,
434f6025-e55d-4e1c-86d7-d7f5c3040369,,58fd01fe-b878-41d9-8135-a7f44dbab4d4,2025-09-22 10:04:15.254746+00,2025-09-23 17:42:32.580335+00,3.0,
43706bd0-2e5b-420d-bc78-58505e3a3db2,,4c11d5fc-32e7-4202-8b96-bc911288d4d6,2025-09-22 17:16:22.484608+00,2025-09-26 23:15:18.10774+00,3.0,e3aeabc5-fc62-4670-8af0-b5a5b75457a4
43cf6a24-b2b1-4743-b3a8-64caa4322056,ac2bfc67-8e6c-484d-9e81-4b6480071dbd,4de727b2-3853-4fcc-9ad2-2b80d3f02e1c,2026-05-08 19:52:29.73231+00,2026-05-08 19:52:35.624412+00,4.0,
43da4e46-4e6f-4201-b197-99a67c5b9221,acf88c83-a4db-4e08-852c-1687de20294f,4c4fcd34-a462-4c60-aa86-fa9731ea7212,2026-01-17 20:27:13.956524+00,2026-01-17 20:27:13.956524+00,5.0,
440b5423-a23f-45ef-84f7-03232bc72b09,,4c4fcd34-a462-4c60-aa86-fa9731ea7212,2026-01-17 20:28:38.106145+00,2026-01-22 05:43:22.027127+00,4.0,
4420bfff-d597-4cfc-bbac-7862bf257dd6,,4c4fcd34-a462-4c60-aa86-fa9731ea7212,2025-08-27 17:54:46.267221+00,2026-07-18 22:20:58.408928+00,5.0,
4428bd40-b66e-41ea-9040-0fdc25bdac1d,,0dd6a46d-90a0-4fca-96bc-5de7241f3c6c,2026-02-07 22:31:08.365704+00,2026-03-11 14:41:34.781656+00,3.0,
443fbdf2-4df0-40f7-a373-d805f49d3da7,a02b57c1-e2db-4234-b512-db45fe242cd0,a2726890-883c-4164-b951-a0619f43d620,2026-08-11 20:03:27.029488+00,2026-08-11 20:03:27.029488+00,4.0,
44b6dd21-1a8a-43ce-bac9-695f2c67db21,eec0059a-862f-4a3e-84fa-cf8d16d98783,1f9f677c-1f5d-4784-828a-970801312639,2026-04-18 19:38:24.490564+00,2026-04-18 19:38:24.490564+00,5.0,
44ce22a1-0b44-462d-87c4-6038b50869c2,824ed1a7-648c-4917-afb8-7b23a8cb7716,a2726890-883c-4164-b951-a0619f43d620,2026-02-28 17:45:29.753475+00,2026-02-28 19:06:47.734567+00,5.0,
44f9ee33-3fed-4bc9-a93a-bfb0eb7d7fe2,,58fd01fe-b878-41d9-8135-a7f44dbab4d4,2025-08-27 18:33:56.752932+00,2026-01-31 19:06:32.990415+00,3.0,
45189a65-4a75-4d72-ad8d-3ec5a7d87b53,,29ea2657-3e45-4d28-9abe-6db1d6cdd41b,2025-12-22 09:58:06.147834+00,2026-02-08 22:37:34.788429+00,5.0,a7d28f7a-05a8-47b3-8e34-55937064ab42
45a590d7-a334-4222-8546-a302883d13ad,,0212b5e3-2b19-44a0-a39f-5c0202307872,2025-09-27 18:42:27.46926+00,2025-12-30 15:32:41.954642+00,4.0,
46118194-def6-4619-a770-55318281839f,,29ea2657-3e45-4d28-9abe-6db1d6cdd41b,2026-07-01 21:15:41.982692+00,2026-07-18 22:16:59.078323+00,3.0,
465658e6-3dc3-4ace-9f78-df8bcddd4b85,,1f9f677c-1f5d-4784-828a-970801312639,2025-10-11 19:20:21.197447+00,2026-01-31 18:55:01.776106+00,3.0,
465ecd40-30a6-4d3d-8d8e-efe79d68b8a9,a02b57c1-e2db-4234-b512-db45fe242cd0,58fd01fe-b878-41d9-8135-a7f44dbab4d4,2026-08-11 19:57:50.805365+00,2026-08-11 19:57:50.805365+00,4.0,
46784bb4-89c6-4b05-97b8-2a77850ca72b,,bf6f8662-b890-496c-bbd7-6f213b86ca91,2026-01-23 20:13:45.533129+00,2026-01-24 00:34:08.844972+00,4.0,
4678b141-04bf-4746-a53c-073094cf7399,,4de727b2-3853-4fcc-9ad2-2b80d3f02e1c,2025-09-27 15:01:36.227242+00,2025-12-20 13:16:39.44817+00,3.0,
467f0ee8-1d2f-4500-b93f-cb89e7dd6e5a,,9c974d76-199c-4c05-bd80-2a0681451fe1,2025-09-06 15:53:24.5619+00,2025-09-26 23:20:33.041142+00,2.0,dbd8f7a2-71a3-4b1d-95b0-eef4dab3e2f2
46af6fbd-2feb-4591-ba0b-9fdc60c9217c,,4c11d5fc-32e7-4202-8b96-bc911288d4d6,2025-09-22 17:16:10.206156+00,2025-09-22 21:24:45.485416+00,1.0,e0342b90-a3e5-4f6d-8c42-3ccd59778d3a
46e88d61-a71f-430c-847b-b10e19ba0e3a,,0212b5e3-2b19-44a0-a39f-5c0202307872,2025-09-27 18:43:19.658598+00,2025-09-27 21:31:56.495584+00,4.0,51ccff25-bb4c-4c84-b34f-f1897e184e18
473a01c3-d4c5-48e5-8f72-aaad55146b3e,,410277eb-539b-460c-aff9-24a4a1521dec,2025-12-28 21:03:30.451171+00,2026-03-07 22:53:08.98881+00,5.0,15afe751-a56a-4300-840b-be67d97fb364
473fd5e4-8fd1-4840-9007-8c9d8b9268c5,,a2726890-883c-4164-b951-a0619f43d620,2025-09-23 17:32:05.676764+00,2025-09-23 17:42:32.580335+00,5.0,
475613c5-6f88-473e-9907-669ec602f0ff,,e2422f0b-540b-4f35-9ddb-8f4610471bf6,2025-09-27 19:22:36.044538+00,2025-09-27 22:03:50.892683+00,2.0,
476dd9bd-8a95-44b3-b95c-511a4234611f,,0212b5e3-2b19-44a0-a39f-5c0202307872,2025-08-27 19:21:15.026088+00,2026-01-31 19:06:32.990415+00,4.0,
4770d335-346c-41a3-8f2e-5634cec708e6,,58fd01fe-b878-41d9-8135-a7f44dbab4d4,2025-08-24 19:54:15.800596+00,2025-10-11 21:34:51.643858+00,5.0,25a8a934-47b0-4cb5-b247-92d7704a9abd
478f32cd-67be-45cd-b391-3869b50eac0f,3f85a256-05ef-4988-b1d7-0d950dcf997e,a2726890-883c-4164-b951-a0619f43d620,2026-08-11 20:01:43.996044+00,2026-08-11 20:01:43.996044+00,3.0,
47c68d60-72ea-4c58-a4d6-070d2c30ce48,,b00f5b54-aabe-4272-a5a3-9f75bbf698e9,2026-03-07 00:14:41.092153+00,2026-05-13 20:19:35.216171+00,5.0,
47e0b344-aa21-4a23-989b-1485a49f79f9,,b00f5b54-aabe-4272-a5a3-9f75bbf698e9,2026-07-18 22:23:42.559202+00,2026-07-18 22:24:58.480281+00,4.0,
480fa3eb-e736-4731-9fc0-15360141c039,14ea851e-0d9a-4ef3-b7c5-95549c5b34d2,58fd01fe-b878-41d9-8135-a7f44dbab4d4,2026-06-16 12:14:57.844274+00,2026-06-16 12:14:57.844274+00,5.0,
484d838d-d255-4bd7-a1f4-4f40e60045cc,10563bd6-00dd-4945-87a1-17e2e6770954,1f9f677c-1f5d-4784-828a-970801312639,2026-02-21 18:51:11.826269+00,2026-02-21 18:51:11.826269+00,5.0,
4853b9b4-6856-4a15-ba36-f99d3a731144,a25b0b1b-aa7e-4f83-9b8b-2766ef0f2c9a,5d2a8362-b232-4766-acfa-019ebd70b958,2026-02-07 19:22:44.675147+00,2026-02-07 19:22:47.921267+00,2.0,
488d7852-88ea-43ba-91a8-a737742f4ccf,,e2422f0b-540b-4f35-9ddb-8f4610471bf6,2025-12-20 17:27:36.762628+00,2026-01-27 20:31:26.735933+00,5.0,
48d742da-77af-418a-b302-c1fca1ab4784,,c7f64752-3e0b-4b9c-b96a-ead26aa0258e,2025-08-29 20:06:36.884308+00,2026-01-31 19:06:32.990415+00,1.0,
48eb8655-9cc8-415c-9e59-d4a28b2a99fa,c5ad2676-0596-4503-9b77-f41f5cd67632,b00f5b54-aabe-4272-a5a3-9f75bbf698e9,2026-05-23 16:51:38.585083+00,2026-05-23 16:51:38.585083+00,5.0,
48f0bd71-13ed-4a58-957d-372a8dcdbf4a,,410277eb-539b-460c-aff9-24a4a1521dec,2026-03-11 14:41:47.475651+00,2026-07-19 21:46:47.619006+00,5.0,f05f738e-77d0-45f6-a558-69449e81b138
48fd6276-386b-4066-9d22-b6b4e6cb1305,a246248c-ac12-4286-b087-740e6db8986d,b00f5b54-aabe-4272-a5a3-9f75bbf698e9,2026-02-22 10:30:52.584661+00,2026-02-22 10:30:52.584661+00,4.0,
49424d18-945d-4d34-aadf-c3b3eaa2db70,c5ad2676-0596-4503-9b77-f41f5cd67632,58fd01fe-b878-41d9-8135-a7f44dbab4d4,2026-06-16 12:14:49.063845+00,2026-06-16 12:14:49.063845+00,4.0,
49620618-6e98-41f6-b7d3-ef088ece2960,,29ea2657-3e45-4d28-9abe-6db1d6cdd41b,2025-08-25 14:10:43.153637+00,2026-02-23 11:05:43.989816+00,5.0,
4969050e-92b6-446d-b8ed-b8d9513f1c1b,,b00f5b54-aabe-4272-a5a3-9f75bbf698e9,2025-09-05 23:18:08.940967+00,2026-04-11 22:20:39.177916+00,4.0,
4973708a-a505-4027-8be7-b83440436623,824ed1a7-648c-4917-afb8-7b23a8cb7716,b00f5b54-aabe-4272-a5a3-9f75bbf698e9,2026-02-22 10:30:47.597465+00,2026-02-22 10:30:47.597465+00,5.0,
499609fa-12af-45b5-b3a0-de912b48bf69,,0212b5e3-2b19-44a0-a39f-5c0202307872,2025-10-19 20:36:55.25544+00,2025-12-20 23:53:03.41703+00,3.0,58d6b989-5a2e-4c8f-885d-bb3ccb0b52b6
499a18d0-6568-4efc-b3a1-f338108eeaca,72200498-8bbf-4a8f-a5cf-b88204fc2537,1f9f677c-1f5d-4784-828a-970801312639,2026-07-18 22:22:12.429247+00,2026-07-18 22:22:12.429247+00,5.0,
49ebe627-3654-4604-a921-0e656c26d244,ac2bfc67-8e6c-484d-9e81-4b6480071dbd,a2726890-883c-4164-b951-a0619f43d620,2026-05-22 19:46:00.390391+00,2026-05-22 19:46:00.390391+00,3.0,
4a10290f-29b1-485f-9a9a-d2438838eb37,b9a5bae9-a4a9-4cb5-a0b2-215a83ada491,58fd01fe-b878-41d9-8135-a7f44dbab4d4,2026-08-21 20:16:03.283726+00,2026-08-21 20:16:03.283726+00,4.0,
4a285592-0fda-477f-a179-001e6b9d836f,a25b0b1b-aa7e-4f83-9b8b-2766ef0f2c9a,4c4fcd34-a462-4c60-aa86-fa9731ea7212,2026-01-31 20:28:58.681886+00,2026-01-31 20:28:58.681886+00,3.0,
4ac782b2-334c-462a-b0c3-c074f17e40b0,,e2422f0b-540b-4f35-9ddb-8f4610471bf6,2025-09-05 23:19:44.6326+00,2026-01-17 20:30:43.673613+00,1.0,
4ad3ab64-1884-47ef-8a70-dc547be103fa,,410277eb-539b-460c-aff9-24a4a1521dec,2025-08-25 19:34:04.289879+00,2025-09-28 08:38:23.106884+00,5.0,
4b1f9cf1-cb60-40f7-b475-efefbd155759,,1f9f677c-1f5d-4784-828a-970801312639,2025-10-11 19:20:13.088275+00,2026-01-05 22:03:51.373884+00,1.0,921f588c-7173-4ecb-8bc8-c37358d0ae99
4b372cad-427a-4ea6-bedb-189ce65fc79d,eec0059a-862f-4a3e-84fa-cf8d16d98783,0212b5e3-2b19-44a0-a39f-5c0202307872,2026-08-21 20:11:46.187497+00,2026-08-21 20:11:46.187497+00,5.0,
4b773f4f-8e25-42ba-bce5-24f61847d387,824ed1a7-648c-4917-afb8-7b23a8cb7716,5d2a8362-b232-4766-acfa-019ebd70b958,2026-02-28 19:01:50.635082+00,2026-02-28 19:01:50.635082+00,1.0,
4bcbdc4e-c252-45ed-89b8-a7779876ff8b,d1527898-d24e-438a-b8be-438ee2b142b2,0212b5e3-2b19-44a0-a39f-5c0202307872,2026-02-28 20:05:59.002105+00,2026-02-28 20:05:59.002105+00,5.0,
4bf0e410-2105-4b5a-a2f1-10579e06ecbf,,bf6f8662-b890-496c-bbd7-6f213b86ca91,2025-09-02 20:14:59.099714+00,2026-01-17 20:21:11.739992+00,5.0,
4c0651d1-6d40-4993-8418-9e8817d632f4,,b00f5b54-aabe-4272-a5a3-9f75bbf698e9,2025-12-20 21:07:37.196756+00,2026-01-24 00:34:08.844972+00,4.0,
4c47dc9d-a47b-4d2f-a176-b76a052f8050,,29ea2657-3e45-4d28-9abe-6db1d6cdd41b,2026-07-01 21:15:52.800684+00,2026-07-18 22:00:54.79441+00,5.0,f1d992f7-922a-4303-96e9-816266abe570
4c73961f-7a84-44bf-ae48-839ff28221e7,092bb9db-0cea-411c-8e1b-36d30ad01f65,29ea2657-3e45-4d28-9abe-6db1d6cdd41b,2026-08-02 08:08:58.152945+00,2026-08-02 08:08:58.152945+00,4.0,
4c7d69e3-479f-40d9-9f5a-04326346ea39,,4de727b2-3853-4fcc-9ad2-2b80d3f02e1c,2026-03-13 20:30:14.357609+00,2026-03-21 13:27:31.488746+00,2.0,
4c8b951c-e3bd-4150-8abb-a3189aa57ed8,,b00f5b54-aabe-4272-a5a3-9f75bbf698e9,2026-03-03 06:21:27.549229+00,2026-03-03 06:24:38.184773+00,5.0,
4ca90cbc-f799-4426-961d-ed7e54056d6e,,0dd6a46d-90a0-4fca-96bc-5de7241f3c6c,2026-03-06 22:48:35.278363+00,2026-03-06 22:48:39.622207+00,5.0,
4cfbe6b6-2772-4a69-bd4a-949faa6bb3bf,d71848de-5785-4230-a44d-08f4aec4cb6b,4c11d5fc-32e7-4202-8b96-bc911288d4d6,2025-09-28 18:42:38.386518+00,2025-09-28 18:42:38.386518+00,2.0,
4d02a807-7b9b-4b48-abfa-1633c8c44803,,0212b5e3-2b19-44a0-a39f-5c0202307872,2025-08-27 19:19:06.612043+00,2026-02-23 11:05:43.989816+00,3.0,
4d0afa73-812f-4b9d-9180-f66ee7d2127a,acf88c83-a4db-4e08-852c-1687de20294f,bf6f8662-b890-496c-bbd7-6f213b86ca91,2025-10-19 20:29:02.321527+00,2025-10-19 20:29:02.321527+00,4.0,
4d2d5126-0b54-4f1e-a31c-afc227e102b0,acf88c83-a4db-4e08-852c-1687de20294f,c7f64752-3e0b-4b9c-b96a-ead26aa0258e,2025-12-20 21:10:30.573352+00,2025-12-20 21:10:30.573352+00,3.0,
4d414745-d866-42d9-8fdd-cdb3f64ae6c0,,a2726890-883c-4164-b951-a0619f43d620,2026-01-31 19:02:33.942423+00,2026-02-07 22:11:04.590951+00,5.0,6f17c897-4720-41ba-90e0-16e0cdd192a5
4d95ad14-c33b-4871-861f-53e7b7d4fe85,85c496ca-54e7-440b-b45c-8c617a4616d9,e2422f0b-540b-4f35-9ddb-8f4610471bf6,2026-06-20 20:08:32.978989+00,2026-06-20 20:08:34.071596+00,1.0,
4d97a367-d5d5-46a2-93c6-65db9976c2c4,,bf6f8662-b890-496c-bbd7-6f213b86ca91,2025-09-12 11:19:04.458489+00,2025-09-23 17:42:32.580335+00,5.0,
4db2855f-9edb-4ad9-9843-94e48a507a4f,,0212b5e3-2b19-44a0-a39f-5c0202307872,2025-08-27 19:16:05.789432+00,2025-09-23 21:58:56.100797+00,2.0,e99fa35b-992f-4074-a820-1f67a802afef
4dee2fe0-e378-4cf4-93e5-f8eaf3424b22,,29ea2657-3e45-4d28-9abe-6db1d6cdd41b,2025-09-22 21:42:29.379801+00,2025-09-25 22:02:49.140737+00,5.0,5a75c8c1-f378-4f2b-830c-6474ab7f1fb0
4df2146a-cc7f-4575-90e2-825350343e2a,,410277eb-539b-460c-aff9-24a4a1521dec,2025-09-03 21:37:37.33195+00,2025-09-08 21:30:32.638398+00,5.0,
4e014d6a-e8b2-4329-bdca-ed5b8577d2db,a25b0b1b-aa7e-4f83-9b8b-2766ef0f2c9a,410277eb-539b-460c-aff9-24a4a1521dec,2026-01-31 19:58:48.422831+00,2026-01-31 19:58:48.422831+00,5.0,
4e0c9b57-a1b8-47eb-abcb-6f866e9f2320,92b42598-ff4d-4624-9e10-5945a062883e,1f9f677c-1f5d-4784-828a-970801312639,2026-03-13 21:02:26.910652+00,2026-03-13 21:02:26.910652+00,2.0,
4e987e32-897b-40fa-a918-166b57ed5503,,0dd6a46d-90a0-4fca-96bc-5de7241f3c6c,2025-09-11 14:09:34.099443+00,2025-09-27 22:03:50.892683+00,2.0,
4e9938df-71cf-41b4-8682-9046f8d86725,,c7f64752-3e0b-4b9c-b96a-ead26aa0258e,2025-08-25 20:12:16.559601+00,2025-12-20 17:15:44.790946+00,4.0,
4e9cb1dc-f15f-4879-9226-83f0340c7d9a,,29ea2657-3e45-4d28-9abe-6db1d6cdd41b,2025-12-20 18:41:49.238314+00,2026-01-24 00:34:08.844972+00,4.0,
4ea7784a-8fad-4a11-8c3b-e8647a6d0355,,0212b5e3-2b19-44a0-a39f-5c0202307872,2025-09-27 18:43:10.226479+00,2026-01-31 18:55:23.884091+00,2.0,
4ed1e671-269b-4ae0-acc6-2ba84f21a0c4,,e2422f0b-540b-4f35-9ddb-8f4610471bf6,2026-02-07 22:31:23.519996+00,2026-02-28 19:12:03.923718+00,5.0,
4eea99d4-d02f-4b65-9ffe-88d2bc1317d5,d71848de-5785-4230-a44d-08f4aec4cb6b,c7f64752-3e0b-4b9c-b96a-ead26aa0258e,2025-12-20 21:09:26.196562+00,2025-12-20 21:09:26.196562+00,1.0,
4ef85652-ac27-40d9-b64f-4ddb6b7171bd,,4de727b2-3853-4fcc-9ad2-2b80d3f02e1c,2025-09-23 17:33:57.14764+00,2025-09-25 22:02:23.071696+00,2.0,5a75c8c1-f378-4f2b-830c-6474ab7f1fb0
4f051977-c488-4899-a125-0f77a77a77a1,,0dd6a46d-90a0-4fca-96bc-5de7241f3c6c,2026-03-08 22:58:51.091625+00,2026-03-08 23:01:35.625858+00,5.0,
4f46785b-cd1a-4e73-bcac-02932794e732,,29ea2657-3e45-4d28-9abe-6db1d6cdd41b,2026-01-24 20:43:13.196496+00,2026-05-26 16:28:24.565212+00,1.0,
4f6a3003-3c94-4593-89f2-f24c6c82ff56,d73565c7-fc85-452b-8ced-27113bd15d3f,0dd6a46d-90a0-4fca-96bc-5de7241f3c6c,2026-02-07 22:30:51.781568+00,2026-02-07 22:30:51.781568+00,5.0,
4fc34c5d-1353-45e0-916e-6d32fe1e218e,,bf6f8662-b890-496c-bbd7-6f213b86ca91,2026-01-23 20:12:57.927086+00,2026-03-21 13:27:31.488746+00,2.0,
4fcfbd9f-93e8-4c36-b34c-e9d3defba3ef,,0212b5e3-2b19-44a0-a39f-5c0202307872,2026-01-17 20:25:27.483149+00,2026-03-21 13:27:31.488746+00,5.0,
4fe68dcc-a05d-42c9-aa39-de2e451e2a0a,,0dd6a46d-90a0-4fca-96bc-5de7241f3c6c,2026-01-13 20:59:44.789142+00,2026-03-08 09:51:20.744774+00,3.0,
50167888-bec6-41b7-93c1-e95da2de7d7b,,bf6f8662-b890-496c-bbd7-6f213b86ca91,2026-01-23 20:14:16.857697+00,2026-02-20 13:51:16.598049+00,3.0,
501c7583-8e7c-491a-a00a-c9667e189d6f,,e2422f0b-540b-4f35-9ddb-8f4610471bf6,2026-06-29 08:45:28.184465+00,2026-07-18 22:00:54.79441+00,5.0,f1d992f7-922a-4303-96e9-816266abe570
5044d297-94ab-4d98-9f13-2c0a15bcd284,c5ad2676-0596-4503-9b77-f41f5cd67632,e2422f0b-540b-4f35-9ddb-8f4610471bf6,2026-06-20 20:08:41.773616+00,2026-07-21 16:31:52.834869+00,5.0,
5051914a-9cd9-48ac-886e-3e4549d951c9,cd824939-6a12-4892-9f0f-9264307a8e14,410277eb-539b-460c-aff9-24a4a1521dec,2026-04-13 13:43:28.045425+00,2026-04-13 13:43:28.045425+00,5.0,
50af7e0a-47f0-4ea2-81a5-8ff14b918a55,,5d2a8362-b232-4766-acfa-019ebd70b958,2026-01-09 20:33:34.886234+00,2026-03-07 22:53:08.98881+00,5.0,15afe751-a56a-4300-840b-be67d97fb364
50c7479c-bd01-4919-bf70-0dcedb1cd343,14ea851e-0d9a-4ef3-b7c5-95549c5b34d2,4de727b2-3853-4fcc-9ad2-2b80d3f02e1c,2026-07-18 19:31:28.93445+00,2026-07-18 19:31:28.93445+00,5.0,
50c83a2b-961f-4111-81c8-44cbfbe20f88,,0dd6a46d-90a0-4fca-96bc-5de7241f3c6c,2025-08-25 19:32:41.700147+00,2025-09-28 08:38:23.106884+00,3.0,
50e411f8-5daf-4e37-9f76-5137dbaf5d8e,,4de727b2-3853-4fcc-9ad2-2b80d3f02e1c,2026-01-17 20:25:53.756779+00,2026-03-13 21:00:31.165242+00,4.0,
5106df70-33b8-4e11-9992-cf7f447a1414,,29ea2657-3e45-4d28-9abe-6db1d6cdd41b,2026-03-08 23:02:05.983607+00,2026-07-17 07:19:09.226491+00,5.0,
510eb326-4e77-4e32-add7-8e1afdb5a0e0,,29ea2657-3e45-4d28-9abe-6db1d6cdd41b,2025-10-11 19:25:58.269505+00,2025-12-20 17:15:41.566525+00,3.0,
512526e8-5324-4d88-9d66-771150cb32f0,92b42598-ff4d-4624-9e10-5945a062883e,4c4fcd34-a462-4c60-aa86-fa9731ea7212,2026-03-14 21:33:14.310904+00,2026-03-14 21:33:14.310904+00,2.0,
51286c6d-4820-4f7a-9b5b-0af5199f7529,acf88c83-a4db-4e08-852c-1687de20294f,29ea2657-3e45-4d28-9abe-6db1d6cdd41b,2025-09-27 12:40:08.961308+00,2026-02-09 14:28:00.709976+00,5.0,
5147ba19-da73-4052-9c54-495df30527e3,,9c974d76-199c-4c05-bd80-2a0681451fe1,2025-09-06 15:53:28.437859+00,2025-09-06 20:28:02.58778+00,2.0,6914c3bf-993b-4814-ba36-e716e615730d
5163d52d-c35d-4e0d-8459-fa3d300ac6f1,09b826fc-893f-459f-be25-291dafd6a752,29ea2657-3e45-4d28-9abe-6db1d6cdd41b,2025-08-29 23:36:51.832885+00,2026-02-08 08:42:04.766353+00,5.0,
519243fd-b3a0-4f81-9bdd-287949412ce3,,0dd6a46d-90a0-4fca-96bc-5de7241f3c6c,2025-08-24 19:40:55.814517+00,2025-09-28 21:17:25.280164+00,5.0,4b04cec3-e66d-41e7-86bb-d12ed09e914d
519ba411-ce68-401a-9034-9c578ac69ca9,,410277eb-539b-460c-aff9-24a4a1521dec,2025-08-25 19:34:01.710533+00,2025-09-23 21:58:56.100797+00,5.0,e99fa35b-992f-4074-a820-1f67a802afef
51ab8da6-b8fb-4aaa-9b9b-32e0cccc5568,,0212b5e3-2b19-44a0-a39f-5c0202307872,2026-01-17 20:28:53.832753+00,2026-03-07 23:26:21.689164+00,3.0,
51c95440-ffc8-40f4-a7e1-e1784d227271,,5d2a8362-b232-4766-acfa-019ebd70b958,2026-02-28 19:01:10.138182+00,2026-03-01 08:35:03.533765+00,5.0,
51c9b7bb-05df-49c9-9c7a-cdbd7a6810f8,cd824939-6a12-4892-9f0f-9264307a8e14,a2726890-883c-4164-b951-a0619f43d620,2026-05-22 19:45:01.733987+00,2026-05-22 19:45:01.733987+00,5.0,
51d098a3-4668-461b-ac44-2a16df6ba00b,,410277eb-539b-460c-aff9-24a4a1521dec,2026-01-25 09:52:37.881592+00,2026-02-07 22:11:04.590951+00,5.0,6f17c897-4720-41ba-90e0-16e0cdd192a5
51eb14a4-f971-4064-a758-48fbc2dff47d,,e2422f0b-540b-4f35-9ddb-8f4610471bf6,2025-09-27 19:21:02.403782+00,2025-12-20 13:16:39.44817+00,3.0,
51f78e23-5f8a-4594-8a21-681b00c0dfa9,,4de727b2-3853-4fcc-9ad2-2b80d3f02e1c,2026-01-17 20:29:05.779085+00,2026-05-22 19:18:42.860007+00,1.0,
52650acd-6d09-42f1-a4a9-3908f705da22,ac2bfc67-8e6c-484d-9e81-4b6480071dbd,4c4fcd34-a462-4c60-aa86-fa9731ea7212,2026-03-27 20:06:44.867658+00,2026-03-27 20:06:44.867658+00,4.0,
52c9e093-cbd1-455e-ad06-5ca03469bfdd,,0212b5e3-2b19-44a0-a39f-5c0202307872,2026-02-28 19:10:30.644+00,2026-02-28 19:12:03.923718+00,4.0,
52e12c45-909c-4232-892d-916b06b237e1,06867feb-f1ae-4a5b-b31f-ef36ed434eaf,0dd6a46d-90a0-4fca-96bc-5de7241f3c6c,2026-08-11 19:54:24.116038+00,2026-08-11 19:54:24.116038+00,3.0,
52f18a3f-7c3f-4031-b5ce-b17fd8b31dd3,d0478e8e-c86f-4563-9525-0edd29ba6fb7,b00f5b54-aabe-4272-a5a3-9f75bbf698e9,2025-09-27 22:05:05.642599+00,2025-09-27 22:05:05.642599+00,4.0,
5305f6ed-1c6a-422b-b02b-7771faf88611,,81e43532-b6dd-438d-bd72-62be3723c0a4,2025-09-06 15:53:29.986187+00,2025-09-06 20:28:02.58778+00,5.0,6914c3bf-993b-4814-ba36-e716e615730d
54825f8f-b8fd-473d-8668-4cd2cf254d05,,b00f5b54-aabe-4272-a5a3-9f75bbf698e9,2026-02-21 20:50:04.229553+00,2026-02-21 20:55:03.968697+00,4.0,
5494349e-2931-43e2-b266-7568a7fbf514,,410277eb-539b-460c-aff9-24a4a1521dec,2025-08-25 20:14:37.688304+00,2026-01-24 19:21:46.581266+00,5.0,
54bb214d-78b3-43fe-b597-26906a72392e,,0212b5e3-2b19-44a0-a39f-5c0202307872,2025-08-27 19:20:30.256689+00,2026-01-31 18:55:01.776106+00,5.0,
54bbc769-c917-414d-a654-6d35351aed48,,58fd01fe-b878-41d9-8135-a7f44dbab4d4,2025-08-25 19:30:23.49882+00,2026-07-18 22:20:58.408928+00,3.0,
54c561ad-2a12-4f00-8911-6b9840b2d48e,3f85a256-05ef-4988-b1d7-0d950dcf997e,0212b5e3-2b19-44a0-a39f-5c0202307872,2026-08-21 20:10:54.751027+00,2026-08-21 20:10:55.888979+00,5.0,
54c7fb6f-bc57-4ec8-8cd8-5fa246a3ed24,,0dd6a46d-90a0-4fca-96bc-5de7241f3c6c,2025-08-25 19:31:24.123964+00,2026-07-18 22:20:58.408928+00,3.0,
54cc3f0b-c031-41a0-b778-8303d86264d6,,1f9f677c-1f5d-4784-828a-970801312639,2026-07-18 22:20:42.432458+00,2026-07-18 22:23:03.254853+00,5.0,
54e3a20c-ec16-491b-92e3-54059f2f27cc,,a2726890-883c-4164-b951-a0619f43d620,2026-03-13 21:01:32.916296+00,2026-06-28 19:49:07.957311+00,5.0,
54ee1757-0ca6-4199-aa9c-69cf71ea5889,,e2422f0b-540b-4f35-9ddb-8f4610471bf6,2026-03-07 19:45:57.192827+00,2026-06-20 07:55:58.935282+00,5.0,
54f7da6a-65b7-4b5d-b510-a8a7dac95eef,d71848de-5785-4230-a44d-08f4aec4cb6b,1f9f677c-1f5d-4784-828a-970801312639,2025-10-11 19:20:40.840342+00,2025-10-11 19:20:43.072585+00,2.0,
5509abdb-6e65-4ee1-8d5b-108602ca2724,,0dd6a46d-90a0-4fca-96bc-5de7241f3c6c,2025-08-25 19:28:42.236847+00,2026-02-23 11:05:43.989816+00,3.0,
551502bb-a001-4801-98eb-ffdff678ae6a,,0212b5e3-2b19-44a0-a39f-5c0202307872,2026-01-17 20:27:14.826462+00,2026-03-07 22:53:08.98881+00,4.0,15afe751-a56a-4300-840b-be67d97fb364
5532cc53-f21b-483b-9026-98d1d70d522c,,b00f5b54-aabe-4272-a5a3-9f75bbf698e9,2025-08-24 19:39:50.561724+00,2025-12-30 15:27:16.045074+00,3.0,
553cc97e-5273-4b16-8e14-80fa02896f67,,bf6f8662-b890-496c-bbd7-6f213b86ca91,2025-10-19 20:29:22.216132+00,2026-01-09 22:45:26.025565+00,4.0,0fb4a41f-dae4-41cf-9437-40f81a5b2860
5598f464-541b-4264-8eb4-2027f6b6cff4,0236192b-06ad-4244-bbb7-f1050b6388fc,9c974d76-199c-4c05-bd80-2a0681451fe1,2026-02-19 14:43:01.452153+00,2026-02-19 14:43:06.28384+00,5.0,
55b4cc0d-1e9a-40a6-a59a-ba455478139e,,e2422f0b-540b-4f35-9ddb-8f4610471bf6,2026-01-09 20:31:36.843521+00,2026-02-07 12:27:44.274887+00,5.0,
55c9f6d0-80b0-44ed-a845-957e635c5550,d71848de-5785-4230-a44d-08f4aec4cb6b,a2726890-883c-4164-b951-a0619f43d620,2025-10-11 19:17:00.34494+00,2025-10-11 19:17:00.34494+00,3.0,
55cf3aac-94b4-44ac-b957-3158fef204ea,ed6156cc-b05f-4971-a658-b8e0a1514248,4c4fcd34-a462-4c60-aa86-fa9731ea7212,2026-02-28 19:07:33.498759+00,2026-03-27 20:21:03.59896+00,3.0,
56133985-d22a-434c-9a32-03cd17eb9637,318afdb9-0b7d-4128-b036-8c3cdf8f9d2e,58fd01fe-b878-41d9-8135-a7f44dbab4d4,2026-07-18 19:33:46.568453+00,2026-07-18 19:33:46.568453+00,4.0,
56163e76-8c15-47d5-850d-9f35f3d2584e,5908a514-aaed-42c1-b92c-1c9420edf2e5,0dd6a46d-90a0-4fca-96bc-5de7241f3c6c,2025-09-11 14:09:36.654571+00,2025-09-11 14:09:51.506073+00,4.0,
562265aa-80d8-4344-8236-c565cfc5daa4,,e2422f0b-540b-4f35-9ddb-8f4610471bf6,2026-01-13 21:00:31.366691+00,2026-03-08 09:51:20.744774+00,1.0,
56462f7f-98ba-4a1f-b178-6c8cbbc5b86f,,58fd01fe-b878-41d9-8135-a7f44dbab4d4,2025-09-05 23:16:32.645522+00,2026-01-17 20:30:45.309903+00,2.0,
565ebaf5-f07c-48a0-a550-6a63e85bdbd7,14ea851e-0d9a-4ef3-b7c5-95549c5b34d2,b00f5b54-aabe-4272-a5a3-9f75bbf698e9,2026-05-28 16:25:20.604343+00,2026-05-28 16:25:20.604343+00,5.0,
5673d976-fe90-4033-b887-de17a900801a,796b2e6d-b8f5-4a62-9040-2094a5bf720c,29ea2657-3e45-4d28-9abe-6db1d6cdd41b,2025-09-17 11:11:25.536459+00,2026-02-09 14:30:09.489942+00,5.0,
56f89074-39fa-4d3d-83a5-21530a579d5e,b94e7e71-2843-4c04-97b2-6ac00ab3cc3a,4c11d5fc-32e7-4202-8b96-bc911288d4d6,2025-09-22 17:16:27.3989+00,2025-09-22 17:16:27.3989+00,3.0,
56fbdcfe-8be8-42a8-9773-37ca3f80f97e,,58fd01fe-b878-41d9-8135-a7f44dbab4d4,2026-01-31 19:58:03.463469+00,2026-02-07 22:11:04.590951+00,5.0,6f17c897-4720-41ba-90e0-16e0cdd192a5
57043696-0eaf-4219-9115-fd54942e5391,b94e7e71-2843-4c04-97b2-6ac00ab3cc3a,0dd6a46d-90a0-4fca-96bc-5de7241f3c6c,2025-08-27 18:06:24.765156+00,2025-08-27 18:06:24.765156+00,4.0,
571cd6a4-67e0-4791-ba21-29dd0fdb6b2a,,5d2a8362-b232-4766-acfa-019ebd70b958,2026-02-13 20:54:25.271723+00,2026-02-13 23:35:48.872264+00,5.0,c14a6fdf-097f-4d6b-8c43-d1f83cfb0f38
57293174-4bc6-4ac7-98f2-02b6c6683e16,,e2422f0b-540b-4f35-9ddb-8f4610471bf6,2026-01-24 20:43:19.283113+00,2026-02-21 20:55:06.869652+00,2.0,
574deef5-8aa6-4bed-ab71-8b802530c8d8,,4de727b2-3853-4fcc-9ad2-2b80d3f02e1c,2025-09-27 15:05:42.062684+00,2026-01-24 19:21:46.581266+00,2.0,
57b6e5b0-ad83-4121-843e-4fdf8b7190df,,0212b5e3-2b19-44a0-a39f-5c0202307872,2026-02-20 21:58:09.451157+00,2026-03-07 23:26:24.949038+00,3.0,
57f1b801-a6b9-4cff-b623-de03b5d1c773,,410277eb-539b-460c-aff9-24a4a1521dec,2026-02-08 22:47:58.518845+00,2026-02-20 13:52:51.390001+00,5.0,
57fc656a-e3b0-481f-b30a-530c59adecf9,,b00f5b54-aabe-4272-a5a3-9f75bbf698e9,2026-07-18 22:24:21.948366+00,2026-07-18 22:24:58.427739+00,4.0,
5824c0b7-763e-49d9-974b-9756207e3434,d0478e8e-c86f-4563-9525-0edd29ba6fb7,0dd6a46d-90a0-4fca-96bc-5de7241f3c6c,2025-09-28 19:10:51.936857+00,2025-09-28 19:10:51.936857+00,4.0,
5842b72f-9224-42e6-8f5a-e7f93156ac23,,410277eb-539b-460c-aff9-24a4a1521dec,2025-09-25 19:37:11.215149+00,2025-09-27 21:31:56.495584+00,5.0,51ccff25-bb4c-4c84-b34f-f1897e184e18
5887b4ff-2ce8-46c8-b747-2484aa2e75fe,,0dd6a46d-90a0-4fca-96bc-5de7241f3c6c,2025-10-11 19:25:30.77884+00,2025-12-20 17:15:41.566525+00,5.0,
58b3cfc3-33e8-4794-ad25-85a1a4596d24,,0dd6a46d-90a0-4fca-96bc-5de7241f3c6c,2026-01-24 00:22:40.613651+00,2026-05-26 16:28:24.565212+00,2.0,
58b8ddce-886b-46c2-9314-f823aa4daeaa,,b00f5b54-aabe-4272-a5a3-9f75bbf698e9,2026-05-19 18:55:50.440423+00,2026-05-22 19:16:28.578579+00,5.0,
58c6ebc8-8009-4da2-99df-a5859add3c88,,4c4fcd34-a462-4c60-aa86-fa9731ea7212,2026-02-07 22:32:29.369705+00,2026-03-28 23:06:46.125529+00,5.0,
58ea535b-41f4-4e67-b4c7-8f7eadc39852,,0212b5e3-2b19-44a0-a39f-5c0202307872,2026-03-27 20:20:41.304542+00,2026-06-28 19:49:07.957311+00,5.0,
591f8b39-5428-472b-8fa0-1504b7fc1a7a,b9a5bae9-a4a9-4cb5-a0b2-215a83ada491,410277eb-539b-460c-aff9-24a4a1521dec,2026-08-21 20:15:30.751458+00,2026-08-21 20:15:30.751458+00,5.0,
59583f84-d157-4965-87ce-3ad90723c6b7,,5d2a8362-b232-4766-acfa-019ebd70b958,2026-03-07 19:38:49.119467+00,2026-06-20 07:55:58.935282+00,3.0,
595b5c45-4ec0-4f3d-9411-609817a5dc38,,410277eb-539b-460c-aff9-24a4a1521dec,2026-07-19 22:06:34.04316+00,2026-07-20 17:34:44.376327+00,5.0,
595ce05e-4af4-4252-b9ed-b24f60da9774,,29ea2657-3e45-4d28-9abe-6db1d6cdd41b,2025-09-05 23:18:06.795454+00,2026-04-11 22:20:39.177916+00,5.0,
598070df-2182-481e-81f5-958566290fd9,796b2e6d-b8f5-4a62-9040-2094a5bf720c,a2726890-883c-4164-b951-a0619f43d620,2025-09-23 17:30:21.866116+00,2025-09-23 17:30:21.866116+00,5.0,
5981ed06-1ea9-4149-a4bb-75e4e9ae74ff,,29ea2657-3e45-4d28-9abe-6db1d6cdd41b,2026-03-08 09:52:17.272956+00,2026-03-08 09:53:48.879683+00,5.0,
5997ad8f-023b-4bea-a945-7524fb75683f,c8243c81-7a6d-4988-a61c-9b620cb0104d,0212b5e3-2b19-44a0-a39f-5c0202307872,2026-02-28 19:09:33.261502+00,2026-02-28 19:09:33.261502+00,4.0,
59c2a098-db03-4450-bffa-63c3bed2ea0b,796b2e6d-b8f5-4a62-9040-2094a5bf720c,1f9f677c-1f5d-4784-828a-970801312639,2025-09-27 19:47:03.259907+00,2025-09-27 19:47:03.259907+00,5.0,
59ee1fc4-15bf-47ea-8771-58ce35559dd7,b9a5bae9-a4a9-4cb5-a0b2-215a83ada491,e2422f0b-540b-4f35-9ddb-8f4610471bf6,2026-08-14 09:21:54.633855+00,2026-08-14 09:21:54.633855+00,5.0,
5a01ba3b-0aee-4f4c-8bd6-1854d166ccdb,fcea1687-c6c9-4eab-83e4-0714cc9d2196,0dd6a46d-90a0-4fca-96bc-5de7241f3c6c,2026-02-07 19:02:10.182712+00,2026-02-07 19:02:10.182712+00,4.0,
5a11e68c-eb68-4d26-9830-39dfe39db2dc,,1f9f677c-1f5d-4784-828a-970801312639,2025-10-11 19:21:46.625119+00,2026-01-24 19:21:46.581266+00,3.0,
5a12a727-f789-413b-a35a-973012b4818f,,a2726890-883c-4164-b951-a0619f43d620,2025-08-25 20:15:18.042518+00,2025-10-11 19:14:54.275225+00,3.0,
5a3316eb-1931-4939-a9ba-d63c188dcb08,,1f9f677c-1f5d-4784-828a-970801312639,2026-02-21 18:50:47.26395+00,2026-02-28 19:12:03.923718+00,5.0,
5a377f5c-892c-4127-8f86-72de23fc7ef3,,5d2a8362-b232-4766-acfa-019ebd70b958,2026-03-13 21:02:12.774124+00,2026-07-19 21:46:47.619006+00,5.0,f05f738e-77d0-45f6-a558-69449e81b138
5a3d62dc-e3a5-432d-a30a-dc0439031930,38e7b30b-baa2-4545-b326-77744fdc4862,0212b5e3-2b19-44a0-a39f-5c0202307872,2026-01-17 20:49:26.355958+00,2026-01-17 20:49:26.355958+00,4.0,
5a52cf81-ff36-4997-a87d-c81b5a020430,,b00f5b54-aabe-4272-a5a3-9f75bbf698e9,2025-09-06 20:40:13.92497+00,2026-01-22 05:43:22.027127+00,1.0,
5ad591b1-c85b-4d5a-8f0e-fae4a5a99b6c,,e4f7f8ef-e94c-49ba-b692-99cefc421554,2025-09-07 17:06:06.99376+00,2026-02-19 11:34:10.954611+00,5.0,
5b126538-29fa-4545-bce3-04614f167afe,,4c4fcd34-a462-4c60-aa86-fa9731ea7212,2025-08-27 19:18:50.527687+00,2025-09-26 23:15:08.648572+00,4.0,e3aeabc5-fc62-4670-8af0-b5a5b75457a4
5b2c0a8b-f63c-4bd8-9bbf-10e6f86bbd9d,,a2726890-883c-4164-b951-a0619f43d620,2026-02-28 17:45:20.050266+00,2026-03-01 08:35:03.533765+00,3.0,
5b39b24a-89d5-4ec7-8a0d-8b6937ded2af,,5d2a8362-b232-4766-acfa-019ebd70b958,2026-02-07 19:28:09.673086+00,2026-02-20 13:51:16.598049+00,3.0,
5b46ccc9-8844-4a9d-af3f-e2b2ad1ca070,,4de727b2-3853-4fcc-9ad2-2b80d3f02e1c,2025-09-05 23:14:37.893457+00,2026-01-17 20:30:43.673613+00,4.0,
5bd87c39-7793-4adc-b135-71384abc2950,09b58b51-7eae-456c-9f00-f26a22f7d64e,0212b5e3-2b19-44a0-a39f-5c0202307872,2026-03-27 20:19:02.012657+00,2026-03-27 20:19:02.012657+00,2.0,
5c2d4e5a-ca3d-443b-ac09-6593ed57745f,,58fd01fe-b878-41d9-8135-a7f44dbab4d4,2026-03-13 20:28:45.233266+00,2026-07-19 21:46:47.619006+00,5.0,f05f738e-77d0-45f6-a558-69449e81b138
5c500b24-f9a7-401d-8599-e1dea8e4dfe0,10563bd6-00dd-4945-87a1-17e2e6770954,c7f64752-3e0b-4b9c-b96a-ead26aa0258e,2026-01-31 21:20:45.336904+00,2026-01-31 21:20:45.336904+00,3.0,
5c6b4830-1984-4a97-a9d3-fde6a8dc8270,2328b562-cb4f-4546-b9ca-add1090a5338,3c25a46a-da18-4c10-b754-ebf2a95f3602,2025-08-26 21:08:22.763631+00,2025-08-26 21:08:22.763631+00,2.0,
5c85a46a-f6b9-4e15-b2e6-25e616b96729,72200498-8bbf-4a8f-a5cf-b88204fc2537,0212b5e3-2b19-44a0-a39f-5c0202307872,2026-08-21 20:10:46.422872+00,2026-08-21 20:10:46.422872+00,1.0,
5cb95fbb-a3b7-4a4a-9d75-5e0fd6a38bc8,,410277eb-539b-460c-aff9-24a4a1521dec,2026-07-10 11:38:46.934639+00,2026-07-18 22:00:54.79441+00,5.0,f1d992f7-922a-4303-96e9-816266abe570
5cbef902-da22-4e69-ade7-71adb8c6754b,,e2422f0b-540b-4f35-9ddb-8f4610471bf6,2025-08-24 19:51:56.137532+00,2025-10-11 21:34:51.643858+00,3.0,25a8a934-47b0-4cb5-b247-92d7704a9abd
5cd2896a-7f72-434f-abd9-4526cfe4f245,8cdceae4-b95f-4bf9-9958-32eef0bc39e1,81e43532-b6dd-438d-bd72-62be3723c0a4,2025-09-07 17:04:02.096357+00,2025-09-26 23:01:57.042164+00,1.0,a94878e4-efe2-43f9-b293-1ac7c7da3095
5d089a13-654d-438e-8926-6a792e2abdd5,,1f9f677c-1f5d-4784-828a-970801312639,2026-02-21 18:51:18.671723+00,2026-04-11 22:05:24.572285+00,5.0,af1b1447-27cd-410f-9993-d0c4582b52ea
5d0e283e-4e33-4c2b-85e9-e7cbc2551694,63d5d20c-7a7c-44a9-b7b6-941da1b5bff9,9c974d76-199c-4c05-bd80-2a0681451fe1,2025-09-27 17:17:41.823986+00,2025-09-27 17:17:41.823986+00,1.0,
5dabc8e9-6ee5-4ac3-9ed2-7121727bef5b,,29ea2657-3e45-4d28-9abe-6db1d6cdd41b,2026-02-07 22:35:59.451184+00,2026-03-28 23:06:46.125529+00,4.0,
5dc66d7e-03a3-4051-8095-d6be73f527f1,,29ea2657-3e45-4d28-9abe-6db1d6cdd41b,2026-02-07 22:36:09.078091+00,2026-02-28 19:12:03.923718+00,4.0,
5dcacd87-d688-4487-93f1-d4e19503550e,,0dd6a46d-90a0-4fca-96bc-5de7241f3c6c,2026-02-07 22:31:01.428267+00,2026-02-28 19:12:03.923718+00,3.0,
5de9c0a9-909e-4c0f-ba67-91d7b02e3049,92b42598-ff4d-4624-9e10-5945a062883e,4de727b2-3853-4fcc-9ad2-2b80d3f02e1c,2026-03-13 21:01:52.589417+00,2026-03-13 21:01:52.589417+00,5.0,
5e496b93-f7bf-4609-a722-db1aeac9bf63,,0212b5e3-2b19-44a0-a39f-5c0202307872,2026-01-17 20:27:41.192618+00,2026-03-08 09:51:20.744774+00,4.0,
5e50aba5-a4e4-4cc8-a630-f0457ad1c165,eec0059a-862f-4a3e-84fa-cf8d16d98783,a2726890-883c-4164-b951-a0619f43d620,2026-05-22 19:45:26.085104+00,2026-05-22 19:45:27.709959+00,4.0,
5e70589c-bbb4-4b1e-9f67-9d95ecf7a503,8cdceae4-b95f-4bf9-9958-32eef0bc39e1,f47f4579-1502-4ca3-8997-2b8826c49806,2026-02-19 14:42:14.579911+00,2026-02-19 14:42:14.579911+00,3.0,
5ec06b7f-f990-455d-ae1e-7878409f2c5d,,b00f5b54-aabe-4272-a5a3-9f75bbf698e9,2025-12-29 18:57:46.617691+00,2026-03-07 23:26:21.689164+00,4.0,
5ec06bbe-ce3f-4244-a7ef-b179ee762d8e,,29ea2657-3e45-4d28-9abe-6db1d6cdd41b,2025-09-22 21:41:55.916382+00,2025-12-30 15:32:41.954642+00,5.0,
5ed892bb-ef9d-43a8-a2df-4154555fd747,,0212b5e3-2b19-44a0-a39f-5c0202307872,2025-08-27 19:16:37.79866+00,2025-12-20 17:22:45.577065+00,4.0,
5eea606d-0495-43d7-acc4-a166d2f924b1,,4de727b2-3853-4fcc-9ad2-2b80d3f02e1c,2025-09-27 15:02:01.706164+00,2026-01-31 18:55:23.884091+00,4.0,
5efc77fc-793d-4ce4-aa04-82f16bf282be,,29ea2657-3e45-4d28-9abe-6db1d6cdd41b,2026-02-07 17:56:24.438983+00,2026-02-20 13:52:51.390001+00,3.0,
5f0ed7d6-938d-43f1-a9b9-7a7c72dfeabe,,410277eb-539b-460c-aff9-24a4a1521dec,2025-09-28 19:12:24.722428+00,2026-01-09 22:45:26.025565+00,5.0,0fb4a41f-dae4-41cf-9437-40f81a5b2860
5f127ee4-f1fb-4e80-940a-44a408de93d8,796b2e6d-b8f5-4a62-9040-2094a5bf720c,4c4fcd34-a462-4c60-aa86-fa9731ea7212,2026-01-31 20:28:34.161793+00,2026-01-31 20:28:34.161793+00,3.0,
5f22ff9d-905f-4516-9082-4a6702334572,,bf6f8662-b890-496c-bbd7-6f213b86ca91,2026-01-31 18:56:30.093848+00,2026-02-21 20:55:06.869652+00,1.0,
5f2dd95c-871b-4e63-8b49-d9c84cc25f88,,4c4fcd34-a462-4c60-aa86-fa9731ea7212,2026-03-14 21:33:38.918775+00,2026-07-17 07:19:09.226491+00,3.0,
5f729991-72bd-4d6a-91a6-b70c29baebf6,ed6156cc-b05f-4971-a658-b8e0a1514248,1f9f677c-1f5d-4784-828a-970801312639,2026-02-21 18:51:30.802826+00,2026-02-21 18:51:30.802826+00,3.0,
5fa31b41-04c4-4aa1-8220-a19d9c36d52e,,58fd01fe-b878-41d9-8135-a7f44dbab4d4,2026-07-18 19:34:16.743574+00,2026-07-18 22:00:54.79441+00,4.0,f1d992f7-922a-4303-96e9-816266abe570
5fa8d088-83f1-4450-9d6e-4857b27429f8,,0212b5e3-2b19-44a0-a39f-5c0202307872,2025-08-27 19:18:44.165536+00,2025-09-26 23:14:53.81486+00,3.0,e3aeabc5-fc62-4670-8af0-b5a5b75457a4
5fcb28c5-79fc-46c9-bef3-a39c363d5aaa,a25b0b1b-aa7e-4f83-9b8b-2766ef0f2c9a,29ea2657-3e45-4d28-9abe-6db1d6cdd41b,2026-02-02 12:28:42.80043+00,2026-02-09 14:30:20.829378+00,3.0,
5fdb7a3c-1f7f-4646-ba3c-275395a84e03,,c7f64752-3e0b-4b9c-b96a-ead26aa0258e,2025-08-25 20:17:20.368459+00,2026-01-24 19:21:46.581266+00,5.0,
5fe13bf1-cebb-492e-8c8d-a71f96cb97d0,cd824939-6a12-4892-9f0f-9264307a8e14,4c4fcd34-a462-4c60-aa86-fa9731ea7212,2026-03-27 23:11:27.607077+00,2026-03-27 23:11:28.472522+00,3.0,
600e9069-d147-47ed-862a-239e26e6ff93,,a2726890-883c-4164-b951-a0619f43d620,2025-10-11 19:17:10.910839+00,2025-12-20 23:53:03.41703+00,4.0,58d6b989-5a2e-4c8f-885d-bb3ccb0b52b6
60262daf-a00c-40ae-97dc-c47d023416b0,,0212b5e3-2b19-44a0-a39f-5c0202307872,2026-03-27 20:21:38.819246+00,2026-07-18 20:17:41.936568+00,5.0,
604082f6-f564-4310-98ef-adf576d712b0,,410277eb-539b-460c-aff9-24a4a1521dec,2025-09-03 21:37:18.228654+00,2025-09-14 21:08:22.481968+00,5.0,e13b249c-c02a-4e79-afdc-4b1f6983eb02
608a2652-313e-4204-b913-0dfee87e1275,,0212b5e3-2b19-44a0-a39f-5c0202307872,2026-03-27 20:19:45.734147+00,2026-06-20 07:55:58.935282+00,1.0,
60bfcb54-b339-40cc-8679-1f285d406615,09b58b51-7eae-456c-9f00-f26a22f7d64e,5d2a8362-b232-4766-acfa-019ebd70b958,2026-03-07 19:38:30.790733+00,2026-03-07 19:38:37.319521+00,5.0,
60c1a012-0f92-4b87-9e36-0561cd93f1c1,10563bd6-00dd-4945-87a1-17e2e6770954,a2726890-883c-4164-b951-a0619f43d620,2026-01-31 20:00:16.706975+00,2026-01-31 20:00:16.706975+00,5.0,
60c257d9-c321-4811-9cac-1404cb86c0ca,d0478e8e-c86f-4563-9525-0edd29ba6fb7,58fd01fe-b878-41d9-8135-a7f44dbab4d4,2025-10-11 19:19:04.084093+00,2025-10-11 19:19:11.20189+00,3.0,
60dd8cc6-26a4-449e-a112-263e673ff001,,410277eb-539b-460c-aff9-24a4a1521dec,2025-09-22 21:39:50.170831+00,2025-12-30 15:32:41.954642+00,5.0,
6109cab1-9536-47fd-9310-413115ad4e9d,,4c4fcd34-a462-4c60-aa86-fa9731ea7212,2026-02-28 19:07:26.527459+00,2026-02-28 22:27:53.44066+00,5.0,90a88789-e1fb-4fe6-808c-627da1ceb0c2
613e9e0d-185d-4ce1-ac04-6d4297657537,,5d2a8362-b232-4766-acfa-019ebd70b958,2026-01-17 20:53:21.981921+00,2026-02-21 10:27:41.804306+00,2.0,
618f62ac-956f-4dff-b6fd-bb6e05bd26ca,cd824939-6a12-4892-9f0f-9264307a8e14,e2422f0b-540b-4f35-9ddb-8f4610471bf6,2026-03-28 12:32:00.000262+00,2026-08-21 23:30:34.625457+00,1.0,
619bb97c-14df-4902-a1ab-71a683f938f6,,4c11d5fc-32e7-4202-8b96-bc911288d4d6,2025-09-22 17:16:38.6653+00,2026-01-17 23:11:11.05032+00,4.0,2656ebd5-856f-4eee-9ca5-7d8bc0e0e434
61c0c99c-f1fd-4e3f-87f6-0ba4d909e546,63d5d20c-7a7c-44a9-b7b6-941da1b5bff9,4a129334-f055-43ce-849d-5edeb7b82b1f,2025-09-27 17:26:00.206999+00,2025-09-27 17:26:07.532206+00,3.0,
61f9753d-21e1-4dfa-84ce-e4f6155f43ca,,e2422f0b-540b-4f35-9ddb-8f4610471bf6,2026-03-07 19:46:47.60356+00,2026-05-13 20:19:35.216171+00,3.0,
620a1e6a-4fbd-4c4e-8b25-199398f6994c,,0dd6a46d-90a0-4fca-96bc-5de7241f3c6c,2025-09-23 17:27:33.615098+00,2026-04-11 22:20:39.177916+00,5.0,
6228afc3-a1a0-42d0-8118-7fcb339c5b09,,c7f64752-3e0b-4b9c-b96a-ead26aa0258e,2025-08-29 20:09:39.604533+00,2025-09-22 21:24:45.485416+00,5.0,e0342b90-a3e5-4f6d-8c42-3ccd59778d3a
625776e4-14b5-457e-8181-ef2dd22ecefa,d1527898-d24e-438a-b8be-438ee2b142b2,5d2a8362-b232-4766-acfa-019ebd70b958,2026-02-28 20:27:06.511239+00,2026-02-28 20:27:06.95061+00,4.0,
625d8da1-16c5-4fea-9e81-dbbd94ec58d8,,4a129334-f055-43ce-849d-5edeb7b82b1f,2025-09-07 19:09:55.305406+00,2025-09-26 23:04:48.400711+00,1.0,ddee54cc-a1f4-413c-a40a-9de1e1842ad5
62747fc8-43ba-45fe-9d34-5ae45d0e9479,,e2422f0b-540b-4f35-9ddb-8f4610471bf6,2026-03-07 19:45:02.756464+00,2026-07-18 20:17:41.936568+00,2.0,
63013f7f-5c24-4a80-b19b-d7b3c7fa3a80,,4c4fcd34-a462-4c60-aa86-fa9731ea7212,2025-08-27 19:21:27.752595+00,2026-01-17 23:11:11.05032+00,5.0,2656ebd5-856f-4eee-9ca5-7d8bc0e0e434
63548e9d-b21c-444c-b7e7-f593261372ca,,4de727b2-3853-4fcc-9ad2-2b80d3f02e1c,2025-09-23 17:33:45.444963+00,2026-01-31 19:06:32.990415+00,3.0,
63a433aa-6f4a-434d-9d96-ceabafb0f48a,09b826fc-893f-459f-be25-291dafd6a752,b00f5b54-aabe-4272-a5a3-9f75bbf698e9,2025-08-30 14:46:40.327647+00,2025-08-30 14:46:40.327647+00,5.0,
63b7da4b-5314-4985-8b02-494205a2a5f7,,4de727b2-3853-4fcc-9ad2-2b80d3f02e1c,2025-09-27 15:01:44.851464+00,2025-09-27 21:31:56.495584+00,4.0,51ccff25-bb4c-4c84-b34f-f1897e184e18
63e5630a-c3a2-4e5a-bfd1-fc6ce6ba8123,,29ea2657-3e45-4d28-9abe-6db1d6cdd41b,2025-08-26 22:06:18.208265+00,2026-01-31 18:55:01.776106+00,5.0,
63f096f9-8716-41f7-b15a-0553a49849bc,,b00f5b54-aabe-4272-a5a3-9f75bbf698e9,2025-08-26 22:14:35.284942+00,2026-01-31 18:55:01.776106+00,3.0,
63f50b8b-da0c-4ccb-960c-8627a9a013a3,,0dd6a46d-90a0-4fca-96bc-5de7241f3c6c,2026-03-06 22:49:11.685436+00,2026-06-20 07:55:58.935282+00,5.0,
63f67148-2c6e-4f93-9c60-fe06b1ab7dd0,,410277eb-539b-460c-aff9-24a4a1521dec,2025-08-24 19:49:25.510292+00,2025-10-11 19:14:54.275225+00,5.0,
6435888d-1797-44ea-808b-3029c6885a98,,c7f64752-3e0b-4b9c-b96a-ead26aa0258e,2026-01-24 19:42:50.627152+00,2026-03-07 23:26:21.689164+00,1.0,
644184ad-4029-4ce9-94d3-cc3b4034c602,,9c974d76-199c-4c05-bd80-2a0681451fe1,2025-09-07 17:06:41.676796+00,2025-09-07 19:08:58.639568+00,3.0,60cc5e48-94e0-4c70-959c-e300939c334b
6498f9d4-bc17-43b8-b0fe-ac989417d11b,,5d2a8362-b232-4766-acfa-019ebd70b958,2026-01-17 20:50:46.26779+00,2026-03-27 22:56:30.644032+00,1.0,206da1c5-84bb-4658-9d30-627b7b12f3c1
64e45b6f-19e7-4029-9f80-2ae2c30267fe,,58fd01fe-b878-41d9-8135-a7f44dbab4d4,2026-01-24 19:30:24.230046+00,2026-03-07 23:26:24.949038+00,5.0,
65143f02-2aff-43e1-b7ce-c91dff6f9304,5908a514-aaed-42c1-b92c-1c9420edf2e5,bf6f8662-b890-496c-bbd7-6f213b86ca91,2025-09-12 11:16:37.484156+00,2025-09-12 11:16:37.484156+00,5.0,
653dabb5-963b-4278-82b5-a6428515ee26,d0b32c06-f4f8-4752-a530-162b0c757b11,0212b5e3-2b19-44a0-a39f-5c0202307872,2026-03-27 23:09:58.060072+00,2026-03-27 23:09:58.060072+00,5.0,
655bfe13-b8b9-4eb4-89f4-340a5a175f81,,5d2a8362-b232-4766-acfa-019ebd70b958,2026-02-07 19:25:39.367415+00,2026-02-21 20:55:06.869652+00,2.0,
65d90629-240c-4e55-aadf-259f67e9d54a,,0212b5e3-2b19-44a0-a39f-5c0202307872,2026-01-31 20:26:11.351069+00,2026-02-21 20:55:06.869652+00,4.0,
661bd5b4-f64e-4425-98c5-80245c2549a2,,b00f5b54-aabe-4272-a5a3-9f75bbf698e9,2025-12-20 13:24:49.544316+00,2025-12-30 15:29:39.441893+00,2.0,
6622f2d8-591b-48ba-a25c-eaf7ba09c18c,,410277eb-539b-460c-aff9-24a4a1521dec,2026-01-23 20:12:08.672967+00,2026-05-26 16:28:24.565212+00,1.0,
663ba342-f5bd-460d-9622-e7d85aee9067,,c7f64752-3e0b-4b9c-b96a-ead26aa0258e,2026-03-13 20:35:17.461415+00,2026-07-18 20:17:41.936568+00,3.0,
667393f6-450a-4a92-8b03-39530016abfb,,c7f64752-3e0b-4b9c-b96a-ead26aa0258e,2025-08-29 20:06:43.789446+00,2026-01-31 18:55:01.776106+00,4.0,
6686ce8f-473a-40fe-97b2-ee7e8c968e7b,,0212b5e3-2b19-44a0-a39f-5c0202307872,2026-03-27 20:19:57.292512+00,2026-07-17 07:19:09.226491+00,4.0,
668950f0-1afd-494e-a048-3ec407826b69,d71848de-5785-4230-a44d-08f4aec4cb6b,29ea2657-3e45-4d28-9abe-6db1d6cdd41b,2025-09-27 21:50:53.211066+00,2026-02-07 23:33:06.865167+00,5.0,
66915749-a7df-497c-b589-1d0d1bf8878f,318afdb9-0b7d-4128-b036-8c3cdf8f9d2e,4de727b2-3853-4fcc-9ad2-2b80d3f02e1c,2026-07-18 19:30:54.13655+00,2026-07-18 19:30:54.13655+00,3.0,
66cb43e4-d834-41d9-833d-109d6b1c3e77,,5d2a8362-b232-4766-acfa-019ebd70b958,2025-10-11 19:20:38.268824+00,2025-12-20 13:16:39.44817+00,2.0,
66e5e49e-a930-40b5-be8f-b8381df3e7d0,3f85a256-05ef-4988-b1d7-0d950dcf997e,410277eb-539b-460c-aff9-24a4a1521dec,2026-07-20 17:48:56.914319+00,2026-07-20 17:48:56.914319+00,5.0,
671242ed-4cf3-4a1a-a393-af2a26301821,,a2726890-883c-4164-b951-a0619f43d620,2026-01-09 19:16:44.559466+00,2026-01-09 19:37:52.481831+00,2.0,
676302bd-3765-4a49-aae0-b1ccbc1dff38,,5d2a8362-b232-4766-acfa-019ebd70b958,2025-10-11 19:23:37.232542+00,2025-12-20 17:15:41.566525+00,1.0,
6777c8a0-ce05-4bb5-a666-172e058e865c,,0dd6a46d-90a0-4fca-96bc-5de7241f3c6c,2026-03-07 19:31:36.991084+00,2026-07-18 20:17:41.936568+00,4.0,
67f32c44-a792-4e98-8200-d9d97858e3d1,,29ea2657-3e45-4d28-9abe-6db1d6cdd41b,2026-02-07 22:31:04.252925+00,2026-03-11 14:41:34.781656+00,5.0,
67f86912-8bf3-4ed6-a4c7-854bdbd643d3,fcea1687-c6c9-4eab-83e4-0714cc9d2196,58fd01fe-b878-41d9-8135-a7f44dbab4d4,2026-01-31 19:58:32.234526+00,2026-01-31 19:58:32.234526+00,5.0,
681cd849-3eaf-4ada-b3aa-9b7edfb97a7b,312025bf-dbea-48c7-af7c-4460fafb06cc,0212b5e3-2b19-44a0-a39f-5c0202307872,2026-08-21 20:12:41.317999+00,2026-08-21 20:12:41.317999+00,4.0,
683859f6-f67e-4fc4-b181-e2268e11ab84,,0dd6a46d-90a0-4fca-96bc-5de7241f3c6c,2025-09-22 21:39:58.006275+00,2025-12-30 15:32:41.954642+00,5.0,
6849e366-3adf-4b6c-8b94-cd045d60cdbf,,0dd6a46d-90a0-4fca-96bc-5de7241f3c6c,2026-02-20 21:51:01.707867+00,2026-02-28 12:16:14.94265+00,5.0,
6898c3f5-ef80-4fb8-9100-daef143552e7,,e4f7f8ef-e94c-49ba-b692-99cefc421554,2025-09-06 15:53:27.208843+00,2025-09-06 20:28:02.58778+00,2.0,6914c3bf-993b-4814-ba36-e716e615730d
68b23314-9cb7-4834-89f0-d0d8e076a52c,,a2726890-883c-4164-b951-a0619f43d620,2026-01-17 20:22:52.854358+00,2026-05-08 21:54:12.924635+00,5.0,6152eb83-8070-4b50-86e3-685b6db518c3
68fc8e5f-f72c-43f2-8125-b25970ef01cd,,5d2a8362-b232-4766-acfa-019ebd70b958,2025-09-11 14:07:56.516412+00,2026-01-22 05:43:22.027127+00,5.0,
6925ba39-ca60-47f9-9120-7ea7f3210b7b,fcea1687-c6c9-4eab-83e4-0714cc9d2196,4c4fcd34-a462-4c60-aa86-fa9731ea7212,2026-01-31 20:34:21.149884+00,2026-04-11 18:41:22.553529+00,5.0,
6932ead5-0db2-49df-ab8d-8bbc464ab1cf,06867feb-f1ae-4a5b-b31f-ef36ed434eaf,29ea2657-3e45-4d28-9abe-6db1d6cdd41b,2026-07-18 22:23:09.263902+00,2026-07-18 22:23:09.263902+00,5.0,
69492e2a-bae5-4660-89ea-95d4125bf46d,,5d2a8362-b232-4766-acfa-019ebd70b958,2025-10-11 19:20:51.738583+00,2025-10-11 21:34:51.643858+00,5.0,25a8a934-47b0-4cb5-b247-92d7704a9abd
694abc50-c531-48cb-a56b-a6762a2136c9,,29ea2657-3e45-4d28-9abe-6db1d6cdd41b,2025-08-25 09:42:49.244306+00,2026-07-18 22:20:58.408928+00,5.0,
69954ad8-7e54-414b-b7c5-3147444d0ef7,,4c11d5fc-32e7-4202-8b96-bc911288d4d6,2025-09-23 14:08:58.351544+00,2025-10-11 19:14:54.275225+00,3.0,
699f2b35-38b1-47a4-aaf7-400a34dbcd4b,,1f9f677c-1f5d-4784-828a-970801312639,2026-01-17 20:25:20.333484+00,2026-02-06 00:17:50.910372+00,5.0,
69bbb7a9-6e99-42fe-9e2f-9495df280e58,,1f9f677c-1f5d-4784-828a-970801312639,2026-01-17 20:49:05.3869+00,2026-03-27 22:56:30.644032+00,1.0,206da1c5-84bb-4658-9d30-627b7b12f3c1
69bccbfc-ba5f-4859-9d5a-4e7ea3017d65,,e2422f0b-540b-4f35-9ddb-8f4610471bf6,2025-12-20 17:27:11.025338+00,2025-12-30 15:29:39.441893+00,2.0,
6a7d06f6-3a81-45e2-885e-559c08ed3a8e,,410277eb-539b-460c-aff9-24a4a1521dec,2025-08-24 19:54:40.23072+00,2025-10-11 21:34:51.643858+00,5.0,25a8a934-47b0-4cb5-b247-92d7704a9abd
6a8d21da-c96b-4549-a989-388260aa09cb,,29ea2657-3e45-4d28-9abe-6db1d6cdd41b,2026-02-21 20:49:53.643165+00,2026-02-21 20:55:03.968697+00,1.0,
6a9bfa6f-7472-4b17-8325-e4c61b11f3a0,,e2422f0b-540b-4f35-9ddb-8f4610471bf6,2025-12-20 17:27:55.458904+00,2026-05-22 19:18:42.860007+00,4.0,
6ad69253-c929-4aaa-af3b-f21dd6aea8b8,eec0059a-862f-4a3e-84fa-cf8d16d98783,5d2a8362-b232-4766-acfa-019ebd70b958,2026-05-22 19:45:19.955813+00,2026-05-22 19:45:19.955813+00,5.0,
6ae1b3b3-3ef7-45b8-a6e9-179e078e7fc6,,0dd6a46d-90a0-4fca-96bc-5de7241f3c6c,2026-02-21 20:51:19.661955+00,2026-02-21 20:55:03.968697+00,3.0,
6b3082cf-158f-496c-8841-54258bc1de42,,e2422f0b-540b-4f35-9ddb-8f4610471bf6,2026-06-28 19:50:05.886341+00,2026-06-28 20:15:29.170501+00,5.0,
6b4f51ac-053d-4cd4-899f-f589010df9ba,eec0059a-862f-4a3e-84fa-cf8d16d98783,410277eb-539b-460c-aff9-24a4a1521dec,2026-04-13 13:42:43.831162+00,2026-04-13 13:42:43.831162+00,5.0,
6b6c8ef8-ffef-4074-a9fe-97a3ea2527f0,7673fe73-7021-4b63-b187-e22f5c246527,a2726890-883c-4164-b951-a0619f43d620,2026-08-11 20:02:30.512205+00,2026-08-11 20:02:30.512205+00,4.0,
6b865bd2-f70e-400e-8b26-a63e187e7b52,a02b57c1-e2db-4234-b512-db45fe242cd0,0dd6a46d-90a0-4fca-96bc-5de7241f3c6c,2026-08-11 19:54:02.780373+00,2026-08-11 19:54:04.88329+00,5.0,
6b94b084-b58b-4228-a2c9-579d4cfbe054,,4c4fcd34-a462-4c60-aa86-fa9731ea7212,2026-01-17 20:27:10.17069+00,2026-02-06 00:17:50.910372+00,5.0,
6be18d41-e9f0-45ca-b846-5510d600ecf6,09b58b51-7eae-456c-9f00-f26a22f7d64e,c7f64752-3e0b-4b9c-b96a-ead26aa0258e,2026-03-13 20:35:23.429406+00,2026-03-13 20:35:23.429406+00,4.0,
6c0d1625-8645-486c-a309-de45d5669550,d0b32c06-f4f8-4752-a530-162b0c757b11,4de727b2-3853-4fcc-9ad2-2b80d3f02e1c,2026-05-08 19:51:36.619782+00,2026-05-08 19:51:36.619782+00,3.0,
6cb30c46-7019-4ef4-8a2f-cdf2d96b4776,,58fd01fe-b878-41d9-8135-a7f44dbab4d4,2026-01-09 19:41:33.981163+00,2026-02-06 00:17:50.910372+00,3.0,
6d0515f6-fefb-4847-8faa-28ce2ebb2ef5,,b00f5b54-aabe-4272-a5a3-9f75bbf698e9,2026-02-07 22:25:47.727346+00,2026-03-11 14:41:34.781656+00,5.0,
6d7967ce-8fa5-4c67-8234-2db21fda0880,92b42598-ff4d-4624-9e10-5945a062883e,0dd6a46d-90a0-4fca-96bc-5de7241f3c6c,2026-03-13 21:01:40.32794+00,2026-03-13 21:01:40.32794+00,2.0,
6db468cd-a15b-4355-89a6-09188c3de8fb,a25b0b1b-aa7e-4f83-9b8b-2766ef0f2c9a,58fd01fe-b878-41d9-8135-a7f44dbab4d4,2026-01-31 19:57:50.654883+00,2026-01-31 19:57:50.654883+00,4.0,
6dc2b5f7-54f8-467e-9367-314f9cdd8f06,,b00f5b54-aabe-4272-a5a3-9f75bbf698e9,2026-03-12 14:20:46.13679+00,2026-07-19 21:46:47.619006+00,5.0,f05f738e-77d0-45f6-a558-69449e81b138
6def75e9-f097-4299-a31a-ed86f80aae07,,4c4fcd34-a462-4c60-aa86-fa9731ea7212,2025-08-27 19:19:15.350394+00,2026-01-05 22:03:51.373884+00,1.0,921f588c-7173-4ecb-8bc8-c37358d0ae99
6e090e67-8b2d-4664-a9a2-ae9ff0da91f6,,b00f5b54-aabe-4272-a5a3-9f75bbf698e9,2026-01-17 20:26:16.278813+00,2026-03-08 09:51:20.744774+00,5.0,
6e27fccb-bf24-4358-82d3-d43c1ca9bdfd,,4de727b2-3853-4fcc-9ad2-2b80d3f02e1c,2025-09-23 17:33:07.267187+00,2026-04-11 22:20:39.177916+00,3.0,
6e463f91-8895-4547-a0f2-7d2736db5fd6,b5bdd821-b097-4a79-ade7-809054ddb957,410277eb-539b-460c-aff9-24a4a1521dec,2026-05-22 19:38:33.337549+00,2026-05-22 19:38:33.337549+00,5.0,
6e4bacd3-0afe-4442-b3c2-f6b2ef8588d7,,a2726890-883c-4164-b951-a0619f43d620,2026-07-05 20:24:45.835428+00,2026-07-18 22:16:59.078323+00,5.0,
6e9510be-c1ac-418f-8f6c-ac45eaa1f9d4,63d5d20c-7a7c-44a9-b7b6-941da1b5bff9,e4f7f8ef-e94c-49ba-b692-99cefc421554,2025-09-11 14:38:48.636833+00,2025-09-11 14:38:48.636833+00,3.0,
6ebf39a6-7e16-46f4-ba77-be266ea27fe0,,0dd6a46d-90a0-4fca-96bc-5de7241f3c6c,2025-12-20 21:13:52.180883+00,2026-05-22 19:18:42.860007+00,5.0,
6ecd7c42-73c6-4a08-bf7f-f1a7de11f075,,a2726890-883c-4164-b951-a0619f43d620,2026-01-09 19:15:05.773725+00,2026-01-24 22:07:28.208852+00,4.0,93955070-a6f3-4e7d-aeea-a730c82cafe4
6ef76a10-f4ef-4177-9ddd-f189045a200d,,29ea2657-3e45-4d28-9abe-6db1d6cdd41b,2026-03-08 09:51:25.930891+00,2026-03-08 09:51:50.001071+00,5.0,
6f20fb70-1fa8-4138-bcc6-c08055598dfc,06867feb-f1ae-4a5b-b31f-ef36ed434eaf,e2422f0b-540b-4f35-9ddb-8f4610471bf6,2026-07-21 16:36:07.819348+00,2026-07-21 16:36:07.819348+00,2.0,
6f4d80be-98ca-4117-b50a-bcef3f2572c1,,5d2a8362-b232-4766-acfa-019ebd70b958,2025-10-11 19:20:45.799144+00,2026-01-17 20:30:45.309903+00,3.0,
6f6fc6dc-bd9e-4b6d-b091-161541263738,5908a514-aaed-42c1-b92c-1c9420edf2e5,5d2a8362-b232-4766-acfa-019ebd70b958,2026-02-07 19:23:41.139174+00,2026-02-07 19:23:41.139174+00,1.0,
6f7c12cc-e40d-466d-a4af-3d1a8823f159,,58fd01fe-b878-41d9-8135-a7f44dbab4d4,2026-03-07 18:15:18.275731+00,2026-05-13 20:19:35.216171+00,3.0,
6f7f0273-a7b9-417e-a961-a278705a59c7,,0dd6a46d-90a0-4fca-96bc-5de7241f3c6c,2026-03-07 19:31:21.144542+00,2026-07-18 20:17:43.375893+00,5.0,
6f8056be-7955-4e51-9097-35a447cbbbef,796b2e6d-b8f5-4a62-9040-2094a5bf720c,b00f5b54-aabe-4272-a5a3-9f75bbf698e9,2025-09-22 10:01:39.492753+00,2026-05-23 16:53:43.320914+00,5.0,
6fefb05e-834e-4673-8777-78101fbf72b3,6d4b88c9-a4c7-4755-af8a-24b637bcc964,81e43532-b6dd-438d-bd72-62be3723c0a4,2026-02-19 11:20:18.854984+00,2026-02-19 11:20:18.854984+00,3.0,
701105e7-c9cc-4d4f-92b5-714d441159e8,796b2e6d-b8f5-4a62-9040-2094a5bf720c,5d2a8362-b232-4766-acfa-019ebd70b958,2025-10-11 19:20:03.123096+00,2025-10-11 19:20:03.123096+00,3.0,
7037d6ef-708a-499d-89cb-04c1016b22ec,,4de727b2-3853-4fcc-9ad2-2b80d3f02e1c,2025-09-27 15:04:02.56163+00,2026-01-17 20:21:11.739992+00,2.0,
70702d9c-16d8-4287-8728-5aadd29a7e9e,3f85a256-05ef-4988-b1d7-0d950dcf997e,29ea2657-3e45-4d28-9abe-6db1d6cdd41b,2026-07-18 22:23:29.652133+00,2026-07-18 22:23:29.652133+00,5.0,
70cdabff-807a-4eb0-a055-a8ee1f220340,,4de727b2-3853-4fcc-9ad2-2b80d3f02e1c,2026-03-13 20:33:42.558915+00,2026-05-22 21:31:41.907457+00,4.0,4f7f967a-2144-46a0-92ed-949a8f7feaf4
70f103b6-d9bf-4d55-894c-3e1e0060a7d3,,4de727b2-3853-4fcc-9ad2-2b80d3f02e1c,2026-03-13 20:32:35.438705+00,2026-07-18 20:17:43.375893+00,4.0,
713cefe1-9211-4761-9da9-b1ac7a9a9ac2,,0dd6a46d-90a0-4fca-96bc-5de7241f3c6c,2026-01-09 19:41:07.759298+00,2026-01-10 12:08:00.045619+00,4.0,
71c4ef7f-2f71-42e1-b34b-696ef779d9c4,,a2726890-883c-4164-b951-a0619f43d620,2026-01-09 19:36:43.257458+00,2026-03-13 21:00:31.165242+00,4.0,
71d5feba-2bac-4c97-b5d0-f988c0cb8b65,,bf6f8662-b890-496c-bbd7-6f213b86ca91,2025-08-26 20:39:44.73142+00,2025-09-23 21:58:56.100797+00,2.0,e99fa35b-992f-4074-a820-1f67a802afef
723b986e-03b9-44c1-9919-d05bbd136c58,b94e7e71-2843-4c04-97b2-6ac00ab3cc3a,b00f5b54-aabe-4272-a5a3-9f75bbf698e9,2025-08-25 20:21:28.073731+00,2025-08-26 17:47:53.521182+00,1.0,
727c3e8a-1de2-4fcb-8861-43b4a27a2989,,58fd01fe-b878-41d9-8135-a7f44dbab4d4,2026-02-20 21:51:53.822852+00,2026-02-20 23:18:53.642131+00,3.0,72239a2a-cd06-44a3-9e51-951f8bac9bb3
72c20fbd-987d-48ea-8317-72f74f8eeb9c,,0dd6a46d-90a0-4fca-96bc-5de7241f3c6c,2025-08-25 20:15:11.378758+00,2026-01-05 22:03:51.373884+00,5.0,921f588c-7173-4ecb-8bc8-c37358d0ae99
72d12e42-36ad-4e95-b5a6-d74e763104a9,,9c974d76-199c-4c05-bd80-2a0681451fe1,2025-09-06 15:43:22.019237+00,2025-09-06 15:43:36.841294+00,3.0,0f92d7f9-708f-4265-b7a0-321dcc57bc4e
732203d0-ad0f-4015-82e4-f63fb9082d89,,5d2a8362-b232-4766-acfa-019ebd70b958,2026-02-07 19:23:02.087326+00,2026-02-08 22:37:34.788429+00,4.0,a7d28f7a-05a8-47b3-8e34-55937064ab42
733b136b-22cb-4005-8359-beb28a833cef,248c1261-bd0c-40d7-b7ed-a0058480e6b3,29ea2657-3e45-4d28-9abe-6db1d6cdd41b,2026-07-01 21:12:45.044528+00,2026-07-01 21:12:45.044528+00,2.0,
734b6c48-8bcf-47bb-ad59-9bc8bdcb5169,10563bd6-00dd-4945-87a1-17e2e6770954,0dd6a46d-90a0-4fca-96bc-5de7241f3c6c,2026-02-07 19:02:26.074012+00,2026-02-07 19:02:26.074012+00,4.0,
7355dbf0-5332-42dc-b451-c0abc692ca04,a25b0b1b-aa7e-4f83-9b8b-2766ef0f2c9a,a2726890-883c-4164-b951-a0619f43d620,2026-01-31 19:57:58.83037+00,2026-01-31 19:57:58.83037+00,4.0,
736d2413-b54d-49d4-a00e-3bd457061d03,,a2726890-883c-4164-b951-a0619f43d620,2025-08-25 20:21:50.913339+00,2026-01-31 23:16:54.769127+00,2.0,a46a951d-738e-4045-9c41-7ee6258fb194
73eefe17-c797-47ba-a569-a6933d0e3122,,a2726890-883c-4164-b951-a0619f43d620,2025-10-11 19:16:46.526998+00,2025-12-20 17:15:41.566525+00,5.0,
73f96272-9548-4b31-95d6-d6935d93168f,,b00f5b54-aabe-4272-a5a3-9f75bbf698e9,2026-03-08 22:51:45.384225+00,2026-03-08 23:01:35.625858+00,5.0,
7407f5be-8a00-487d-8b96-35a6eee30eac,,0dd6a46d-90a0-4fca-96bc-5de7241f3c6c,2025-09-28 19:10:40.310018+00,2026-01-09 22:45:26.025565+00,5.0,0fb4a41f-dae4-41cf-9437-40f81a5b2860
740c4c2d-ec1f-497e-bdfd-5a858fd372be,,bf6f8662-b890-496c-bbd7-6f213b86ca91,2026-01-23 20:14:52.56675+00,2026-02-07 12:27:44.274887+00,5.0,
744c58a6-8527-41dd-8ce8-70e3bd8d1261,10563bd6-00dd-4945-87a1-17e2e6770954,4de727b2-3853-4fcc-9ad2-2b80d3f02e1c,2026-03-13 20:37:07.874654+00,2026-03-13 20:37:07.874654+00,4.0,
74588786-4ade-49a2-bb14-bb4a7dde1119,,0dd6a46d-90a0-4fca-96bc-5de7241f3c6c,2025-09-22 21:43:32.21693+00,2025-09-23 17:42:32.580335+00,3.0,
74679eb9-2595-4d54-b087-0c13c90d0df5,5b0c4862-2d0c-48d3-a1eb-bc2c944cd5d9,0212b5e3-2b19-44a0-a39f-5c0202307872,2026-01-17 20:26:52.187136+00,2026-01-17 20:26:52.187136+00,5.0,
74ad1c1e-0bba-44cb-b08a-f357331fd52e,,1f9f677c-1f5d-4784-828a-970801312639,2025-09-27 19:44:56.099188+00,2026-01-17 20:21:11.739992+00,5.0,
74e0d398-a27c-4c58-a212-afa4916ccaec,,29ea2657-3e45-4d28-9abe-6db1d6cdd41b,2025-12-20 18:42:27.943319+00,2025-12-21 22:43:48.747479+00,2.0,
75138c2e-d7ed-436a-a28b-c1eec9f938c9,,1f9f677c-1f5d-4784-828a-970801312639,2026-03-13 21:01:51.757981+00,2026-07-19 21:46:47.619006+00,1.0,f05f738e-77d0-45f6-a558-69449e81b138
7521b245-ea28-46c2-aec2-0f7553eadcd9,,c7f64752-3e0b-4b9c-b96a-ead26aa0258e,2026-01-24 19:41:16.292317+00,2026-05-08 21:54:12.924635+00,3.0,6152eb83-8070-4b50-86e3-685b6db518c3
755f753d-7678-42ac-98cc-4b9def4f15bd,b9a5bae9-a4a9-4cb5-a0b2-215a83ada491,b00f5b54-aabe-4272-a5a3-9f75bbf698e9,2026-08-20 15:30:59.12243+00,2026-08-21 17:32:02.263114+00,4.0,
756ed859-83ad-4231-aff8-13e945117dda,,4c11d5fc-32e7-4202-8b96-bc911288d4d6,2025-09-23 14:08:44.460072+00,2026-07-18 22:20:58.408928+00,2.0,
7584ff5e-e1f3-44df-ae23-348063f22009,cd824939-6a12-4892-9f0f-9264307a8e14,5d2a8362-b232-4766-acfa-019ebd70b958,2026-05-22 19:45:06.049362+00,2026-05-22 19:45:06.049362+00,2.0,
758acefa-39af-4823-8c4d-f037dbbc0027,,0dd6a46d-90a0-4fca-96bc-5de7241f3c6c,2025-08-27 18:08:46.305931+00,2026-01-31 19:06:32.990415+00,5.0,
75f4ad44-45ce-4a37-ada1-ac3ae50149c9,,58fd01fe-b878-41d9-8135-a7f44dbab4d4,2026-01-24 19:29:20.873569+00,2026-03-21 13:27:31.488746+00,4.0,
75f81069-6b6e-4eaf-8aa6-54fe151787d6,,0dd6a46d-90a0-4fca-96bc-5de7241f3c6c,2025-09-22 21:44:44.712577+00,2025-09-25 22:03:12.203404+00,5.0,5a75c8c1-f378-4f2b-830c-6474ab7f1fb0
7618784f-c67d-488f-945c-b2638c13701c,,b00f5b54-aabe-4272-a5a3-9f75bbf698e9,2025-10-11 19:17:47.757556+00,2025-12-20 17:15:41.566525+00,4.0,
76265bb2-388c-47db-b39d-7920fa954fa5,,58fd01fe-b878-41d9-8135-a7f44dbab4d4,2025-09-22 10:04:55.004207+00,2026-01-22 05:43:22.027127+00,1.0,
7628a2e1-5159-4fef-ae60-6b59531123f1,,c7f64752-3e0b-4b9c-b96a-ead26aa0258e,2026-01-24 19:42:44.401721+00,2026-05-22 21:31:41.907457+00,2.0,4f7f967a-2144-46a0-92ed-949a8f7feaf4
7657c214-8d66-416b-9790-18cbfbb3ae3c,,410277eb-539b-460c-aff9-24a4a1521dec,2026-07-20 17:49:43.972765+00,2026-08-11 22:17:27.645648+00,5.0,46644c66-67fa-417e-8ce2-cfa625567ac3
7683a694-8e12-4dbc-86f2-1d64b5c2f672,,0212b5e3-2b19-44a0-a39f-5c0202307872,2026-01-31 20:26:16.829769+00,2026-05-22 21:31:41.907457+00,4.0,4f7f967a-2144-46a0-92ed-949a8f7feaf4
76d7d800-708c-4593-8447-ab39a699cd75,,58fd01fe-b878-41d9-8135-a7f44dbab4d4,2026-02-07 17:43:42.66083+00,2026-02-20 13:52:51.390001+00,3.0,
77323168-e619-42f6-be99-d2ef84d2c840,0236192b-06ad-4244-bbb7-f1050b6388fc,f47f4579-1502-4ca3-8997-2b8826c49806,2026-02-19 14:42:26.834301+00,2026-02-19 14:42:30.577005+00,4.0,
7770b9a8-2d00-466f-bc86-a9a809ab97c4,c5ad2676-0596-4503-9b77-f41f5cd67632,410277eb-539b-460c-aff9-24a4a1521dec,2026-06-12 20:40:21.409817+00,2026-06-12 20:40:21.409817+00,5.0,
77829524-8753-49d5-b8d1-0f542fceb8ca,85c496ca-54e7-440b-b45c-8c617a4616d9,0212b5e3-2b19-44a0-a39f-5c0202307872,2026-08-21 20:09:54.55248+00,2026-08-21 20:09:54.55248+00,4.0,
778f8247-a51e-4447-ba95-40119e07dd76,,c7f64752-3e0b-4b9c-b96a-ead26aa0258e,2025-12-08 21:30:10.036981+00,2026-01-17 20:30:43.673613+00,1.0,
77aa8228-9029-4f6d-b389-fdf31444a7db,,0dd6a46d-90a0-4fca-96bc-5de7241f3c6c,2026-01-13 20:59:50.170257+00,2026-02-20 13:51:16.598049+00,5.0,
77b39f20-0f5f-4f18-8a45-c292adbb0b99,,a2726890-883c-4164-b951-a0619f43d620,2026-02-20 13:23:11.35123+00,2026-02-28 19:12:03.923718+00,3.0,
77fc394b-b3a2-4ac2-a3c4-278d5e1b2206,312025bf-dbea-48c7-af7c-4460fafb06cc,4de727b2-3853-4fcc-9ad2-2b80d3f02e1c,2026-07-18 19:32:12.321469+00,2026-07-18 19:32:12.321469+00,2.0,
781aa651-a192-4ac8-85ac-315f07036da3,,c7f64752-3e0b-4b9c-b96a-ead26aa0258e,2025-12-08 21:30:33.582787+00,2025-12-20 13:16:32.158138+00,1.0,
785fae50-ac3b-423a-b7bd-ede7ea7719cf,,0dd6a46d-90a0-4fca-96bc-5de7241f3c6c,2025-08-27 18:08:36.830839+00,2026-01-31 23:16:54.769127+00,3.0,a46a951d-738e-4045-9c41-7ee6258fb194
78cb356d-3bad-49f0-a85c-0d78f2e0b03c,09b826fc-893f-459f-be25-291dafd6a752,e2422f0b-540b-4f35-9ddb-8f4610471bf6,2025-09-05 23:23:07.652267+00,2025-09-05 23:23:07.652267+00,1.0,
790d65fc-eab1-4937-8570-31fe6fb02f9e,,4c4fcd34-a462-4c60-aa86-fa9731ea7212,2026-01-17 20:25:25.167198+00,2026-03-21 13:27:31.488746+00,2.0,
79379845-3d04-4e9f-85c4-204540bc3783,,c7f64752-3e0b-4b9c-b96a-ead26aa0258e,2026-02-13 20:50:52.396409+00,2026-04-11 22:05:24.572285+00,1.0,af1b1447-27cd-410f-9993-d0c4582b52ea
793dd87b-2a75-46f6-8ab7-d028509cb43a,d0478e8e-c86f-4563-9525-0edd29ba6fb7,0212b5e3-2b19-44a0-a39f-5c0202307872,2025-10-19 20:36:19.155381+00,2025-10-19 20:36:19.155381+00,3.0,
7948cfbf-8873-4ffc-8121-e192fd9f72a9,,5d2a8362-b232-4766-acfa-019ebd70b958,2026-05-22 19:44:23.24674+00,2026-05-29 19:42:42.999869+00,3.0,
794d131c-48d4-4609-b875-c9532e10c32c,,b00f5b54-aabe-4272-a5a3-9f75bbf698e9,2025-09-22 21:40:41.127912+00,2025-12-30 15:32:41.954642+00,4.0,
7953e1f8-7f0f-41ba-97bb-c0f732a5c3a1,,4c11d5fc-32e7-4202-8b96-bc911288d4d6,2025-10-21 08:49:56.479731+00,2025-12-20 17:15:41.566525+00,2.0,
796aef11-ebb0-413f-8811-02615cff8a91,,1f9f677c-1f5d-4784-828a-970801312639,2026-01-24 19:25:44.315141+00,2026-02-21 20:55:06.869652+00,3.0,
796ed087-7f26-4340-a4ba-2d1669c8fcbf,,410277eb-539b-460c-aff9-24a4a1521dec,2025-08-25 19:34:39.490229+00,2026-01-05 22:03:51.373884+00,5.0,921f588c-7173-4ecb-8bc8-c37358d0ae99
79bf3245-a7a1-418c-bd97-ee1eda3f6607,,58fd01fe-b878-41d9-8135-a7f44dbab4d4,2025-09-05 23:19:17.312535+00,2026-01-17 20:21:11.739992+00,3.0,
79e0d1b5-1793-494e-ab51-b1e5ae80a3e0,,58fd01fe-b878-41d9-8135-a7f44dbab4d4,2026-01-24 19:31:36.519385+00,2026-03-08 09:51:20.744774+00,3.0,
79f4e105-60d4-4ac2-86fe-df54ff9bff48,,29ea2657-3e45-4d28-9abe-6db1d6cdd41b,2026-02-28 12:14:24.582928+00,2026-02-28 22:27:53.44066+00,5.0,90a88789-e1fb-4fe6-808c-627da1ceb0c2
7a016e87-3936-4cbf-8774-6bababa5433e,14ea851e-0d9a-4ef3-b7c5-95549c5b34d2,1f9f677c-1f5d-4784-828a-970801312639,2026-06-20 19:57:10.90624+00,2026-06-20 19:57:11.684921+00,5.0,
7a14896c-773c-4ec2-9f2f-dc000a660c0d,,58fd01fe-b878-41d9-8135-a7f44dbab4d4,2026-01-09 19:43:03.612492+00,2026-03-07 23:26:21.689164+00,5.0,
7ac7bde2-cd00-4d69-87da-31b4a69de831,,b00f5b54-aabe-4272-a5a3-9f75bbf698e9,2025-12-29 18:57:28.77143+00,2026-02-08 22:37:34.788429+00,5.0,a7d28f7a-05a8-47b3-8e34-55937064ab42
7ad3785c-2f85-4a6f-8ecd-2dd5c1e79211,1bfef229-9c70-4168-94d6-880d37e5da96,58fd01fe-b878-41d9-8135-a7f44dbab4d4,2025-09-22 10:04:43.187141+00,2025-09-22 10:04:43.187141+00,3.0,
7b03184d-7de8-482c-8de1-3725d0238742,,c7f64752-3e0b-4b9c-b96a-ead26aa0258e,2025-12-20 21:08:53.813743+00,2025-12-21 22:43:48.747479+00,1.0,
7b172374-d3e8-442c-8157-8fe2049b25e7,,e2422f0b-540b-4f35-9ddb-8f4610471bf6,2025-09-05 23:22:31.419212+00,2025-09-14 21:08:22.481968+00,1.0,e13b249c-c02a-4e79-afdc-4b1f6983eb02
7b36dd49-1b81-4069-a52e-fb3f9c98b790,,0dd6a46d-90a0-4fca-96bc-5de7241f3c6c,2025-12-20 21:11:43.342037+00,2026-01-24 00:34:08.844972+00,4.0,
7b4fc296-78f9-42fe-95d8-4695965f9bb0,,b00f5b54-aabe-4272-a5a3-9f75bbf698e9,2026-01-17 20:26:05.637699+00,2026-05-08 21:54:12.924635+00,5.0,6152eb83-8070-4b50-86e3-685b6db518c3
7b74a6f3-1aed-4b39-8a83-26884a6fcfa0,1bfef229-9c70-4168-94d6-880d37e5da96,4c11d5fc-32e7-4202-8b96-bc911288d4d6,2025-09-22 17:17:20.590973+00,2025-09-22 17:17:20.590973+00,4.0,
7bbbfe4b-3d4f-4108-8ffe-037d64b5dfbd,,bf6f8662-b890-496c-bbd7-6f213b86ca91,2025-08-26 20:41:03.215205+00,2026-02-23 11:05:43.989816+00,5.0,
7bec63fc-ac3e-4576-b13f-5874bafffe4f,,a2726890-883c-4164-b951-a0619f43d620,2025-09-23 17:30:50.653473+00,2025-12-20 13:16:39.44817+00,3.0,
7bfa74e9-565c-43a8-a580-4e467cf85bff,e017f47f-cb94-41f1-93c4-ed5a88092277,0dd6a46d-90a0-4fca-96bc-5de7241f3c6c,2026-04-03 19:22:31.207493+00,2026-04-03 19:22:42.322975+00,5.0,
7c4f5671-0622-45a7-95ad-51f62a4e27a7,,29ea2657-3e45-4d28-9abe-6db1d6cdd41b,2025-08-30 14:40:34.24828+00,2026-01-17 20:21:11.739992+00,4.0,
7c8ac341-06c3-472e-874d-781108707af5,,c7f64752-3e0b-4b9c-b96a-ead26aa0258e,2025-12-08 21:31:12.622023+00,2026-01-17 20:30:45.309903+00,2.0,
7cf7ef20-84b8-46f3-8318-52ff11bef16d,,0212b5e3-2b19-44a0-a39f-5c0202307872,2026-01-17 20:28:06.783388+00,2026-05-22 19:18:42.860007+00,3.0,
7d1f36e4-83bb-4190-97e1-4e923bd7d2c2,5908a514-aaed-42c1-b92c-1c9420edf2e5,e2422f0b-540b-4f35-9ddb-8f4610471bf6,2025-09-05 23:22:19.913585+00,2025-12-20 17:29:22.291486+00,5.0,
7d3d14d1-c816-478a-98a6-27177f2dbc6f,,b00f5b54-aabe-4272-a5a3-9f75bbf698e9,2026-01-24 19:25:01.407116+00,2026-02-21 20:55:06.869652+00,5.0,
7d5cfd0a-0e52-41b4-8840-b9c15ec2d875,,0212b5e3-2b19-44a0-a39f-5c0202307872,2025-10-19 20:36:04.617423+00,2026-03-06 22:43:45.867763+00,4.0,
7d7c8692-2dd1-47ff-a1cd-d581960c6d11,,e2422f0b-540b-4f35-9ddb-8f4610471bf6,2026-02-13 14:02:32.690762+00,2026-02-13 23:35:48.872264+00,5.0,c14a6fdf-097f-4d6b-8c43-d1f83cfb0f38
7e15018a-ca54-403a-8676-8c393c123a18,,410277eb-539b-460c-aff9-24a4a1521dec,2026-07-10 11:39:27.762346+00,2026-07-18 22:16:59.078323+00,5.0,
7e1cdad9-6bdf-4aac-a722-66947bd4a636,,58fd01fe-b878-41d9-8135-a7f44dbab4d4,2025-08-25 20:17:10.7254+00,2026-01-05 22:03:51.373884+00,5.0,921f588c-7173-4ecb-8bc8-c37358d0ae99
7e704a8e-7fc4-4d6a-a905-04d78d6d17c3,,58fd01fe-b878-41d9-8135-a7f44dbab4d4,2026-02-23 20:29:42.381162+00,2026-02-28 22:27:53.44066+00,5.0,90a88789-e1fb-4fe6-808c-627da1ceb0c2
7ea9f9d7-2439-4c03-8b25-e8e703216bfa,,4de727b2-3853-4fcc-9ad2-2b80d3f02e1c,2026-03-13 20:37:34.486188+00,2026-07-18 20:17:41.936568+00,3.0,
7ec66a7f-840a-42a1-9403-3334eb94b979,7673fe73-7021-4b63-b187-e22f5c246527,0dd6a46d-90a0-4fca-96bc-5de7241f3c6c,2026-08-11 19:54:43.749957+00,2026-08-11 19:54:43.749957+00,5.0,
7f64e7e3-da81-4f9f-a605-fe82ed85cff0,,0212b5e3-2b19-44a0-a39f-5c0202307872,2026-01-17 20:26:20.93872+00,2026-02-06 00:17:50.910372+00,5.0,
7f72423f-17c2-479a-97f4-4c63c914b44f,,b00f5b54-aabe-4272-a5a3-9f75bbf698e9,2025-09-12 12:42:12.06291+00,2025-09-23 17:42:32.580335+00,5.0,
7f731cfe-002d-4839-aeb0-ab4a5c30900b,,e2422f0b-540b-4f35-9ddb-8f4610471bf6,2025-09-05 23:20:39.079301+00,2026-01-17 20:30:45.309903+00,2.0,
7f8504ec-2213-4ff2-ac14-984b3e6ea183,d0478e8e-c86f-4563-9525-0edd29ba6fb7,a2726890-883c-4164-b951-a0619f43d620,2025-10-11 19:16:41.325954+00,2025-10-11 19:16:41.325954+00,4.0,
7fe18a74-e610-4599-9e43-aa77bae2a5e9,10563bd6-00dd-4945-87a1-17e2e6770954,0212b5e3-2b19-44a0-a39f-5c0202307872,2026-01-31 20:27:01.46234+00,2026-01-31 20:27:01.46234+00,5.0,
7fe38d57-a892-475b-b6b9-89da05c814de,,410277eb-539b-460c-aff9-24a4a1521dec,2026-01-24 19:20:45.761637+00,2026-05-08 21:54:12.924635+00,5.0,6152eb83-8070-4b50-86e3-685b6db518c3
7fe6e099-9d43-46b3-b98e-092edf0db226,92b42598-ff4d-4624-9e10-5945a062883e,58fd01fe-b878-41d9-8135-a7f44dbab4d4,2026-03-13 21:01:28.704463+00,2026-03-13 21:02:27.090399+00,4.0,
803fc5aa-1520-40fe-ae09-0dae30796c6b,d1527898-d24e-438a-b8be-438ee2b142b2,410277eb-539b-460c-aff9-24a4a1521dec,2026-03-06 19:19:11.793432+00,2026-03-06 19:19:11.793432+00,5.0,
80d7f507-8958-434c-893e-6a33062edfdd,,5d2a8362-b232-4766-acfa-019ebd70b958,2026-02-07 19:27:48.786976+00,2026-03-07 23:26:21.689164+00,3.0,
80dd5a07-a557-4a92-b549-736b40e0ce7e,1bfef229-9c70-4168-94d6-880d37e5da96,4de727b2-3853-4fcc-9ad2-2b80d3f02e1c,2025-09-23 17:33:35.754334+00,2025-09-23 17:33:37.188395+00,3.0,
80e05362-f0df-4336-9b58-2dc0fcdf137e,,4c11d5fc-32e7-4202-8b96-bc911288d4d6,2025-09-23 14:07:41.268756+00,2025-12-20 13:16:32.158138+00,5.0,
8101fd89-2ea3-4f21-b3a5-7b3fe53ec194,,5d2a8362-b232-4766-acfa-019ebd70b958,2026-03-13 21:02:27.816846+00,2026-07-17 07:19:09.226491+00,3.0,
81418554-17eb-44a1-88e8-a03931f01c68,ed6156cc-b05f-4971-a658-b8e0a1514248,410277eb-539b-460c-aff9-24a4a1521dec,2026-02-21 18:14:18.42633+00,2026-02-21 18:14:18.42633+00,5.0,
8151ef8f-7dbd-483c-b36a-19c154feec9b,,1f9f677c-1f5d-4784-828a-970801312639,2025-10-11 19:19:26.119694+00,2025-12-30 15:27:16.045074+00,3.0,
81b846ce-ad18-4598-9986-fb1e0f51592b,,4c11d5fc-32e7-4202-8b96-bc911288d4d6,2025-12-20 21:11:42.353936+00,2026-01-27 20:31:26.735933+00,2.0,
823c2be6-e972-4c65-896f-fd40ccd14265,,a2726890-883c-4164-b951-a0619f43d620,2026-02-20 13:23:00.012594+00,2026-04-11 22:05:24.572285+00,5.0,af1b1447-27cd-410f-9993-d0c4582b52ea
82542cf5-476c-4d83-80ee-5c2a33f8ad5f,,4c4fcd34-a462-4c60-aa86-fa9731ea7212,2026-02-28 19:08:04.468406+00,2026-03-01 08:35:03.533765+00,3.0,
8267192e-f88d-4954-890a-b271dfb5702b,,c7f64752-3e0b-4b9c-b96a-ead26aa0258e,2025-08-25 20:16:33.753914+00,2025-10-11 19:14:54.275225+00,2.0,
82a92f34-9aaa-4399-bec4-3aa311de17be,,29ea2657-3e45-4d28-9abe-6db1d6cdd41b,2025-10-11 19:13:32.804166+00,2026-03-06 22:43:45.867763+00,1.0,
831ea10e-77d0-487a-b0f8-8ece5f717a2c,,b00f5b54-aabe-4272-a5a3-9f75bbf698e9,2025-09-09 08:48:26.397951+00,2025-12-20 17:15:44.790946+00,5.0,
83615e73-1bc3-4b46-b110-c8af9ea91a63,,e2422f0b-540b-4f35-9ddb-8f4610471bf6,2026-06-29 08:42:00.592842+00,2026-06-29 08:45:17.741045+00,5.0,
837415dd-aed7-45ed-9360-8bfdbdd50161,,0212b5e3-2b19-44a0-a39f-5c0202307872,2026-03-27 20:20:22.243961+00,2026-07-18 20:17:43.375893+00,4.0,
83b9ef6a-5d00-4d57-a671-011612fee169,,29ea2657-3e45-4d28-9abe-6db1d6cdd41b,2025-12-20 18:42:34.314813+00,2026-05-22 19:18:42.860007+00,1.0,
83daad09-d1d9-453e-b4c6-e98f2231255f,,29ea2657-3e45-4d28-9abe-6db1d6cdd41b,2026-02-20 13:58:07.872274+00,2026-02-28 12:16:14.94265+00,5.0,
83ef9826-08fd-40ba-8096-06e0a5ab1463,,5d2a8362-b232-4766-acfa-019ebd70b958,2026-01-17 20:52:19.047817+00,2026-05-08 21:54:12.924635+00,1.0,6152eb83-8070-4b50-86e3-685b6db518c3
841f3e0a-615e-4024-aa8c-1b2f713350ed,,4de727b2-3853-4fcc-9ad2-2b80d3f02e1c,2025-09-09 05:45:03.01303+00,2026-01-31 18:55:01.776106+00,4.0,
8449e2a1-3505-4c2f-b103-a26d664f7283,d0478e8e-c86f-4563-9525-0edd29ba6fb7,29ea2657-3e45-4d28-9abe-6db1d6cdd41b,2025-09-28 08:34:12.205813+00,2025-09-28 08:34:15.959177+00,4.0,
84e3c381-88c1-4aca-917d-d95a0379c0cb,,c7f64752-3e0b-4b9c-b96a-ead26aa0258e,2026-01-24 19:42:23.226711+00,2026-03-07 22:53:08.98881+00,2.0,15afe751-a56a-4300-840b-be67d97fb364
84f7bc97-ae02-48c3-820b-ee065c2f78f6,,1f9f677c-1f5d-4784-828a-970801312639,2025-09-27 19:44:36.198718+00,2026-01-31 18:55:23.884091+00,4.0,
8514c8c8-7690-426d-b33b-cb80507ac638,38e7b30b-baa2-4545-b326-77744fdc4862,29ea2657-3e45-4d28-9abe-6db1d6cdd41b,2026-01-21 20:33:14.754626+00,2026-01-21 20:33:14.754626+00,2.0,
8517ab2f-3e36-4aff-a847-5ca6493e0a94,,a2726890-883c-4164-b951-a0619f43d620,2025-08-25 19:09:54.730285+00,2025-12-20 17:22:45.577065+00,5.0,
8517f05f-6e09-4bff-be75-a963fcb310db,,b00f5b54-aabe-4272-a5a3-9f75bbf698e9,2025-12-20 21:07:41.882421+00,2026-01-27 20:31:26.735933+00,4.0,
851b34af-7365-4831-aa12-b0b2dd5a4409,,29ea2657-3e45-4d28-9abe-6db1d6cdd41b,2025-09-05 23:04:33.027035+00,2026-01-17 20:30:43.673613+00,1.0,
85385328-405d-4145-8316-3ea8163e71e6,,f47f4579-1502-4ca3-8997-2b8826c49806,2025-09-07 17:06:40.815593+00,2025-09-07 19:08:58.639568+00,3.0,60cc5e48-94e0-4c70-959c-e300939c334b
8543fe87-0064-4641-a4d6-5707ef73a5f2,ac2bfc67-8e6c-484d-9e81-4b6480071dbd,c7f64752-3e0b-4b9c-b96a-ead26aa0258e,2026-03-21 21:12:42.949089+00,2026-03-21 21:12:46.272698+00,2.0,
85453692-73d7-4ea9-a6e0-6f28a8e2b280,5908a514-aaed-42c1-b92c-1c9420edf2e5,c7f64752-3e0b-4b9c-b96a-ead26aa0258e,2025-12-20 21:10:49.956865+00,2025-12-20 21:10:55.610704+00,3.0,
857137c3-bd28-476f-b756-0f50266a12cf,a02b57c1-e2db-4234-b512-db45fe242cd0,1f9f677c-1f5d-4784-828a-970801312639,2026-07-18 22:22:37.025311+00,2026-07-18 22:22:40.417577+00,4.0,
8582d896-d290-4a0a-9b4f-0bd399ce8b5b,,0212b5e3-2b19-44a0-a39f-5c0202307872,2026-03-27 20:19:15.320338+00,2026-05-13 20:19:35.216171+00,5.0,
858fc9f0-76cf-46c7-afd7-acda06fffe10,,4c4fcd34-a462-4c60-aa86-fa9731ea7212,2025-08-27 19:16:39.9511+00,2025-12-20 17:22:45.577065+00,4.0,
859687c6-e39d-473e-bb34-2f5cca4e4b78,,410277eb-539b-460c-aff9-24a4a1521dec,2026-03-07 19:34:04.988587+00,2026-07-18 20:17:41.936568+00,5.0,
85b25b88-c01c-42d2-bcef-61c8f9a85aae,eec0059a-862f-4a3e-84fa-cf8d16d98783,4de727b2-3853-4fcc-9ad2-2b80d3f02e1c,2026-05-08 19:52:21.626038+00,2026-05-08 19:52:21.626038+00,5.0,
85eb47b1-a170-4071-8e08-181477937a07,,0dd6a46d-90a0-4fca-96bc-5de7241f3c6c,2025-09-03 21:37:50.623824+00,2025-09-14 21:08:22.481968+00,5.0,e13b249c-c02a-4e79-afdc-4b1f6983eb02
864aef8b-7b9f-4479-aa0c-5c4bfc13bf41,,410277eb-539b-460c-aff9-24a4a1521dec,2026-01-09 18:32:03.971906+00,2026-01-09 19:37:52.481831+00,5.0,
8651134f-be8b-4002-9343-ea9a4b68ee6e,,c7f64752-3e0b-4b9c-b96a-ead26aa0258e,2025-08-25 20:17:17.168817+00,2026-01-05 22:03:51.373884+00,1.0,921f588c-7173-4ecb-8bc8-c37358d0ae99
865d0f87-25f6-4716-9197-f197ba7b2e0a,,29ea2657-3e45-4d28-9abe-6db1d6cdd41b,2026-01-27 15:33:27.96554+00,2026-02-07 22:11:04.590951+00,2.0,6f17c897-4720-41ba-90e0-16e0cdd192a5
86ec4be6-6f90-4d44-9a6b-5d5953688552,248c1261-bd0c-40d7-b7ed-a0058480e6b3,1f9f677c-1f5d-4784-828a-970801312639,2026-06-20 19:57:00.884141+00,2026-06-20 19:57:00.884141+00,5.0,
874509cd-a102-4bb6-8f4f-205548cf1834,,410277eb-539b-460c-aff9-24a4a1521dec,2026-02-15 14:52:53.303779+00,2026-03-28 23:06:46.125529+00,5.0,
874a5df9-8e00-45a1-8bc5-f6719240d981,,0dd6a46d-90a0-4fca-96bc-5de7241f3c6c,2025-09-11 14:07:38.390929+00,2026-01-22 05:43:22.027127+00,1.0,
875b9731-108d-4115-8651-7890c70c7bea,,410277eb-539b-460c-aff9-24a4a1521dec,2026-01-24 19:24:53.771725+00,2026-02-21 20:55:06.869652+00,5.0,
87beaaa7-d7da-47a7-85e9-2a83302e09ce,,410277eb-539b-460c-aff9-24a4a1521dec,2025-08-24 19:40:09.832358+00,2025-12-30 15:27:16.045074+00,5.0,
882f48c3-8b54-4aa5-952e-080c8bfe2e91,09b826fc-893f-459f-be25-291dafd6a752,bf6f8662-b890-496c-bbd7-6f213b86ca91,2025-09-02 20:14:57.039649+00,2025-09-02 20:14:57.039649+00,3.0,
885dd30e-1f67-4b22-8420-cf82a29676a1,,0212b5e3-2b19-44a0-a39f-5c0202307872,2025-08-27 19:17:08.777571+00,2025-10-11 19:14:54.275225+00,5.0,
886e3240-0329-4320-b0b2-5962bc40810d,,b00f5b54-aabe-4272-a5a3-9f75bbf698e9,2025-08-25 20:15:25.456479+00,2026-01-24 19:21:46.581266+00,3.0,
88787052-c09a-4220-87a5-c4be9d202303,92b42598-ff4d-4624-9e10-5945a062883e,0212b5e3-2b19-44a0-a39f-5c0202307872,2026-03-27 20:19:26.904746+00,2026-03-27 20:19:26.904746+00,1.0,
88bba351-d9fc-4b02-9718-785b0eb62f3c,,a2726890-883c-4164-b951-a0619f43d620,2026-01-31 19:03:01.17386+00,2026-05-26 16:28:24.565212+00,5.0,
88dc7cf7-f71b-4efc-9d9a-9f6e54448224,5908a514-aaed-42c1-b92c-1c9420edf2e5,29ea2657-3e45-4d28-9abe-6db1d6cdd41b,2025-09-05 23:32:21.848149+00,2026-02-09 14:30:47.964614+00,5.0,
890124f9-1e18-4a4a-ab11-9ce6a9162042,,4c4fcd34-a462-4c60-aa86-fa9731ea7212,2026-01-31 20:31:16.294308+00,2026-03-07 23:26:24.949038+00,3.0,
8929de30-1ce1-4bab-937d-7bd77cabe2f4,,a2726890-883c-4164-b951-a0619f43d620,2026-03-07 19:44:43.160168+00,2026-05-13 20:19:35.216171+00,5.0,
894eb907-a88f-45bd-a384-1a3b9a391639,,58fd01fe-b878-41d9-8135-a7f44dbab4d4,2025-08-27 18:34:04.065343+00,2026-01-31 18:55:01.776106+00,4.0,
89612d7e-aec0-4818-a220-628f22beb080,,0212b5e3-2b19-44a0-a39f-5c0202307872,2025-09-27 18:42:36.78398+00,2025-09-27 22:03:50.892683+00,5.0,
899bb78c-61fc-4566-8b8d-1d795eb20a0c,,bf6f8662-b890-496c-bbd7-6f213b86ca91,2025-08-26 20:40:50.153594+00,2025-09-26 23:14:48.025339+00,5.0,e3aeabc5-fc62-4670-8af0-b5a5b75457a4
89d07aa0-ab02-421b-9cbc-ba3ec37e5ac3,,4c11d5fc-32e7-4202-8b96-bc911288d4d6,2025-09-22 17:17:09.121261+00,2025-09-27 22:03:50.892683+00,1.0,
8a1d3f27-4b1f-4f97-932a-a01c0a5332b0,,c7f64752-3e0b-4b9c-b96a-ead26aa0258e,2025-12-20 21:08:38.605793+00,2026-01-09 22:45:26.025565+00,2.0,0fb4a41f-dae4-41cf-9437-40f81a5b2860
8a219987-8ffa-4ece-ab26-4b98c8706a66,,e2422f0b-540b-4f35-9ddb-8f4610471bf6,2026-01-24 14:28:01.15319+00,2026-03-07 23:26:24.949038+00,5.0,
8a256208-4c6c-4187-9d2e-860d3c3d9a59,,b00f5b54-aabe-4272-a5a3-9f75bbf698e9,2025-08-25 11:32:50.91001+00,2025-09-23 21:58:56.100797+00,4.0,e99fa35b-992f-4074-a820-1f67a802afef
8a598ca9-94e4-4ac4-9011-332422ebba64,,410277eb-539b-460c-aff9-24a4a1521dec,2025-08-24 19:46:39.721822+00,2025-12-20 17:22:45.577065+00,5.0,
8a75703d-5e0b-4174-b309-726d1957edae,,e2422f0b-540b-4f35-9ddb-8f4610471bf6,2025-08-28 11:22:33.917931+00,2026-01-31 18:55:01.776106+00,3.0,
8a7927fb-028e-4ea7-b952-a96bd191cb03,,c7f64752-3e0b-4b9c-b96a-ead26aa0258e,2026-01-24 20:44:17.129601+00,2026-03-07 23:26:24.949038+00,2.0,
8ac7798a-5959-47af-a9ef-3dce3c3c3f1d,d0b32c06-f4f8-4752-a530-162b0c757b11,5d2a8362-b232-4766-acfa-019ebd70b958,2026-05-22 19:44:50.157813+00,2026-05-22 19:44:50.157813+00,5.0,
8b495ee0-bca9-4591-83b4-16585bdbceda,,a2726890-883c-4164-b951-a0619f43d620,2025-08-25 20:13:40.51597+00,2025-09-23 21:58:56.100797+00,3.0,e99fa35b-992f-4074-a820-1f67a802afef
8b7111cb-0183-4d8f-b60d-2ae4407e94db,ed6156cc-b05f-4971-a658-b8e0a1514248,c7f64752-3e0b-4b9c-b96a-ead26aa0258e,2026-02-21 20:49:56.451005+00,2026-02-21 20:49:56.451005+00,5.0,
8b81d0c0-2c2d-453c-a146-84b60318a36b,e017f47f-cb94-41f1-93c4-ed5a88092277,b00f5b54-aabe-4272-a5a3-9f75bbf698e9,2026-03-29 14:16:10.005284+00,2026-03-29 14:16:10.005284+00,5.0,
8bbf372d-c38e-4030-b8a1-774a183a90fa,,c7f64752-3e0b-4b9c-b96a-ead26aa0258e,2025-12-08 21:31:55.21961+00,2026-05-22 19:18:42.860007+00,5.0,
8bc81f67-81f4-487a-a5c4-7327504d05c8,,e2422f0b-540b-4f35-9ddb-8f4610471bf6,2026-03-07 23:24:41.29255+00,2026-06-20 22:59:04.165122+00,5.0,0bee2ea3-748e-4792-be47-a333dc78426a
8bcc6ade-a8a1-48a8-a636-baa5fe661fe8,cd824939-6a12-4892-9f0f-9264307a8e14,29ea2657-3e45-4d28-9abe-6db1d6cdd41b,2026-03-27 23:17:19.710452+00,2026-03-27 23:17:27.511548+00,1.0,
8c07cce6-c10d-4750-842c-a5067435d8b6,,29ea2657-3e45-4d28-9abe-6db1d6cdd41b,2025-09-12 12:42:51.932035+00,2025-09-23 17:42:32.580335+00,2.0,
8cccb1be-27f8-47d3-a0c9-f5b22795b08c,318afdb9-0b7d-4128-b036-8c3cdf8f9d2e,a2726890-883c-4164-b951-a0619f43d620,2026-07-05 20:24:23.176699+00,2026-07-05 20:24:23.176699+00,5.0,
8cdf1817-95fe-441e-91bc-7c9c5e1f17f4,,bf6f8662-b890-496c-bbd7-6f213b86ca91,2025-08-26 20:41:24.804355+00,2026-01-31 18:55:01.776106+00,5.0,
8ceac3a2-293c-4582-bea8-78150ed53a03,,1f9f677c-1f5d-4784-828a-970801312639,2026-01-24 19:20:55.788081+00,2026-05-26 16:28:24.565212+00,1.0,
8cf82517-885e-4728-91be-d160d36036f8,,0212b5e3-2b19-44a0-a39f-5c0202307872,2026-01-31 20:26:24.157215+00,2026-02-07 22:11:04.590951+00,5.0,6f17c897-4720-41ba-90e0-16e0cdd192a5
8d198966-bd82-40ad-af57-ed6e3f3868c5,,81e43532-b6dd-438d-bd72-62be3723c0a4,2025-09-06 15:53:38.717381+00,2025-09-06 15:53:46.499495+00,3.0,3baacdc6-7365-4424-b88d-b21b34a5e85d
8d33977b-87e2-40cc-b764-03d0251e6b04,,410277eb-539b-460c-aff9-24a4a1521dec,2026-03-08 23:06:17.475028+00,2026-07-17 07:19:09.226491+00,5.0,
8d60e431-ab64-4bf1-aa2c-cc7615b58548,,c7f64752-3e0b-4b9c-b96a-ead26aa0258e,2026-01-24 19:40:13.41388+00,2026-01-24 22:07:28.208852+00,3.0,93955070-a6f3-4e7d-aeea-a730c82cafe4
8d6603c8-37e6-43d2-9c7a-836096fc0438,,bf6f8662-b890-496c-bbd7-6f213b86ca91,2025-09-12 11:17:10.032863+00,2025-09-27 22:03:50.892683+00,1.0,
8d723fb6-8b89-464d-9178-df3c9d2ff8ca,,410277eb-539b-460c-aff9-24a4a1521dec,2026-03-06 18:25:42.135346+00,2026-06-20 07:55:58.935282+00,5.0,
8d7bdb32-7aa5-4465-8a64-65fd479e16c8,,0dd6a46d-90a0-4fca-96bc-5de7241f3c6c,2026-02-10 20:37:16.664479+00,2026-04-11 22:05:24.572285+00,5.0,af1b1447-27cd-410f-9993-d0c4582b52ea
8d8998fb-b9bb-4758-b9ee-1b2e4c40ce4b,,29ea2657-3e45-4d28-9abe-6db1d6cdd41b,2026-01-09 19:17:48.12703+00,2026-05-18 17:38:36.36148+00,5.0,
8def5987-5e3d-4587-be19-40423e9cb692,d0b32c06-f4f8-4752-a530-162b0c757b11,58fd01fe-b878-41d9-8135-a7f44dbab4d4,2026-04-11 18:30:28.946945+00,2026-04-11 18:30:28.946945+00,3.0,
8e11d36a-b831-4b7e-9363-19e73b81e5ef,,58fd01fe-b878-41d9-8135-a7f44dbab4d4,2026-05-18 17:38:59.130429+00,2026-05-22 19:16:28.578579+00,5.0,
8e57fa5a-ee5d-48cd-a675-c604b39a105c,,a2726890-883c-4164-b951-a0619f43d620,2026-02-20 13:23:22.518863+00,2026-03-28 23:06:46.125529+00,2.0,
8e60a737-8e09-4e97-b4dc-9f081f5e0ada,,4c4fcd34-a462-4c60-aa86-fa9731ea7212,2026-01-17 20:49:26.903414+00,2026-02-07 12:27:44.274887+00,5.0,
8e825465-ce34-4a4c-81cb-3b688651def8,d73565c7-fc85-452b-8ced-27113bd15d3f,4c4fcd34-a462-4c60-aa86-fa9731ea7212,2026-02-07 22:31:57.719467+00,2026-02-07 22:31:58.199389+00,5.0,
8e9e0e9e-4cb0-4d2e-afb1-30df43ecfa3e,,1f9f677c-1f5d-4784-828a-970801312639,2025-10-11 19:19:13.768943+00,2026-01-22 05:43:22.027127+00,1.0,
8eba7541-d53f-4d73-ab19-3e1e8b5a65f7,,0dd6a46d-90a0-4fca-96bc-5de7241f3c6c,2026-02-07 22:30:37.738463+00,2026-03-28 23:06:46.125529+00,2.0,
8ec48482-8a55-41d5-bdf8-3027392c1c1b,,0212b5e3-2b19-44a0-a39f-5c0202307872,2025-08-27 19:17:27.964493+00,2026-02-21 10:27:41.804306+00,4.0,
8f0498dd-fa78-4e0d-9620-a3ce1035e8fe,,e2422f0b-540b-4f35-9ddb-8f4610471bf6,2026-01-09 20:31:04.434114+00,2026-02-06 00:17:50.910372+00,3.0,
8f10217c-1313-43aa-a01e-9095c7317716,09b58b51-7eae-456c-9f00-f26a22f7d64e,1f9f677c-1f5d-4784-828a-970801312639,2026-03-06 22:49:13.899272+00,2026-03-06 22:49:13.899272+00,5.0,
8f1410cd-37fe-459e-bb20-a7a20bca7dce,,29ea2657-3e45-4d28-9abe-6db1d6cdd41b,2026-07-18 22:23:24.774+00,2026-08-11 22:17:27.645648+00,5.0,46644c66-67fa-417e-8ce2-cfa625567ac3
8f4d1405-aec5-48ec-8946-66fbe80a0dd2,a246248c-ac12-4286-b087-740e6db8986d,c7f64752-3e0b-4b9c-b96a-ead26aa0258e,2026-02-21 21:03:43.526094+00,2026-02-21 21:03:43.526094+00,5.0,
8f5e3725-e9ee-4095-9bd9-3b9ec41b2c42,,e2422f0b-540b-4f35-9ddb-8f4610471bf6,2025-09-27 19:22:54.690851+00,2026-01-22 05:43:22.027127+00,1.0,
8f794f39-e705-4bf9-8af7-f2b536991118,a246248c-ac12-4286-b087-740e6db8986d,1f9f677c-1f5d-4784-828a-970801312639,2026-03-06 22:50:58.907798+00,2026-03-06 22:50:58.907798+00,2.0,
8fd81be4-e8e0-436d-aea7-beb9d569abc1,,c7f64752-3e0b-4b9c-b96a-ead26aa0258e,2026-03-13 20:35:39.865471+00,2026-06-20 22:59:04.165122+00,5.0,0bee2ea3-748e-4792-be47-a333dc78426a
8fdcaff5-e320-4ef5-994c-ebe8f177b7ad,,5d2a8362-b232-4766-acfa-019ebd70b958,2026-02-07 19:26:19.263869+00,2026-03-08 09:51:20.744774+00,5.0,
90b74b82-15bf-4bb2-8595-4d91a46810d4,,58fd01fe-b878-41d9-8135-a7f44dbab4d4,2026-08-11 19:58:51.919159+00,2026-08-11 22:17:27.645648+00,4.0,46644c66-67fa-417e-8ce2-cfa625567ac3
90dde0a1-b1bf-4a9d-a473-7e6f3ca728cb,,a2726890-883c-4164-b951-a0619f43d620,2025-09-23 17:35:31.92235+00,2026-01-22 05:43:22.027127+00,5.0,
9155c8ee-ffc6-4509-a355-3afe5191ca43,,9c974d76-199c-4c05-bd80-2a0681451fe1,2025-09-06 14:45:59.217613+00,2025-09-06 15:53:46.499495+00,2.0,3baacdc6-7365-4424-b88d-b21b34a5e85d
91693e91-8df0-453e-9d82-33c976dc826f,09b826fc-893f-459f-be25-291dafd6a752,4de727b2-3853-4fcc-9ad2-2b80d3f02e1c,2025-09-23 17:33:51.414735+00,2026-03-13 20:35:14.79382+00,2.0,
91747cca-697d-491e-9929-a140ca9677f4,d0b32c06-f4f8-4752-a530-162b0c757b11,e2422f0b-540b-4f35-9ddb-8f4610471bf6,2026-03-28 12:32:42.285872+00,2026-07-21 16:34:35.196097+00,4.0,
9176235a-ea2d-4626-bc5f-98e3b4cb8b1c,c8243c81-7a6d-4988-a61c-9b620cb0104d,1f9f677c-1f5d-4784-828a-970801312639,2026-02-21 18:50:14.371899+00,2026-08-21 20:11:44.263392+00,1.0,
91855cc0-3494-44b9-8eef-30c53cdac807,06867feb-f1ae-4a5b-b31f-ef36ed434eaf,58fd01fe-b878-41d9-8135-a7f44dbab4d4,2026-08-11 19:57:59.204825+00,2026-08-11 19:57:59.204825+00,5.0,
91940aa7-1fde-4f06-9a9f-6f31826c25ed,,4de727b2-3853-4fcc-9ad2-2b80d3f02e1c,2025-09-23 17:32:59.943387+00,2026-01-31 23:16:54.769127+00,2.0,a46a951d-738e-4045-9c41-7ee6258fb194
919ae26b-fcb0-4ed1-8fb2-0826078ce4ac,,29ea2657-3e45-4d28-9abe-6db1d6cdd41b,2025-08-25 09:42:47.452436+00,2025-09-23 21:58:56.100797+00,5.0,e99fa35b-992f-4074-a820-1f67a802afef
91a9f2b9-1dc9-4dcf-a640-0cfffe546983,acf88c83-a4db-4e08-852c-1687de20294f,0dd6a46d-90a0-4fca-96bc-5de7241f3c6c,2025-09-27 13:58:12.896334+00,2025-09-27 13:58:12.896334+00,3.0,
91ba4162-0088-4c13-b731-fa57d286265a,,29ea2657-3e45-4d28-9abe-6db1d6cdd41b,2025-09-06 20:45:52.749613+00,2026-01-22 05:43:22.027127+00,3.0,
91e7c86b-4716-4b17-87f4-df7fe69bb59d,d0b32c06-f4f8-4752-a530-162b0c757b11,4c4fcd34-a462-4c60-aa86-fa9731ea7212,2026-03-27 23:12:02.683315+00,2026-03-27 23:12:02.683315+00,1.0,
91f0d3f6-9fa8-43b2-80c6-29b58ce5f5fb,,a2726890-883c-4164-b951-a0619f43d620,2026-03-13 20:56:43.968533+00,2026-06-29 08:24:16.485438+00,4.0,
920b594d-f2b5-43ab-b027-aa92d357daa5,10563bd6-00dd-4945-87a1-17e2e6770954,b00f5b54-aabe-4272-a5a3-9f75bbf698e9,2026-02-01 09:32:06.30758+00,2026-02-01 09:32:06.30758+00,4.0,
9216f221-3f7d-4224-9482-26e4f57f0518,,b00f5b54-aabe-4272-a5a3-9f75bbf698e9,2026-02-07 22:29:08.848506+00,2026-03-28 23:06:46.125529+00,5.0,
9262e848-11da-4038-bbed-e70937ded5d6,,4c4fcd34-a462-4c60-aa86-fa9731ea7212,2025-08-27 19:14:54.944706+00,2025-12-30 15:27:16.045074+00,2.0,
92ad8262-bdea-4709-8ba2-f9232ffda250,,1f9f677c-1f5d-4784-828a-970801312639,2026-01-17 20:26:58.122338+00,2026-03-07 22:53:08.98881+00,5.0,15afe751-a56a-4300-840b-be67d97fb364
92b1a1fc-0c80-4037-a226-1b04b94b1df5,,0212b5e3-2b19-44a0-a39f-5c0202307872,2025-08-27 19:14:52.941423+00,2025-12-30 15:27:16.045074+00,2.0,
92c0a371-5e8a-4925-9dfa-cb0b5dd3737d,,1f9f677c-1f5d-4784-828a-970801312639,2025-09-27 19:47:20.119165+00,2026-01-17 20:30:45.309903+00,1.0,
935de73f-b00b-4e21-84c5-96a4712c5611,,a2726890-883c-4164-b951-a0619f43d620,2025-08-25 19:09:37.084006+00,2025-09-28 08:38:23.106884+00,5.0,
935efbd6-c3aa-403e-b614-aa4924610d0f,09b58b51-7eae-456c-9f00-f26a22f7d64e,29ea2657-3e45-4d28-9abe-6db1d6cdd41b,2026-03-07 16:18:49.62414+00,2026-05-22 21:40:22.101048+00,5.0,
936b8b5a-9003-4c27-90cc-b28c435f4911,,4c4fcd34-a462-4c60-aa86-fa9731ea7212,2026-03-14 21:33:59.994801+00,2026-06-28 19:49:07.957311+00,5.0,
9389dcca-3a16-48d3-b022-e34bbb6795cf,,410277eb-539b-460c-aff9-24a4a1521dec,2026-02-20 13:10:25.841023+00,2026-02-28 12:16:14.94265+00,5.0,
93c1540e-4379-4dd6-8c4b-133e651dc74b,38e7b30b-baa2-4545-b326-77744fdc4862,e2422f0b-540b-4f35-9ddb-8f4610471bf6,2026-01-24 14:27:40.907972+00,2026-01-24 14:27:40.907972+00,1.0,
93e130a8-dc56-4d16-b77f-0833131c3fc0,,410277eb-539b-460c-aff9-24a4a1521dec,2026-02-28 13:00:53.307098+00,2026-03-01 08:35:03.533765+00,5.0,
93e8eb70-c830-4f2f-b5e5-d0534a6ebdca,,a2726890-883c-4164-b951-a0619f43d620,2026-01-09 19:38:13.14215+00,2026-03-07 22:53:08.98881+00,5.0,15afe751-a56a-4300-840b-be67d97fb364
940cb572-62cb-4b38-853f-77e3fda2cd94,,a2726890-883c-4164-b951-a0619f43d620,2025-08-25 19:09:08.206573+00,2025-10-11 21:34:51.643858+00,4.0,25a8a934-47b0-4cb5-b247-92d7704a9abd
94177cde-90fe-4b39-9b88-36e6e653fd10,,0dd6a46d-90a0-4fca-96bc-5de7241f3c6c,2025-12-20 21:14:22.323847+00,2025-12-21 22:43:48.747479+00,3.0,
942869cb-4ae4-4a79-9faf-dbf25b7a00a7,,bf6f8662-b890-496c-bbd7-6f213b86ca91,2025-08-26 20:40:15.265222+00,2025-10-11 19:14:54.275225+00,2.0,
94648c47-3df7-43bc-b4b6-6417334b8138,,bf6f8662-b890-496c-bbd7-6f213b86ca91,2025-08-26 20:39:34.33295+00,2025-12-30 15:27:16.045074+00,1.0,
948aa455-f582-4c2d-9c14-7beeb4087e69,,4de727b2-3853-4fcc-9ad2-2b80d3f02e1c,2026-01-17 20:25:06.9233+00,2026-01-24 00:34:08.844972+00,2.0,
94dafe86-a685-41df-9422-12fecf790f40,,0212b5e3-2b19-44a0-a39f-5c0202307872,2026-03-27 20:21:46.789203+00,2026-07-19 21:46:47.619006+00,3.0,f05f738e-77d0-45f6-a558-69449e81b138
9555beb5-84cb-420e-8f04-e356cc34fd7d,,b00f5b54-aabe-4272-a5a3-9f75bbf698e9,2026-02-23 11:05:53.709686+00,2026-02-28 22:27:53.44066+00,5.0,90a88789-e1fb-4fe6-808c-627da1ceb0c2
95581875-55e8-4137-86bf-2cc7a2fb6eb1,,4c4fcd34-a462-4c60-aa86-fa9731ea7212,2025-08-27 19:14:42.66244+00,2025-12-20 17:15:44.790946+00,1.0,
9558831d-cb24-47e8-86e3-2e330013a725,,4de727b2-3853-4fcc-9ad2-2b80d3f02e1c,2026-01-17 20:29:41.182712+00,2026-02-20 13:51:16.598049+00,2.0,
956ae800-7feb-4a5c-9977-7ac288fcf1e0,,4c11d5fc-32e7-4202-8b96-bc911288d4d6,2025-09-22 17:17:54.868524+00,2026-02-21 10:27:41.804306+00,3.0,
958c5876-09a4-4849-9d08-0ab22373cc4d,d1527898-d24e-438a-b8be-438ee2b142b2,4de727b2-3853-4fcc-9ad2-2b80d3f02e1c,2026-03-13 20:30:54.885356+00,2026-03-13 20:30:54.885356+00,4.0,
96122c2e-c731-4c3a-985b-d7d09f23924b,,4de727b2-3853-4fcc-9ad2-2b80d3f02e1c,2025-09-27 15:04:36.06984+00,2025-12-20 17:22:45.577065+00,2.0,
96343525-18c3-4df2-841f-cca5d27a95d7,,a2726890-883c-4164-b951-a0619f43d620,2025-09-05 23:29:41.014189+00,2026-04-11 22:20:39.177916+00,5.0,
963de3c8-b3e4-4b74-9a48-23dfef3a7015,1bfef229-9c70-4168-94d6-880d37e5da96,29ea2657-3e45-4d28-9abe-6db1d6cdd41b,2025-09-08 08:58:46.53478+00,2026-05-25 12:08:30.318353+00,5.0,
96441d36-1840-4d11-9f85-16ef4a7c8680,,0dd6a46d-90a0-4fca-96bc-5de7241f3c6c,2025-08-24 19:41:52.508564+00,2025-12-20 17:15:44.790946+00,4.0,
96a47fa5-cb21-4f56-bb5f-a44507d47141,,a2726890-883c-4164-b951-a0619f43d620,2026-01-09 19:16:13.76201+00,2026-02-08 22:37:34.788429+00,4.0,a7d28f7a-05a8-47b3-8e34-55937064ab42
96b7d48c-cff5-4b38-b7ef-8dfc2fc85652,,1f9f677c-1f5d-4784-828a-970801312639,2026-01-17 20:29:05.624057+00,2026-03-21 13:27:31.488746+00,3.0,
96d5c3d5-90e2-4a44-8a5a-5249c649524c,,0dd6a46d-90a0-4fca-96bc-5de7241f3c6c,2025-08-27 18:08:51.738139+00,2026-01-17 23:11:11.05032+00,5.0,2656ebd5-856f-4eee-9ca5-7d8bc0e0e434
9716cdbb-168d-4756-9411-cb9a0d810d5d,,c7f64752-3e0b-4b9c-b96a-ead26aa0258e,2026-01-24 19:25:04.603976+00,2026-02-21 20:55:06.869652+00,5.0,
9750a253-009a-4c87-a5ee-efba779b4e3f,3f85a256-05ef-4988-b1d7-0d950dcf997e,58fd01fe-b878-41d9-8135-a7f44dbab4d4,2026-08-11 19:59:03.66142+00,2026-08-11 19:59:03.66142+00,3.0,
97b7adc7-c92a-421e-8ba9-35855fdc3659,fcea1687-c6c9-4eab-83e4-0714cc9d2196,1f9f677c-1f5d-4784-828a-970801312639,2026-02-21 18:50:53.153613+00,2026-02-21 18:50:53.153613+00,5.0,
97cbb01c-de5c-43f3-a575-f46ba9d94f81,,e2422f0b-540b-4f35-9ddb-8f4610471bf6,2025-08-25 10:33:25.377648+00,2025-09-23 21:58:56.100797+00,4.0,e99fa35b-992f-4074-a820-1f67a802afef
97ea1a4a-dc97-4c23-9db5-93468a19e9c8,ac2bfc67-8e6c-484d-9e81-4b6480071dbd,1f9f677c-1f5d-4784-828a-970801312639,2026-03-21 20:28:05.041778+00,2026-03-21 20:28:05.041778+00,5.0,
9816d693-9fec-4878-904e-8d53192ac270,b5bdd821-b097-4a79-ade7-809054ddb957,29ea2657-3e45-4d28-9abe-6db1d6cdd41b,2026-05-22 19:19:15.078991+00,2026-05-22 21:40:30.006919+00,4.0,
98334ac4-6860-45ec-9309-b3954672857f,,e2422f0b-540b-4f35-9ddb-8f4610471bf6,2025-09-05 23:21:59.182073+00,2026-04-11 22:20:39.177916+00,4.0,
984d7bb8-a47c-42a2-bfb7-ba851b3ac7c2,a02b57c1-e2db-4234-b512-db45fe242cd0,410277eb-539b-460c-aff9-24a4a1521dec,2026-07-29 21:07:54.413903+00,2026-07-29 21:07:54.413903+00,5.0,
9858c840-14c8-4a95-937b-83f3263a2061,,0212b5e3-2b19-44a0-a39f-5c0202307872,2026-03-27 20:18:31.900865+00,2026-06-29 08:24:16.485438+00,5.0,
98650b34-de2b-49de-8ff3-e46d1fd977f5,,1f9f677c-1f5d-4784-828a-970801312639,2026-01-24 19:21:12.433644+00,2026-03-07 23:26:24.949038+00,4.0,
987ca716-826d-4934-b4de-205d82fc3dab,b5bdd821-b097-4a79-ade7-809054ddb957,1f9f677c-1f5d-4784-828a-970801312639,2026-05-22 19:20:17.545084+00,2026-05-22 19:20:17.545084+00,5.0,
987d3697-e5db-40b9-b5b8-b2423ab649f3,,0212b5e3-2b19-44a0-a39f-5c0202307872,2025-08-27 19:16:31.117897+00,2025-09-28 21:17:25.280164+00,3.0,4b04cec3-e66d-41e7-86bb-d12ed09e914d
988810e2-760d-4d4c-86e2-23141320c760,,1f9f677c-1f5d-4784-828a-970801312639,2026-02-21 18:51:01.435125+00,2026-03-11 14:41:34.781656+00,4.0,
989fe8b6-141c-499b-ab84-5e19a8e5d38d,,4c11d5fc-32e7-4202-8b96-bc911288d4d6,2025-09-22 17:17:28.662226+00,2026-01-31 19:06:32.990415+00,3.0,
98a81ddc-8e2e-4658-893e-756b2836c5d1,e017f47f-cb94-41f1-93c4-ed5a88092277,4c4fcd34-a462-4c60-aa86-fa9731ea7212,2026-03-28 23:08:35.475635+00,2026-03-28 23:08:35.475635+00,5.0,
98ebd0f8-5cfd-47d8-b7d1-d36f15ed29e1,cd824939-6a12-4892-9f0f-9264307a8e14,1f9f677c-1f5d-4784-828a-970801312639,2026-04-18 19:39:18.91182+00,2026-04-18 19:39:18.91182+00,5.0,
9900b514-91c2-4213-a7f8-d65d7f013ef8,c8243c81-7a6d-4988-a61c-9b620cb0104d,4c4fcd34-a462-4c60-aa86-fa9731ea7212,2026-02-28 19:07:41.986552+00,2026-02-28 19:07:57.680114+00,2.0,
9921ed95-7812-44c8-a40a-f5a583de3e5f,10563bd6-00dd-4945-87a1-17e2e6770954,4c4fcd34-a462-4c60-aa86-fa9731ea7212,2026-01-31 20:34:53.573655+00,2026-01-31 20:34:53.573655+00,4.0,
9941fbc1-852d-4b9d-a9df-379394c04f5c,d0b32c06-f4f8-4752-a530-162b0c757b11,29ea2657-3e45-4d28-9abe-6db1d6cdd41b,2026-03-27 23:17:33.244978+00,2026-03-27 23:17:33.244978+00,3.0,
99b8b50b-d6d9-44ab-9529-335b8c1e4a58,,0dd6a46d-90a0-4fca-96bc-5de7241f3c6c,2026-03-08 22:58:44.609496+00,2026-06-29 08:24:16.485438+00,5.0,
99dd4705-b3fb-4d2e-9fb7-f84ae44a1355,,0dd6a46d-90a0-4fca-96bc-5de7241f3c6c,2025-08-24 19:51:02.49653+00,2025-10-11 21:34:51.643858+00,3.0,25a8a934-47b0-4cb5-b247-92d7704a9abd
9a2a69c5-6aa8-42ef-b7cb-25342611967c,acf88c83-a4db-4e08-852c-1687de20294f,4c11d5fc-32e7-4202-8b96-bc911288d4d6,2025-09-28 18:42:33.293404+00,2025-09-28 18:42:33.293404+00,4.0,
9a588591-2197-4a1b-9e01-5bb8631c7418,,b00f5b54-aabe-4272-a5a3-9f75bbf698e9,2026-01-24 19:23:26.68625+00,2026-05-22 21:31:41.907457+00,4.0,4f7f967a-2144-46a0-92ed-949a8f7feaf4
9a6fb506-0916-4ef0-bb9a-86f73e6c8a56,3f85a256-05ef-4988-b1d7-0d950dcf997e,e2422f0b-540b-4f35-9ddb-8f4610471bf6,2026-07-21 16:36:25.132969+00,2026-07-21 16:36:25.431929+00,4.0,
9ab3ea00-4d52-443b-9512-b6bfd5ffdd57,,4c4fcd34-a462-4c60-aa86-fa9731ea7212,2026-01-31 20:30:53.153436+00,2026-03-13 21:00:31.165242+00,2.0,
9ab9363a-53c7-4f95-8990-38fdde592dfd,,410277eb-539b-460c-aff9-24a4a1521dec,2026-01-24 19:21:00.654758+00,2026-03-07 23:26:24.949038+00,5.0,
9ae83b5d-2ac8-44e6-8dd6-66b14d95079c,,29ea2657-3e45-4d28-9abe-6db1d6cdd41b,2026-03-07 16:18:40.749011+00,2026-07-18 20:17:43.375893+00,4.0,
9b32061b-c191-4765-b430-182f55cb29b5,312025bf-dbea-48c7-af7c-4460fafb06cc,e2422f0b-540b-4f35-9ddb-8f4610471bf6,2026-05-22 19:48:11.86907+00,2026-07-21 16:35:36.350227+00,1.0,
9b333797-31c3-4bbd-977b-4bcdc083a3e4,38e7b30b-baa2-4545-b326-77744fdc4862,c7f64752-3e0b-4b9c-b96a-ead26aa0258e,2026-01-24 19:41:07.515334+00,2026-01-24 19:41:07.515334+00,1.0,
9b429457-cd49-42b6-81d0-abfd0a38c17d,c8243c81-7a6d-4988-a61c-9b620cb0104d,c7f64752-3e0b-4b9c-b96a-ead26aa0258e,2026-02-13 20:50:40.668002+00,2026-02-13 20:50:40.668002+00,1.0,
9b5ad14c-3b2a-4a32-94bd-680fc5396fde,,b00f5b54-aabe-4272-a5a3-9f75bbf698e9,2025-09-08 20:19:46.519685+00,2025-09-27 22:03:50.892683+00,2.0,
9b8aff65-10c3-4b01-bbca-2484a9b48c53,5908a514-aaed-42c1-b92c-1c9420edf2e5,b00f5b54-aabe-4272-a5a3-9f75bbf698e9,2025-09-06 20:38:45.819488+00,2025-09-06 20:38:45.819488+00,5.0,
9bf2e7da-3a41-4e19-a437-5e0fcfdf0477,,e4f7f8ef-e94c-49ba-b692-99cefc421554,2025-09-06 14:19:01.594285+00,2025-09-26 23:10:43.612614+00,3.0,8511bda4-aeea-49ea-9a4c-0d78bfff8981
9c09a3cd-e932-4516-b61b-1a896a9eeac8,d1527898-d24e-438a-b8be-438ee2b142b2,4c4fcd34-a462-4c60-aa86-fa9731ea7212,2026-02-28 19:14:33.303656+00,2026-02-28 19:14:33.303656+00,5.0,
9c155ff5-e8bb-4020-b455-0f638adba19b,,e2422f0b-540b-4f35-9ddb-8f4610471bf6,2026-03-13 20:33:05.690989+00,2026-07-19 21:46:47.619006+00,4.0,f05f738e-77d0-45f6-a558-69449e81b138
9c417b83-9297-4393-9a5d-0a8f0410eb00,,1f9f677c-1f5d-4784-828a-970801312639,2026-07-18 22:22:05.068401+00,2026-08-11 22:17:27.645648+00,5.0,46644c66-67fa-417e-8ce2-cfa625567ac3
9c548592-9da6-4f6d-8c03-e596adbea91d,,c7f64752-3e0b-4b9c-b96a-ead26aa0258e,2026-02-21 20:49:42.464411+00,2026-02-21 20:55:03.968697+00,5.0,
9c66dbd4-562b-46ee-8dc7-b601f09d0908,,e2422f0b-540b-4f35-9ddb-8f4610471bf6,2025-09-27 19:20:47.981893+00,2025-12-20 13:16:32.158138+00,2.0,
9c803bf9-fc6b-4ff3-93ca-398086a0819a,d71848de-5785-4230-a44d-08f4aec4cb6b,bf6f8662-b890-496c-bbd7-6f213b86ca91,2025-10-19 20:29:07.867713+00,2025-10-19 20:29:07.867713+00,5.0,
9c8addbd-ed2a-46e8-99ad-f9bebc518902,,0dd6a46d-90a0-4fca-96bc-5de7241f3c6c,2026-03-08 23:02:23.458054+00,2026-07-17 07:19:09.226491+00,5.0,
9c8fdd89-f71c-449f-9c16-d1a880ba1fa8,,b00f5b54-aabe-4272-a5a3-9f75bbf698e9,2025-08-25 22:45:13.886276+00,2025-09-26 23:14:32.910741+00,5.0,e3aeabc5-fc62-4670-8af0-b5a5b75457a4
9cce2867-8727-49a8-b7ed-604c21fe2459,,e2422f0b-540b-4f35-9ddb-8f4610471bf6,2025-08-25 10:34:21.342207+00,2026-07-18 22:20:58.408928+00,4.0,
9d07dcb1-594c-4d2f-b074-6432a06a5e8d,,c7f64752-3e0b-4b9c-b96a-ead26aa0258e,2026-01-24 19:24:32.650981+00,2026-02-08 22:37:34.788429+00,5.0,a7d28f7a-05a8-47b3-8e34-55937064ab42
9d22d9dd-7077-4805-a826-d24a2af884a7,,29ea2657-3e45-4d28-9abe-6db1d6cdd41b,2026-03-07 16:17:51.305985+00,2026-03-07 19:33:00.964159+00,1.0,
9d47f654-6c89-4bfc-a48c-b106351c4104,7673fe73-7021-4b63-b187-e22f5c246527,e2422f0b-540b-4f35-9ddb-8f4610471bf6,2026-07-21 16:36:55.155215+00,2026-07-21 16:36:55.155215+00,5.0,
9d8c1b8d-d384-4751-8e43-8a2913f37bc7,,29ea2657-3e45-4d28-9abe-6db1d6cdd41b,2025-09-23 15:06:32.401767+00,2025-12-20 13:16:39.44817+00,3.0,
9d985f40-e20a-41a5-a2c3-2c9bbac551df,,a2726890-883c-4164-b951-a0619f43d620,2025-09-27 19:41:41.667186+00,2026-01-31 18:55:23.884091+00,5.0,
9daecbf2-2525-4042-8ee8-7faa413aa146,,410277eb-539b-460c-aff9-24a4a1521dec,2026-01-09 19:38:22.640716+00,2026-01-10 12:08:00.045619+00,5.0,
9db968d6-3219-4be6-b727-49bcb0b4b217,,e2422f0b-540b-4f35-9ddb-8f4610471bf6,2025-09-27 19:22:24.234+00,2026-01-31 18:55:23.884091+00,1.0,
9dc039f9-d508-48ab-b85a-3334bf6ffc5d,,410277eb-539b-460c-aff9-24a4a1521dec,2026-05-22 19:39:06.864591+00,2026-05-29 19:42:42.999869+00,5.0,
9dd87ea1-f5a9-4e0c-baa7-c651aac31365,,4c11d5fc-32e7-4202-8b96-bc911288d4d6,2025-09-23 17:23:25.090205+00,2025-09-25 22:01:55.549591+00,2.0,5a75c8c1-f378-4f2b-830c-6474ab7f1fb0
9e177c07-a80c-463a-ba08-4bb50eea23c6,,a2726890-883c-4164-b951-a0619f43d620,2025-09-23 17:32:47.898415+00,2025-12-30 15:32:41.954642+00,1.0,
9e21d898-1a56-44b0-93f7-cd4bb934e30f,38e7b30b-baa2-4545-b326-77744fdc4862,0dd6a46d-90a0-4fca-96bc-5de7241f3c6c,2026-01-17 20:49:18.679203+00,2026-01-17 20:49:18.679203+00,4.0,
9e2ac9cd-74c3-41ac-b0cc-76b10fb8cb9d,,4c4fcd34-a462-4c60-aa86-fa9731ea7212,2025-08-27 19:19:00.505447+00,2026-02-23 11:05:43.989816+00,5.0,
9eb3ccf1-a69e-43cf-937c-8d13c8d8df32,,a2726890-883c-4164-b951-a0619f43d620,2026-03-13 21:01:10.384823+00,2026-07-19 21:46:47.619006+00,5.0,f05f738e-77d0-45f6-a558-69449e81b138
9ebad0d7-0b01-47f1-8e96-4519db93485c,,a2726890-883c-4164-b951-a0619f43d620,2025-09-23 17:35:05.090851+00,2025-09-25 22:02:32.278948+00,1.0,5a75c8c1-f378-4f2b-830c-6474ab7f1fb0
9eddc854-ed71-4dc2-8b0a-31e2ff354605,,410277eb-539b-460c-aff9-24a4a1521dec,2025-10-13 20:32:19.497466+00,2025-12-20 17:15:41.566525+00,5.0,
9ee77409-f146-4b17-8a43-3d0d160699b4,,1f9f677c-1f5d-4784-828a-970801312639,2026-01-24 19:23:45.253506+00,2026-01-24 19:24:36.497861+00,3.0,
9f08add7-cf87-4948-aa54-310e6f1cb79c,,4a129334-f055-43ce-849d-5edeb7b82b1f,2026-02-19 11:21:02.31761+00,2026-02-19 11:28:16.239384+00,5.0,
9f1eade9-b773-4a5c-8847-5138b1e7cfeb,,58fd01fe-b878-41d9-8135-a7f44dbab4d4,2025-08-24 19:52:54.860992+00,2025-10-11 19:14:54.275225+00,3.0,
9f4ec1ef-c649-4343-be31-36657f1e37ce,d1527898-d24e-438a-b8be-438ee2b142b2,1f9f677c-1f5d-4784-828a-970801312639,2026-03-06 22:50:39.679686+00,2026-03-06 22:50:39.679686+00,4.0,
9f70851e-51ff-4630-875c-678317de5b9e,e017f47f-cb94-41f1-93c4-ed5a88092277,1f9f677c-1f5d-4784-828a-970801312639,2026-04-18 19:38:55.252296+00,2026-04-18 19:38:55.252296+00,3.0,
9fbfa4b3-96b6-42d4-b535-ab6a18324bce,,29ea2657-3e45-4d28-9abe-6db1d6cdd41b,2026-01-09 19:17:25.912782+00,2026-03-13 21:00:31.165242+00,5.0,
9fc39ba2-ff67-43c5-94bf-96563c23b623,,0dd6a46d-90a0-4fca-96bc-5de7241f3c6c,2026-08-11 19:54:58.906996+00,2026-08-11 22:17:27.645648+00,5.0,46644c66-67fa-417e-8ce2-cfa625567ac3
9fd2abd8-c258-42a1-af41-92612ee0c692,ac2bfc67-8e6c-484d-9e81-4b6480071dbd,410277eb-539b-460c-aff9-24a4a1521dec,2026-03-21 20:27:41.071824+00,2026-03-21 20:27:41.071824+00,5.0,
9ff563cd-31ec-4f24-af2b-09d49cc061e7,,c7f64752-3e0b-4b9c-b96a-ead26aa0258e,2026-03-13 20:35:51.703042+00,2026-07-17 07:19:09.226491+00,1.0,
a03187be-c21d-4edf-8d4c-2d721679634a,,e2422f0b-540b-4f35-9ddb-8f4610471bf6,2025-12-20 17:27:30.795519+00,2025-12-21 22:43:48.747479+00,5.0,
a04352cc-5c23-4d2b-b511-021f85599405,,4c4fcd34-a462-4c60-aa86-fa9731ea7212,2026-01-17 20:24:50.027969+00,2026-03-06 22:43:45.867763+00,3.0,
a08fca0d-38c0-4129-9942-96ec7fdad2cc,,1f9f677c-1f5d-4784-828a-970801312639,2026-04-18 19:40:02.918766+00,2026-05-18 17:35:49.272836+00,5.0,
a0e18188-1e3c-42cf-8acf-e801534ce8e1,0236192b-06ad-4244-bbb7-f1050b6388fc,e4f7f8ef-e94c-49ba-b692-99cefc421554,2026-02-19 11:28:42.429835+00,2026-02-19 11:28:42.429835+00,5.0,
a0f0ba42-723a-43cd-a597-9050b814a176,c8243c81-7a6d-4988-a61c-9b620cb0104d,4de727b2-3853-4fcc-9ad2-2b80d3f02e1c,2026-03-13 20:32:18.709703+00,2026-03-13 20:32:18.709703+00,3.0,
a0f9431b-04c0-4472-99fc-51f4ef943b91,,a2726890-883c-4164-b951-a0619f43d620,2026-01-09 19:35:56.966383+00,2026-02-06 00:17:50.910372+00,2.0,
a1851ec0-e352-430c-89fd-814e83f8119e,,bf6f8662-b890-496c-bbd7-6f213b86ca91,2026-01-23 20:13:04.173181+00,2026-02-08 22:37:34.788429+00,3.0,a7d28f7a-05a8-47b3-8e34-55937064ab42
a1a6b255-597a-494a-8415-47d5674fd66f,,58fd01fe-b878-41d9-8135-a7f44dbab4d4,2026-02-13 20:37:13.990429+00,2026-02-13 23:35:48.872264+00,3.0,c14a6fdf-097f-4d6b-8c43-d1f83cfb0f38
a1b72092-edde-474d-bee6-5f6b3df8575b,,1f9f677c-1f5d-4784-828a-970801312639,2025-09-27 19:45:06.616368+00,2026-01-17 20:30:43.673613+00,1.0,
a1edecf9-4d93-459f-8220-4b36d92ea8d7,,1f9f677c-1f5d-4784-828a-970801312639,2026-01-17 20:23:34.506012+00,2026-05-18 17:38:36.36148+00,5.0,
a20537dc-5599-45be-ae18-d37eba47c5ed,,0212b5e3-2b19-44a0-a39f-5c0202307872,2025-08-27 17:55:17.783771+00,2026-07-18 22:20:58.408928+00,3.0,
a24c1f52-b086-410a-a16d-fa82c18171c4,14ea851e-0d9a-4ef3-b7c5-95549c5b34d2,29ea2657-3e45-4d28-9abe-6db1d6cdd41b,2026-05-26 16:43:58.281976+00,2026-05-26 16:43:58.281976+00,5.0,
a255fe0b-45e0-47a4-8641-b74889053fa7,,0dd6a46d-90a0-4fca-96bc-5de7241f3c6c,2026-01-04 18:55:55.828246+00,2026-02-06 00:17:50.910372+00,3.0,
a26abdc8-b166-4dbb-b1c8-ae508f10e156,85c496ca-54e7-440b-b45c-8c617a4616d9,a2726890-883c-4164-b951-a0619f43d620,2026-06-02 15:44:41.512177+00,2026-06-02 15:44:41.512177+00,5.0,
a2a99cf0-c26a-40a2-bb49-8b3960dd017c,acf88c83-a4db-4e08-852c-1687de20294f,4de727b2-3853-4fcc-9ad2-2b80d3f02e1c,2025-09-27 15:05:52.56027+00,2026-03-13 20:31:58.614699+00,1.0,
a2ab6851-9ec0-4260-9933-74bd302f91a2,,4c11d5fc-32e7-4202-8b96-bc911288d4d6,2025-09-22 17:16:57.645871+00,2025-09-23 17:42:32.580335+00,3.0,
a2cf0a73-ef66-4eda-8726-140d5f89a3c4,,b00f5b54-aabe-4272-a5a3-9f75bbf698e9,2025-09-28 17:35:53.87981+00,2026-01-09 22:45:26.025565+00,4.0,0fb4a41f-dae4-41cf-9437-40f81a5b2860
a2dbbbda-505c-47cd-870c-0ced7bd568cd,,4de727b2-3853-4fcc-9ad2-2b80d3f02e1c,2026-01-17 20:26:51.835842+00,2026-03-07 22:53:08.98881+00,3.0,15afe751-a56a-4300-840b-be67d97fb364
a2dbe8e4-b15f-40a8-a638-47ba5c64ea3b,,1f9f677c-1f5d-4784-828a-970801312639,2025-09-27 22:05:15.683905+00,2025-12-30 15:32:41.954642+00,5.0,
a3162964-d6a3-493a-adc2-7f2cbf18591e,e017f47f-cb94-41f1-93c4-ed5a88092277,c7f64752-3e0b-4b9c-b96a-ead26aa0258e,2026-04-18 19:38:47.465979+00,2026-04-18 19:38:52.671647+00,3.0,
a328f01a-1a8c-4cce-963f-60b516068427,,e2422f0b-540b-4f35-9ddb-8f4610471bf6,2026-01-24 14:27:55.931097+00,2026-03-27 22:56:30.644032+00,4.0,206da1c5-84bb-4658-9d30-627b7b12f3c1
a3319957-ca18-4a6e-81f9-f0abb547cde6,,0212b5e3-2b19-44a0-a39f-5c0202307872,2025-08-27 19:14:46.962505+00,2025-10-11 21:34:51.643858+00,4.0,25a8a934-47b0-4cb5-b247-92d7704a9abd
a34ba1ee-1553-41e9-87db-fc63fdadeb2c,,0dd6a46d-90a0-4fca-96bc-5de7241f3c6c,2026-01-02 22:03:30.031338+00,2026-03-07 22:53:08.98881+00,4.0,15afe751-a56a-4300-840b-be67d97fb364
a361d460-b45f-47ea-9d78-daa5d281ff69,,58fd01fe-b878-41d9-8135-a7f44dbab4d4,2025-08-25 19:30:34.459145+00,2025-09-23 21:58:56.100797+00,3.0,e99fa35b-992f-4074-a820-1f67a802afef
a36438b8-b10a-46da-bad2-12bbef9324bb,14ea851e-0d9a-4ef3-b7c5-95549c5b34d2,a2726890-883c-4164-b951-a0619f43d620,2026-06-02 15:44:19.917103+00,2026-06-02 15:44:19.917103+00,5.0,
a39fbdbb-b453-4ef1-ac4b-6d38c5c5bdea,92b42598-ff4d-4624-9e10-5945a062883e,5d2a8362-b232-4766-acfa-019ebd70b958,2026-03-13 21:01:00.173171+00,2026-03-13 21:01:00.173171+00,5.0,
a3dee44b-d182-49b7-935c-2601771fcd08,,bf6f8662-b890-496c-bbd7-6f213b86ca91,2026-01-23 20:14:34.969414+00,2026-05-22 19:18:42.860007+00,5.0,
a3fda4bc-c409-456b-876e-4f382c3f897c,ac2bfc67-8e6c-484d-9e81-4b6480071dbd,b00f5b54-aabe-4272-a5a3-9f75bbf698e9,2026-03-21 17:32:56.602431+00,2026-03-21 17:32:56.602431+00,4.0,
a4419282-af5b-445b-a580-35fe8742ad23,acf88c83-a4db-4e08-852c-1687de20294f,a2726890-883c-4164-b951-a0619f43d620,2025-09-27 19:45:16.510779+00,2025-09-27 19:45:16.510779+00,3.0,
a4673f7e-8c27-42a8-85c9-f5a03195598c,,410277eb-539b-460c-aff9-24a4a1521dec,2025-09-22 19:32:42.9427+00,2025-09-27 22:03:50.892683+00,5.0,
a483a743-6f6a-4140-94c7-3d80d03cbff3,,1f9f677c-1f5d-4784-828a-970801312639,2026-03-08 22:59:40.591545+00,2026-03-08 23:01:35.625858+00,4.0,
a4ade63e-4415-403a-bfef-4967333d10fc,,29ea2657-3e45-4d28-9abe-6db1d6cdd41b,2026-02-28 18:19:28.094953+00,2026-03-01 08:35:03.533765+00,1.0,
a4affc1e-e912-46a8-8553-23332218504f,,e2422f0b-540b-4f35-9ddb-8f4610471bf6,2026-01-13 21:00:39.831153+00,2026-02-20 13:51:16.598049+00,3.0,
a5183926-170d-4825-be5d-900ac980d3e6,,58fd01fe-b878-41d9-8135-a7f44dbab4d4,2026-01-09 19:41:55.111118+00,2026-03-13 21:00:31.165242+00,4.0,
a5617b9f-7da2-4d7c-838b-fee2e4fd1691,,b00f5b54-aabe-4272-a5a3-9f75bbf698e9,2026-01-24 19:23:11.100248+00,2026-03-07 23:26:24.949038+00,4.0,
a569ebaf-c542-4ed4-bd43-29fd9276d096,38e7b30b-baa2-4545-b326-77744fdc4862,58fd01fe-b878-41d9-8135-a7f44dbab4d4,2026-01-24 19:29:45.528531+00,2026-01-24 19:29:45.528531+00,3.0,
a5a2032f-5846-4d70-956b-6faf998addec,5b0c4862-2d0c-48d3-a1eb-bc2c944cd5d9,4de727b2-3853-4fcc-9ad2-2b80d3f02e1c,2026-01-17 20:26:04.481865+00,2026-01-17 20:26:04.481865+00,4.0,
a5a3717c-d158-4dcf-bfa5-4c53e4cd0f68,,e2422f0b-540b-4f35-9ddb-8f4610471bf6,2025-08-28 09:58:56.135679+00,2026-01-17 23:11:11.05032+00,3.0,2656ebd5-856f-4eee-9ca5-7d8bc0e0e434
a5aa61b3-6703-4d07-8d17-76d0eafa758f,,4de727b2-3853-4fcc-9ad2-2b80d3f02e1c,2025-09-05 23:15:07.567081+00,2025-09-28 08:38:23.106884+00,5.0,
a5b08233-6e28-4725-ab33-349fee9f836e,a02b57c1-e2db-4234-b512-db45fe242cd0,29ea2657-3e45-4d28-9abe-6db1d6cdd41b,2026-07-18 22:20:54.034532+00,2026-07-18 22:20:54.034532+00,5.0,
a5f1f164-7a08-41c7-ae31-6dc22deedf25,,1f9f677c-1f5d-4784-828a-970801312639,2026-07-18 22:24:13.795051+00,2026-07-18 22:24:58.427739+00,5.0,
a6265e80-beb5-442b-a6b3-94eb4c758c63,,4c4fcd34-a462-4c60-aa86-fa9731ea7212,2026-03-14 21:33:08.677497+00,2026-05-13 20:19:35.216171+00,2.0,
a648516e-57e7-4927-89d3-440b9002651e,,5d2a8362-b232-4766-acfa-019ebd70b958,2026-03-13 21:02:21.176403+00,2026-06-28 19:49:07.957311+00,3.0,
a65ba0d7-2010-42d4-ae4f-ed641df76389,,a2726890-883c-4164-b951-a0619f43d620,2025-09-05 23:18:31.430378+00,2026-01-17 23:11:11.05032+00,5.0,2656ebd5-856f-4eee-9ca5-7d8bc0e0e434
a664029e-a594-41f8-87ce-412a5511419c,b94e7e71-2843-4c04-97b2-6ac00ab3cc3a,4c4fcd34-a462-4c60-aa86-fa9731ea7212,2025-08-27 19:18:26.268793+00,2025-08-27 19:18:26.268793+00,3.0,
a680b4a1-144d-4061-b081-f16d870035e8,,0212b5e3-2b19-44a0-a39f-5c0202307872,2026-02-28 19:10:42.657967+00,2026-04-11 22:05:24.572285+00,5.0,af1b1447-27cd-410f-9993-d0c4582b52ea
a69a317c-7a63-48b5-9de8-9c777ecc20b0,,0212b5e3-2b19-44a0-a39f-5c0202307872,2026-01-17 20:49:31.597271+00,2026-03-27 22:56:30.644032+00,5.0,206da1c5-84bb-4658-9d30-627b7b12f3c1
a6a26318-abd8-4f42-b89f-f8de02b5a3f9,09b826fc-893f-459f-be25-291dafd6a752,a2726890-883c-4164-b951-a0619f43d620,2025-09-05 23:18:55.158474+00,2025-09-05 23:18:55.158474+00,4.0,
a6a49e15-da73-4617-9953-a8e220bda4ea,,bf6f8662-b890-496c-bbd7-6f213b86ca91,2026-01-31 18:56:20.80897+00,2026-03-07 23:26:24.949038+00,4.0,
a6ab2320-eb08-446d-85c1-f567ef9458a5,,a2726890-883c-4164-b951-a0619f43d620,2026-03-13 20:56:22.934434+00,2026-07-17 07:19:09.226491+00,5.0,
a6caee94-f27b-4c64-8648-d65eeb17c134,,0212b5e3-2b19-44a0-a39f-5c0202307872,2026-03-27 20:18:50.681766+00,2026-07-18 20:17:41.936568+00,4.0,
a7057104-b9d0-40ec-b8a6-a8f310c696fb,ed6156cc-b05f-4971-a658-b8e0a1514248,a2726890-883c-4164-b951-a0619f43d620,2026-02-21 18:52:31.420834+00,2026-02-21 18:52:31.420834+00,5.0,
a73873f8-01f8-489b-b622-0f709a297bb8,,5d2a8362-b232-4766-acfa-019ebd70b958,2026-02-28 19:02:43.085631+00,2026-02-28 22:27:53.44066+00,5.0,90a88789-e1fb-4fe6-808c-627da1ceb0c2
a7515b0c-02d8-4b49-ac05-0ec698bb5189,,29ea2657-3e45-4d28-9abe-6db1d6cdd41b,2026-01-13 16:03:08.931735+00,2026-05-08 21:54:12.924635+00,5.0,6152eb83-8070-4b50-86e3-685b6db518c3
a779ce87-70d4-486c-988d-00dc9d072be0,06867feb-f1ae-4a5b-b31f-ef36ed434eaf,a2726890-883c-4164-b951-a0619f43d620,2026-08-11 20:02:51.21572+00,2026-08-11 20:02:51.21572+00,3.0,
a7f965de-1677-4680-a7f2-8393c8aa4a18,,29ea2657-3e45-4d28-9abe-6db1d6cdd41b,2025-09-04 12:40:35.466311+00,2025-09-08 21:30:32.638398+00,3.0,
a87f4293-8a2c-4558-b7b9-c97f9a66041b,09b58b51-7eae-456c-9f00-f26a22f7d64e,0dd6a46d-90a0-4fca-96bc-5de7241f3c6c,2026-03-06 22:49:05.783441+00,2026-03-06 22:49:05.783441+00,5.0,
a8885f7b-5dc9-4a8e-a068-913dabe119ae,,410277eb-539b-460c-aff9-24a4a1521dec,2025-12-30 15:44:55.265119+00,2026-01-24 22:07:28.208852+00,5.0,93955070-a6f3-4e7d-aeea-a730c82cafe4
a8b0d011-d68b-466c-bff3-bb332ae14ab0,,0212b5e3-2b19-44a0-a39f-5c0202307872,2026-02-20 21:50:53.362029+00,2026-02-20 23:18:53.642131+00,4.0,72239a2a-cd06-44a3-9e51-951f8bac9bb3
a93e297c-6c01-4c20-ba6c-63ee14d4bbae,,0dd6a46d-90a0-4fca-96bc-5de7241f3c6c,2026-01-02 22:02:52.369425+00,2026-02-08 22:37:34.788429+00,3.0,a7d28f7a-05a8-47b3-8e34-55937064ab42
a96bfebc-ef2b-4c2b-a589-caaee0845baa,,bf6f8662-b890-496c-bbd7-6f213b86ca91,2026-01-23 20:15:01.189543+00,2026-03-07 22:53:08.98881+00,3.0,15afe751-a56a-4300-840b-be67d97fb364
a99e3aeb-cc99-4076-afa3-a399c22eaf67,,c7f64752-3e0b-4b9c-b96a-ead26aa0258e,2026-03-13 20:35:59.24053+00,2026-07-18 20:17:43.375893+00,4.0,
a9aa1678-d7d4-40d5-a9f6-92d8a1c28d97,,1f9f677c-1f5d-4784-828a-970801312639,2026-01-17 20:27:27.853054+00,2026-02-07 12:27:44.274887+00,5.0,
a9b9c714-9999-4900-9ac3-fbc415db11f8,,a2726890-883c-4164-b951-a0619f43d620,2026-01-09 19:39:49.841572+00,2026-05-22 19:18:42.860007+00,3.0,
a9c6fffd-27cf-4938-afe6-bb1b892fe857,,4c11d5fc-32e7-4202-8b96-bc911288d4d6,2025-09-23 14:08:29.697281+00,2025-12-30 15:32:41.954642+00,1.0,
a9cfa998-bc25-4abd-b090-e0c8c0e18297,,b00f5b54-aabe-4272-a5a3-9f75bbf698e9,2026-02-28 16:39:40.912045+00,2026-03-01 08:35:03.533765+00,4.0,
a9f81e9e-5d43-4b60-9c4a-33807ce977ca,d71848de-5785-4230-a44d-08f4aec4cb6b,4de727b2-3853-4fcc-9ad2-2b80d3f02e1c,2025-09-27 21:50:29.091379+00,2025-09-27 21:50:29.091379+00,5.0,
aa0db0f2-90d2-4d82-95b8-a291d01891ca,,b00f5b54-aabe-4272-a5a3-9f75bbf698e9,2025-12-20 21:07:46.627114+00,2025-12-21 22:43:48.747479+00,2.0,
aa3c5a0c-d43b-4ced-a96c-e9778962a7f7,,29ea2657-3e45-4d28-9abe-6db1d6cdd41b,2025-08-25 09:44:02.488624+00,2025-12-20 17:22:45.577065+00,3.0,
aa46b70d-72da-411e-abf1-2e3c26748387,06867feb-f1ae-4a5b-b31f-ef36ed434eaf,410277eb-539b-460c-aff9-24a4a1521dec,2026-07-20 17:52:42.74643+00,2026-07-20 17:52:42.74643+00,5.0,
aa49130a-750b-4b93-aa4c-904f4b62f881,,5d2a8362-b232-4766-acfa-019ebd70b958,2026-02-07 19:25:31.106089+00,2026-07-18 22:20:58.408928+00,3.0,
aa64d4d3-22a6-472e-8c5d-0fe23f4846e9,,c7f64752-3e0b-4b9c-b96a-ead26aa0258e,2026-03-13 20:35:05.147209+00,2026-06-29 08:24:16.485438+00,3.0,
aa7ad3f6-0c4e-4070-a531-a0b7ab61bfa7,,1f9f677c-1f5d-4784-828a-970801312639,2025-10-11 19:22:36.574648+00,2026-01-17 23:11:11.05032+00,3.0,2656ebd5-856f-4eee-9ca5-7d8bc0e0e434
aa843e94-c383-4071-a008-d9094e0bdfb1,,1f9f677c-1f5d-4784-828a-970801312639,2026-01-17 20:24:47.403118+00,2026-01-24 00:34:08.844972+00,4.0,
ab20873e-6586-4150-9085-7088b4a5fa62,,bf6f8662-b890-496c-bbd7-6f213b86ca91,2026-01-23 20:14:58.318115+00,2026-03-08 09:51:20.744774+00,5.0,
ab4de47a-5343-4313-acd6-18799b263687,,b00f5b54-aabe-4272-a5a3-9f75bbf698e9,2026-07-18 22:22:11.043028+00,2026-08-11 22:17:27.645648+00,5.0,46644c66-67fa-417e-8ce2-cfa625567ac3
ab5e8d4d-8f10-48a3-9061-d54ef3569ddf,,c7f64752-3e0b-4b9c-b96a-ead26aa0258e,2026-01-24 19:40:41.890933+00,2026-05-26 16:28:24.565212+00,1.0,
ac4db3fb-343e-47fd-847b-a556bd4cb23e,eec0059a-862f-4a3e-84fa-cf8d16d98783,0dd6a46d-90a0-4fca-96bc-5de7241f3c6c,2026-04-14 09:21:54.489377+00,2026-04-14 09:21:54.489377+00,5.0,
ac787e8c-60e4-4fe6-975e-299b94d7db0d,b5bdd821-b097-4a79-ade7-809054ddb957,a2726890-883c-4164-b951-a0619f43d620,2026-05-22 19:43:18.191202+00,2026-05-22 19:43:18.191202+00,5.0,
ac8e1554-7994-47c4-985e-d13899218813,b9a5bae9-a4a9-4cb5-a0b2-215a83ada491,1f9f677c-1f5d-4784-828a-970801312639,2026-08-21 20:09:59.145981+00,2026-08-21 20:09:59.145981+00,4.0,
acbf9a2a-cfa7-4987-809a-e3fb26bcd0f5,09b58b51-7eae-456c-9f00-f26a22f7d64e,4c4fcd34-a462-4c60-aa86-fa9731ea7212,2026-03-14 21:33:00.900155+00,2026-03-14 21:33:00.900155+00,3.0,
accd446d-ea52-47ea-9a41-17dcc93f86a4,,4de727b2-3853-4fcc-9ad2-2b80d3f02e1c,2025-09-08 21:18:00.434484+00,2025-09-27 22:03:50.892683+00,5.0,
ace97030-e09a-49ec-9974-9601917af420,,29ea2657-3e45-4d28-9abe-6db1d6cdd41b,2025-09-28 08:37:26.126822+00,2025-12-20 23:53:03.41703+00,5.0,58d6b989-5a2e-4c8f-885d-bb3ccb0b52b6
ad5f014a-8342-4aa6-8db7-1b0b29046192,ed6156cc-b05f-4971-a658-b8e0a1514248,4de727b2-3853-4fcc-9ad2-2b80d3f02e1c,2026-03-13 20:31:25.664419+00,2026-03-13 20:31:25.664419+00,5.0,
ad6b834f-1be5-43b4-aaac-dc96782f10c2,,0212b5e3-2b19-44a0-a39f-5c0202307872,2026-02-28 19:09:53.445016+00,2026-03-28 23:06:46.125529+00,5.0,
ad838674-2c32-4539-9683-81f7b35e20e0,c8243c81-7a6d-4988-a61c-9b620cb0104d,b00f5b54-aabe-4272-a5a3-9f75bbf698e9,2026-02-13 19:41:03.291306+00,2026-02-13 19:41:03.291306+00,4.0,
adb04f7e-ee5a-442f-b5b3-e11f9da679f0,,c7f64752-3e0b-4b9c-b96a-ead26aa0258e,2026-02-08 22:48:00.684814+00,2026-02-20 13:52:51.390001+00,3.0,
adceced4-4b13-4b6c-b42e-7330639dc77a,318afdb9-0b7d-4128-b036-8c3cdf8f9d2e,1f9f677c-1f5d-4784-828a-970801312639,2026-07-05 20:24:58.390165+00,2026-07-05 20:24:58.390165+00,5.0,
adf7abe7-49d3-4e56-a823-cef6e09010f6,b5bdd821-b097-4a79-ade7-809054ddb957,e2422f0b-540b-4f35-9ddb-8f4610471bf6,2026-05-22 19:47:38.056097+00,2026-05-22 19:47:42.210173+00,3.0,
ae22fb64-558e-47cc-8b4e-0ec8327aed79,,0212b5e3-2b19-44a0-a39f-5c0202307872,2025-08-27 19:20:04.446648+00,2026-01-24 19:21:46.581266+00,2.0,
ae42fb5e-b0a3-4e6e-a572-231584f28c81,824ed1a7-648c-4917-afb8-7b23a8cb7716,0212b5e3-2b19-44a0-a39f-5c0202307872,2026-02-28 19:10:08.248131+00,2026-02-28 19:10:08.248131+00,4.0,
ae4c68c3-7a12-4fd9-8732-8bd08481ce18,7673fe73-7021-4b63-b187-e22f5c246527,410277eb-539b-460c-aff9-24a4a1521dec,2026-07-20 17:52:03.985574+00,2026-07-20 17:52:03.985574+00,5.0,
aeace0ab-7fb2-4878-9fe3-c43ca43b9263,eec0059a-862f-4a3e-84fa-cf8d16d98783,29ea2657-3e45-4d28-9abe-6db1d6cdd41b,2026-04-12 07:55:49.454889+00,2026-05-22 21:41:07.023317+00,5.0,
aed28367-f6e6-416b-8d41-b27bd147900f,,4c4fcd34-a462-4c60-aa86-fa9731ea7212,2026-01-17 20:27:29.934815+00,2026-03-07 22:53:08.98881+00,1.0,15afe751-a56a-4300-840b-be67d97fb364
aeda1507-c10b-4639-b32d-f5b80ada59c6,,5d2a8362-b232-4766-acfa-019ebd70b958,2026-02-28 19:01:35.921602+00,2026-04-11 22:05:24.572285+00,5.0,af1b1447-27cd-410f-9993-d0c4582b52ea
af09ae96-a738-41fa-9182-b75bb23a3ae7,,c7f64752-3e0b-4b9c-b96a-ead26aa0258e,2025-08-25 20:16:17.445268+00,2025-12-20 17:22:45.577065+00,5.0,
af0f57a3-a3a9-42b3-86a5-8b4e4a3541ac,,58fd01fe-b878-41d9-8135-a7f44dbab4d4,2025-08-25 20:17:28.174647+00,2026-01-24 19:21:46.581266+00,3.0,
af8dae44-1973-481a-8230-a68f398d4728,,0dd6a46d-90a0-4fca-96bc-5de7241f3c6c,2025-09-05 23:16:55.146698+00,2026-01-17 20:30:43.673613+00,2.0,
afcdfc52-c6ba-4485-b259-3747ae3750d9,,0dd6a46d-90a0-4fca-96bc-5de7241f3c6c,2026-01-02 22:02:13.517839+00,2026-01-24 22:07:28.208852+00,4.0,93955070-a6f3-4e7d-aeea-a730c82cafe4
afef4c9d-adb2-4e9c-a187-bf9f590b6024,,29ea2657-3e45-4d28-9abe-6db1d6cdd41b,2025-09-23 18:10:02.487891+00,2026-01-31 18:55:23.884091+00,2.0,
b0261856-5fda-440a-9d03-a523dd70b280,,1f9f677c-1f5d-4784-828a-970801312639,2026-01-17 20:27:36.131623+00,2026-05-22 19:18:42.860007+00,4.0,
b0a06459-7c9c-47f2-b2fd-311b899a3519,,5d2a8362-b232-4766-acfa-019ebd70b958,2026-03-07 19:40:13.242191+00,2026-07-18 20:17:43.375893+00,3.0,
b0bd450d-6071-4bdd-947d-618d4a15b8fd,,58fd01fe-b878-41d9-8135-a7f44dbab4d4,2026-03-07 18:17:11.459407+00,2026-07-18 20:17:41.936568+00,3.0,
b14b62a6-cfd6-4139-8035-9e77caa5205b,,410277eb-539b-460c-aff9-24a4a1521dec,2025-12-28 20:58:54.981282+00,2026-01-24 00:34:08.844972+00,5.0,
b150671e-86a1-4f71-ad5f-46e95f31ee44,,29ea2657-3e45-4d28-9abe-6db1d6cdd41b,2026-03-15 22:35:37.47358+00,2026-07-19 21:46:47.619006+00,1.0,f05f738e-77d0-45f6-a558-69449e81b138
b16f0943-cdbd-4299-a19c-6749ae6a4eb7,,b00f5b54-aabe-4272-a5a3-9f75bbf698e9,2025-08-24 19:40:32.084436+00,2025-10-11 19:14:54.275225+00,3.0,
b1c6f620-ff64-47fc-acdc-94582ae4471f,,e2422f0b-540b-4f35-9ddb-8f4610471bf6,2026-07-18 22:17:40.465613+00,2026-08-11 22:17:27.645648+00,5.0,46644c66-67fa-417e-8ce2-cfa625567ac3
b1db8fff-e82a-40a1-ad36-42dd883531cd,,c7f64752-3e0b-4b9c-b96a-ead26aa0258e,2025-08-25 20:15:25.290848+00,2025-12-30 15:27:16.045074+00,5.0,
b1df4ca7-b78b-4e93-9181-5c5f52c3aa68,14ea851e-0d9a-4ef3-b7c5-95549c5b34d2,410277eb-539b-460c-aff9-24a4a1521dec,2026-06-12 20:40:50.327866+00,2026-06-12 20:40:50.327866+00,5.0,
b201b999-8fdc-4635-8fd6-0eb7e115b86b,,b00f5b54-aabe-4272-a5a3-9f75bbf698e9,2025-08-25 11:32:45.782179+00,2026-07-18 22:20:58.408928+00,3.0,
b206f7a5-ea10-411a-8764-e6c6c548ab96,,29ea2657-3e45-4d28-9abe-6db1d6cdd41b,2025-09-23 15:06:29.765763+00,2025-12-20 13:16:32.158138+00,2.0,
b21de191-ca7b-4e34-8808-dd5e414836e6,c5ad2676-0596-4503-9b77-f41f5cd67632,4de727b2-3853-4fcc-9ad2-2b80d3f02e1c,2026-07-18 19:30:28.098303+00,2026-07-18 19:30:28.908302+00,2.0,
b28cf698-8fd4-46fa-9a03-fd6de519b9e9,,1f9f677c-1f5d-4784-828a-970801312639,2026-03-06 23:12:31.249408+00,2026-07-18 20:17:43.375893+00,5.0,
b28d5a20-6e7a-4d8f-918d-117d67722940,,4de727b2-3853-4fcc-9ad2-2b80d3f02e1c,2025-09-09 05:45:56.928503+00,2025-09-14 21:08:22.481968+00,3.0,e13b249c-c02a-4e79-afdc-4b1f6983eb02
b2941992-bd6b-476f-8618-6f3f85e7b43c,,4a129334-f055-43ce-849d-5edeb7b82b1f,2025-09-06 14:27:07.043989+00,2025-09-26 23:10:43.612614+00,2.0,8511bda4-aeea-49ea-9a4c-0d78bfff8981
b29e8d65-8d89-4f17-b88e-14c5735dc786,,bf6f8662-b890-496c-bbd7-6f213b86ca91,2025-09-23 17:44:04.691188+00,2025-12-20 13:16:32.158138+00,4.0,
b2a0ce0c-fe10-4267-8d45-40a12a07572d,,5d2a8362-b232-4766-acfa-019ebd70b958,2026-02-07 19:26:47.866533+00,2026-02-07 22:11:04.590951+00,4.0,6f17c897-4720-41ba-90e0-16e0cdd192a5
b2a623dd-cedd-4a99-8c0b-37438c8b190d,b94e7e71-2843-4c04-97b2-6ac00ab3cc3a,e2422f0b-540b-4f35-9ddb-8f4610471bf6,2025-08-25 20:23:06.22733+00,2026-03-29 19:15:02.877771+00,5.0,
b2c7c4bc-ad9c-4460-8716-af40c7e01728,,e4f7f8ef-e94c-49ba-b692-99cefc421554,2025-09-06 15:53:17.970965+00,2025-09-26 23:20:33.041142+00,2.0,dbd8f7a2-71a3-4b1d-95b0-eef4dab3e2f2
b2c8a47f-c2a7-4e37-9c9e-ecf3577571ec,,a2726890-883c-4164-b951-a0619f43d620,2026-03-07 23:01:40.810386+00,2026-07-18 20:17:41.936568+00,4.0,
b32e5862-231b-4667-942a-8d16becc936c,,c7f64752-3e0b-4b9c-b96a-ead26aa0258e,2025-12-20 21:10:38.345522+00,2026-01-24 00:34:08.844972+00,5.0,
b3573bd0-7fb5-4d2a-8cbc-af8987296097,,4c4fcd34-a462-4c60-aa86-fa9731ea7212,2026-03-14 21:33:29.594307+00,2026-06-20 07:55:58.935282+00,1.0,
b36e36e8-8eee-47b5-8f11-ab9944b5ce7b,,a2726890-883c-4164-b951-a0619f43d620,2025-08-25 20:12:24.239572+00,2025-12-20 17:15:44.790946+00,3.0,
b39529dc-d990-4891-8045-ed69fbfdf206,d0478e8e-c86f-4563-9525-0edd29ba6fb7,bf6f8662-b890-496c-bbd7-6f213b86ca91,2025-10-19 20:28:26.747801+00,2025-10-19 20:28:26.747801+00,3.0,
b3cb9ec8-a8a4-4d3c-b877-f0754be57c8a,,81e43532-b6dd-438d-bd72-62be3723c0a4,2025-09-07 19:10:15.016962+00,2025-09-26 23:04:48.400711+00,1.0,ddee54cc-a1f4-413c-a40a-9de1e1842ad5
b41989f2-2826-441a-8361-f338a6671897,,410277eb-539b-460c-aff9-24a4a1521dec,2026-03-09 11:16:50.132989+00,2026-06-28 19:49:07.957311+00,5.0,
b42871de-3326-4b12-9dcf-7cf6caee9914,,bf6f8662-b890-496c-bbd7-6f213b86ca91,2026-01-31 18:56:37.188626+00,2026-02-07 22:11:04.590951+00,1.0,6f17c897-4720-41ba-90e0-16e0cdd192a5
b42888fd-b7d0-4631-a950-cd8652cef157,,0dd6a46d-90a0-4fca-96bc-5de7241f3c6c,2025-08-24 19:41:20.517768+00,2025-10-11 19:14:54.275225+00,4.0,
b43d5615-2288-4a72-ac23-33f8a952723a,,a2726890-883c-4164-b951-a0619f43d620,2025-09-05 23:18:23.677012+00,2026-01-31 19:06:32.990415+00,3.0,
b44ab9cf-a9b8-4508-aecc-af4a34e6da52,d0478e8e-c86f-4563-9525-0edd29ba6fb7,4de727b2-3853-4fcc-9ad2-2b80d3f02e1c,2025-09-28 08:34:07.281918+00,2025-09-28 08:34:07.281918+00,5.0,
b5364a34-435f-45e3-9cc2-683511428319,8cdceae4-b95f-4bf9-9958-32eef0bc39e1,4a129334-f055-43ce-849d-5edeb7b82b1f,2025-09-07 17:04:51.229895+00,2025-09-26 23:01:57.042164+00,3.0,a94878e4-efe2-43f9-b293-1ac7c7da3095
b57a1aa8-25b6-4b49-90f0-d1e7aa579c84,,0dd6a46d-90a0-4fca-96bc-5de7241f3c6c,2026-01-17 20:21:37.845661+00,2026-03-21 13:27:31.488746+00,5.0,
b5d639b9-536a-4ac4-9a5a-731771b3ee27,,f47f4579-1502-4ca3-8997-2b8826c49806,2025-09-11 14:56:27.356081+00,2025-09-26 23:04:48.400711+00,2.0,ddee54cc-a1f4-413c-a40a-9de1e1842ad5
b5f78aea-9080-4bce-9024-cdec9b6ae720,,e2422f0b-540b-4f35-9ddb-8f4610471bf6,2026-01-09 20:31:17.197144+00,2026-03-13 21:00:31.165242+00,2.0,
b667503b-722b-4597-b927-8059919de6e6,,58fd01fe-b878-41d9-8135-a7f44dbab4d4,2025-09-05 23:19:38.974826+00,2025-09-08 21:30:32.638398+00,3.0,
b6b3974a-b413-4997-86c6-d83d5151cad6,cd824939-6a12-4892-9f0f-9264307a8e14,4de727b2-3853-4fcc-9ad2-2b80d3f02e1c,2026-05-08 19:52:05.621845+00,2026-05-08 19:52:05.621845+00,4.0,
b6cdd114-f6ba-48ec-986d-60b813b9d7db,7673fe73-7021-4b63-b187-e22f5c246527,1f9f677c-1f5d-4784-828a-970801312639,2026-07-18 22:28:39.075197+00,2026-07-18 22:28:39.075197+00,5.0,
b6d32be9-ba9a-4de3-9b8f-42a1c20ac08b,,b00f5b54-aabe-4272-a5a3-9f75bbf698e9,2025-08-24 19:51:55.666546+00,2025-10-11 21:34:51.643858+00,3.0,25a8a934-47b0-4cb5-b247-92d7704a9abd
b79f9fa8-4d0b-4938-af46-97b4f30b0a91,,4de727b2-3853-4fcc-9ad2-2b80d3f02e1c,2026-01-17 20:25:39.728872+00,2026-02-06 00:17:50.910372+00,2.0,
b7e028b8-e388-4818-befa-3f3dd5a78474,cd824939-6a12-4892-9f0f-9264307a8e14,b00f5b54-aabe-4272-a5a3-9f75bbf698e9,2026-03-29 14:16:13.195231+00,2026-03-29 14:16:13.195231+00,5.0,
b7f206bd-fd12-484b-9d28-4eab3fa0bd53,,bf6f8662-b890-496c-bbd7-6f213b86ca91,2026-01-23 20:14:47.07717+00,2026-05-22 21:31:41.907457+00,3.0,4f7f967a-2144-46a0-92ed-949a8f7feaf4
b7fbc787-1900-4b67-b865-3d6f5169e1a5,,b00f5b54-aabe-4272-a5a3-9f75bbf698e9,2025-08-24 19:40:07.571301+00,2025-09-28 21:17:25.280164+00,5.0,4b04cec3-e66d-41e7-86bb-d12ed09e914d
b8246305-279b-43bf-a20f-5d035babb759,,58fd01fe-b878-41d9-8135-a7f44dbab4d4,2026-03-13 20:28:37.300112+00,2026-07-17 07:19:09.226491+00,4.0,
b869cf05-06b6-4247-8195-2caeedd8055a,fcea1687-c6c9-4eab-83e4-0714cc9d2196,a2726890-883c-4164-b951-a0619f43d620,2026-01-31 20:00:21.599326+00,2026-01-31 20:00:21.599326+00,2.0,
b8a9222e-5be0-4289-9016-2cff18dff59b,a25b0b1b-aa7e-4f83-9b8b-2766ef0f2c9a,0dd6a46d-90a0-4fca-96bc-5de7241f3c6c,2026-02-07 19:01:39.317296+00,2026-02-07 19:01:39.317296+00,4.0,
b8e897de-e18f-4126-a3b1-fa44e1560e81,,e2422f0b-540b-4f35-9ddb-8f4610471bf6,2026-03-07 23:29:32.790654+00,2026-06-28 19:49:07.957311+00,5.0,
b953fe94-c66f-4ea6-a370-d6156fc68a69,,29ea2657-3e45-4d28-9abe-6db1d6cdd41b,2025-08-25 19:43:34.896087+00,2026-01-05 22:03:51.373884+00,1.0,921f588c-7173-4ecb-8bc8-c37358d0ae99
b9659521-202e-4d3f-b43e-3587d3620480,,29ea2657-3e45-4d28-9abe-6db1d6cdd41b,2026-03-07 16:19:03.062377+00,2026-07-18 20:17:41.936568+00,3.0,
b9923e79-d560-4791-ae93-a13fb120da86,,5d2a8362-b232-4766-acfa-019ebd70b958,2026-02-09 14:32:08.61734+00,2026-02-28 19:12:03.923718+00,1.0,
b9a096b9-1815-416a-93f0-4e9f627adea4,09b826fc-893f-459f-be25-291dafd6a752,c7f64752-3e0b-4b9c-b96a-ead26aa0258e,2025-12-20 21:08:43.433903+00,2025-12-20 21:08:43.433903+00,5.0,
b9c2bb0a-1a60-4c2f-96d8-bf8487856593,,e2422f0b-540b-4f35-9ddb-8f4610471bf6,2025-10-11 19:16:45.269691+00,2026-01-09 22:45:26.025565+00,3.0,0fb4a41f-dae4-41cf-9437-40f81a5b2860
b9c81d43-72b9-4065-9c54-94f62dfd6e91,,58fd01fe-b878-41d9-8135-a7f44dbab4d4,2025-09-25 19:37:32.092856+00,2025-12-20 13:16:39.44817+00,3.0,
b9d898f3-87c9-4aeb-914b-c0a6e4a7a558,c8243c81-7a6d-4988-a61c-9b620cb0104d,a2726890-883c-4164-b951-a0619f43d620,2026-02-13 19:37:02.247079+00,2026-02-13 19:37:02.247079+00,5.0,
ba0bac92-bd1c-4b9d-910e-48c4c8c1a99a,d1527898-d24e-438a-b8be-438ee2b142b2,29ea2657-3e45-4d28-9abe-6db1d6cdd41b,2026-02-28 19:19:12.04359+00,2026-04-11 19:24:27.271193+00,3.0,
ba1afa70-c56a-4e6a-9261-858062c81ffa,,58fd01fe-b878-41d9-8135-a7f44dbab4d4,2025-08-25 20:16:59.990825+00,2026-02-23 11:05:43.989816+00,3.0,
ba44e779-a4b1-4075-98b6-9f5e199eed75,,4c4fcd34-a462-4c60-aa86-fa9731ea7212,2026-01-17 20:27:38.106019+00,2026-03-08 09:51:20.744774+00,3.0,
ba8a1b7a-ae92-46ea-a737-26d8e8762df8,318afdb9-0b7d-4128-b036-8c3cdf8f9d2e,b00f5b54-aabe-4272-a5a3-9f75bbf698e9,2026-07-05 10:02:25.672874+00,2026-07-05 10:02:25.672874+00,5.0,
baa2752b-3cef-4bcd-96b3-9d3dbe6527b4,,bf6f8662-b890-496c-bbd7-6f213b86ca91,2025-09-23 17:45:06.169336+00,2026-01-31 18:55:23.884091+00,5.0,
bab02ddc-0881-424a-bb51-c73cdd40768d,,5d2a8362-b232-4766-acfa-019ebd70b958,2026-03-07 19:40:20.487608+00,2026-05-13 20:19:35.216171+00,3.0,
babd7888-b14c-446f-8f10-5d5e501d8385,a246248c-ac12-4286-b087-740e6db8986d,e2422f0b-540b-4f35-9ddb-8f4610471bf6,2026-02-28 16:18:20.344809+00,2026-03-29 19:18:14.505173+00,5.0,
bace9c90-b553-459e-a491-1b5bf9401429,,410277eb-539b-460c-aff9-24a4a1521dec,2026-02-28 12:18:14.193592+00,2026-02-28 12:58:04.797164+00,5.0,
bb681cba-4581-4c4d-83b5-d43023c3b12c,,0212b5e3-2b19-44a0-a39f-5c0202307872,2026-01-17 20:27:55.003952+00,2026-02-07 12:27:44.274887+00,4.0,
bb6d220c-4efa-4d61-8559-8f06f4d6897c,a246248c-ac12-4286-b087-740e6db8986d,29ea2657-3e45-4d28-9abe-6db1d6cdd41b,2026-02-28 12:14:35.959824+00,2026-05-25 12:09:00.049957+00,4.0,
bc0394b1-2c45-43f9-b2b7-b45f61a37d52,,410277eb-539b-460c-aff9-24a4a1521dec,2025-08-25 19:33:44.670661+00,2026-07-18 22:20:58.408928+00,5.0,
bc3c8822-4b69-440f-bc55-fd17ab83b1c4,,b00f5b54-aabe-4272-a5a3-9f75bbf698e9,2025-08-26 22:14:58.081221+00,2026-01-31 19:06:32.990415+00,3.0,
bc635fb3-f89f-47a4-b745-579b4d2acfa4,3f85a256-05ef-4988-b1d7-0d950dcf997e,0dd6a46d-90a0-4fca-96bc-5de7241f3c6c,2026-08-11 19:55:21.687959+00,2026-08-11 19:55:21.687959+00,5.0,
bc6bd4da-6559-4bd5-b2b7-0ca760ce9da3,,58fd01fe-b878-41d9-8135-a7f44dbab4d4,2026-01-24 19:32:09.131283+00,2026-02-20 13:51:16.598049+00,3.0,
bccbeeec-56cb-4936-b57e-829a24141116,,58fd01fe-b878-41d9-8135-a7f44dbab4d4,2026-01-09 19:42:45.446612+00,2026-01-10 12:08:00.045619+00,4.0,
bccc1699-4c21-488a-980b-e89730965957,acf88c83-a4db-4e08-852c-1687de20294f,b00f5b54-aabe-4272-a5a3-9f75bbf698e9,2025-09-26 23:41:26.815454+00,2025-09-26 23:41:26.815454+00,5.0,
bd0b421f-6db0-422c-902e-062e7f69be97,,bf6f8662-b890-496c-bbd7-6f213b86ca91,2026-01-23 20:12:48.261264+00,2026-05-18 17:38:36.36148+00,2.0,
bd1402a4-89c2-4200-81cf-c4bda9b0cb17,,1f9f677c-1f5d-4784-828a-970801312639,2025-10-11 19:20:34.698605+00,2026-07-18 22:20:58.408928+00,5.0,
bd3cdc97-2c95-411c-abc3-16eaf50721ac,09b826fc-893f-459f-be25-291dafd6a752,5d2a8362-b232-4766-acfa-019ebd70b958,2025-10-11 19:22:28.078686+00,2025-10-11 19:22:28.078686+00,4.0,
bd6f7e23-20fd-427a-b88b-5f52562f31c0,,410277eb-539b-460c-aff9-24a4a1521dec,2025-08-25 20:14:45.019969+00,2026-01-31 23:16:54.769127+00,5.0,a46a951d-738e-4045-9c41-7ee6258fb194
bdbd1b04-e083-4bb3-b692-f70411b406ea,e017f47f-cb94-41f1-93c4-ed5a88092277,a2726890-883c-4164-b951-a0619f43d620,2026-05-22 19:44:03.901166+00,2026-05-22 19:44:03.901166+00,3.0,
bddc170c-2f09-4436-8494-cacb3589b8ce,,58fd01fe-b878-41d9-8135-a7f44dbab4d4,2026-03-07 23:37:40.785797+00,2026-06-29 08:24:16.485438+00,3.0,
be14cd17-2b53-443b-9bfa-9bfe068bcfec,,a2726890-883c-4164-b951-a0619f43d620,2026-01-09 19:41:48.980828+00,2026-03-07 23:26:21.689164+00,4.0,
be8d8cc1-b5cc-40b6-b7a1-2307fa33cc59,,4c4fcd34-a462-4c60-aa86-fa9731ea7212,2026-01-17 20:25:51.146628+00,2026-01-17 20:30:45.309903+00,1.0,
bedb1f86-fea4-4f85-b08e-569e3fd0068a,,58fd01fe-b878-41d9-8135-a7f44dbab4d4,2026-02-13 20:38:40.041394+00,2026-03-11 14:41:34.781656+00,4.0,
bf03944f-fa77-42b0-8c18-6da27f2be91a,,0dd6a46d-90a0-4fca-96bc-5de7241f3c6c,2026-03-13 20:56:22.999375+00,2026-07-19 21:46:47.619006+00,5.0,f05f738e-77d0-45f6-a558-69449e81b138
bf085168-2280-4ee2-8b3c-9d58c883ce99,d0b32c06-f4f8-4752-a530-162b0c757b11,0dd6a46d-90a0-4fca-96bc-5de7241f3c6c,2026-04-03 19:22:54.467187+00,2026-04-03 19:22:54.467187+00,4.0,
bf230222-599b-4377-9a1b-7919ab671fa0,d1527898-d24e-438a-b8be-438ee2b142b2,e2422f0b-540b-4f35-9ddb-8f4610471bf6,2026-02-28 20:25:08.126328+00,2026-02-28 20:25:08.126328+00,4.0,
bf5eb7b4-e40b-4957-a770-e31af8e36000,,5d2a8362-b232-4766-acfa-019ebd70b958,2025-10-11 19:24:38.117448+00,2025-12-20 23:53:03.41703+00,3.0,58d6b989-5a2e-4c8f-885d-bb3ccb0b52b6
bf7b96e6-b273-41b2-a01d-6a31b7f7df90,312025bf-dbea-48c7-af7c-4460fafb06cc,58fd01fe-b878-41d9-8135-a7f44dbab4d4,2026-05-18 17:45:28.405996+00,2026-05-18 17:45:29.212049+00,4.0,
bf984afd-91bd-4124-9544-5bf328e0c214,0236192b-06ad-4244-bbb7-f1050b6388fc,81e43532-b6dd-438d-bd72-62be3723c0a4,2026-02-19 10:16:27.146536+00,2026-02-19 10:16:27.146536+00,5.0,
bfaba376-4dd5-4bfe-8546-80aa3b2ceab4,fcea1687-c6c9-4eab-83e4-0714cc9d2196,bf6f8662-b890-496c-bbd7-6f213b86ca91,2026-01-31 18:56:41.932871+00,2026-01-31 18:56:42.624832+00,5.0,
bfadaafa-0ddb-4421-a2a5-725fe6068a0b,,5d2a8362-b232-4766-acfa-019ebd70b958,2026-02-07 19:23:16.84796+00,2026-02-23 11:05:43.989816+00,5.0,
bfb4f139-a135-4b3c-b651-e60875de165e,5b0c4862-2d0c-48d3-a1eb-bc2c944cd5d9,5d2a8362-b232-4766-acfa-019ebd70b958,2026-02-07 19:25:06.296572+00,2026-02-07 19:25:06.296572+00,3.0,
c02ffd64-ae93-4885-b09a-801fe5642456,,4de727b2-3853-4fcc-9ad2-2b80d3f02e1c,2025-09-23 17:34:05.743132+00,2026-02-21 10:27:41.804306+00,4.0,
c03de923-5c63-4ae3-a34f-a80e1d9bbc92,,410277eb-539b-460c-aff9-24a4a1521dec,2026-02-28 12:06:01.060631+00,2026-02-28 22:27:53.44066+00,5.0,90a88789-e1fb-4fe6-808c-627da1ceb0c2
c0933b7f-8db2-4a46-bf2e-3d895a85ca15,,4de727b2-3853-4fcc-9ad2-2b80d3f02e1c,2025-10-11 19:16:34.896312+00,2026-03-06 22:43:45.867763+00,2.0,
c0a52be7-31c2-422d-bf62-19d6513469d6,,4c11d5fc-32e7-4202-8b96-bc911288d4d6,2025-09-22 17:17:17.911395+00,2026-01-05 22:03:51.373884+00,2.0,921f588c-7173-4ecb-8bc8-c37358d0ae99
c0c625a3-0fff-4938-b6e4-d8263a581413,,4c4fcd34-a462-4c60-aa86-fa9731ea7212,2025-08-27 19:17:09.612891+00,2025-10-11 19:14:54.275225+00,3.0,
c0d36f07-22a9-496b-816b-988f51303456,,58fd01fe-b878-41d9-8135-a7f44dbab4d4,2025-08-25 19:30:47.817058+00,2025-09-28 08:38:23.106884+00,4.0,
c0d5340e-9d7b-48d4-958c-dbe8cdd17a98,,1f9f677c-1f5d-4784-828a-970801312639,2026-01-17 20:28:08.005949+00,2026-03-07 23:26:21.689164+00,2.0,
c0e47106-4d93-494f-8e7b-4a2140686399,,4c11d5fc-32e7-4202-8b96-bc911288d4d6,2025-09-23 14:08:37.012155+00,2026-01-31 18:55:01.776106+00,3.0,
c119a655-2171-4439-a296-dd2329b48238,,410277eb-539b-460c-aff9-24a4a1521dec,2025-08-27 22:33:23.505259+00,2026-01-31 19:06:32.990415+00,5.0,
c14fc9b1-5498-490a-9294-e6f6f8092d78,c8243c81-7a6d-4988-a61c-9b620cb0104d,5d2a8362-b232-4766-acfa-019ebd70b958,2026-02-13 19:37:08.544453+00,2026-02-13 19:37:08.544453+00,5.0,
c1adb02f-babb-4704-8299-af3fc87c6ae4,,5d2a8362-b232-4766-acfa-019ebd70b958,2026-02-07 19:27:33.184812+00,2026-05-22 19:18:42.860007+00,3.0,
c1c4dcbb-65f7-4219-ab73-107dfe6e6ae8,,a2726890-883c-4164-b951-a0619f43d620,2026-01-09 19:35:14.190679+00,2026-01-24 00:34:08.844972+00,2.0,
c26ed1d6-c2ef-48fe-a75b-960e87a6574c,,c7f64752-3e0b-4b9c-b96a-ead26aa0258e,2026-02-08 22:48:12.263752+00,2026-03-28 23:06:46.125529+00,1.0,
c31d0c15-ae06-4a91-b515-5b5cfae49b30,,b00f5b54-aabe-4272-a5a3-9f75bbf698e9,2026-02-09 12:13:56.720549+00,2026-02-13 23:35:48.872264+00,4.0,c14a6fdf-097f-4d6b-8c43-d1f83cfb0f38
c37504d6-bcbd-4583-a481-80f27ed16793,38e7b30b-baa2-4545-b326-77744fdc4862,4c4fcd34-a462-4c60-aa86-fa9731ea7212,2026-01-17 20:48:51.781007+00,2026-01-17 20:48:51.781007+00,3.0,
c3ed78f0-ae72-452d-87ad-a8ce9607464b,,5d2a8362-b232-4766-acfa-019ebd70b958,2025-10-11 19:22:36.509819+00,2026-01-09 22:45:26.025565+00,5.0,0fb4a41f-dae4-41cf-9437-40f81a5b2860
c41cbfae-dbc3-4d79-8fd3-302aae276a5e,,410277eb-539b-460c-aff9-24a4a1521dec,2026-06-20 20:08:53.553256+00,2026-08-21 20:15:36.742817+00,5.0,a8bfff48-c0f8-49e6-8479-23fc4881c4dd
c437cbd7-4ed7-4081-b6ad-f5d49ad965d0,,b00f5b54-aabe-4272-a5a3-9f75bbf698e9,2025-08-25 20:15:32.217194+00,2026-01-31 23:16:54.769127+00,3.0,a46a951d-738e-4045-9c41-7ee6258fb194
c475d69a-c412-4095-8c55-943ebcd383cb,7673fe73-7021-4b63-b187-e22f5c246527,0212b5e3-2b19-44a0-a39f-5c0202307872,2026-08-21 20:10:34.46333+00,2026-08-21 20:10:34.46333+00,3.0,
c4878635-f843-4c38-93df-7d48386492d9,,29ea2657-3e45-4d28-9abe-6db1d6cdd41b,2026-01-12 23:16:41.453542+00,2026-03-08 09:51:20.744774+00,5.0,
c4966547-946b-4725-bd40-53445c5cfc7a,,c7f64752-3e0b-4b9c-b96a-ead26aa0258e,2025-12-20 21:09:21.081965+00,2026-01-27 20:31:26.735933+00,5.0,
c4ab0922-0a62-4df8-a9cb-34e6dc4b6bed,,e2422f0b-540b-4f35-9ddb-8f4610471bf6,2025-08-25 16:51:28.529707+00,2026-02-23 11:05:43.989816+00,4.0,
c4ae9ec2-5650-4c1f-8f1f-53030da820d9,09b826fc-893f-459f-be25-291dafd6a752,410277eb-539b-460c-aff9-24a4a1521dec,2025-09-01 18:41:26.611377+00,2025-09-01 18:41:26.611377+00,5.0,
c4b7a668-9a33-49a9-bf09-dfa1e21de345,fcea1687-c6c9-4eab-83e4-0714cc9d2196,4de727b2-3853-4fcc-9ad2-2b80d3f02e1c,2026-03-13 20:35:27.324992+00,2026-03-13 20:35:27.324992+00,2.0,
c53f8bf2-ba6f-4148-98e6-5c329d49eeaf,06867feb-f1ae-4a5b-b31f-ef36ed434eaf,0212b5e3-2b19-44a0-a39f-5c0202307872,2026-08-21 20:09:42.509295+00,2026-08-21 20:09:42.509295+00,4.0,
c59f0091-6ec1-4527-a5bf-7a212da398f6,,58fd01fe-b878-41d9-8135-a7f44dbab4d4,2026-02-28 18:58:09.402318+00,2026-03-01 08:35:03.533765+00,3.0,
c5a6f25d-c5c9-4da3-a139-18dcc0113658,,0212b5e3-2b19-44a0-a39f-5c0202307872,2025-09-27 18:43:42.017088+00,2025-12-20 13:16:39.44817+00,4.0,
c5ce54f6-e052-4e60-b439-b08c85f46d0e,,410277eb-539b-460c-aff9-24a4a1521dec,2025-12-28 20:58:13.194791+00,2026-02-08 22:37:34.788429+00,5.0,a7d28f7a-05a8-47b3-8e34-55937064ab42
c5ff214f-1141-47fa-a512-bc67ea1fe21a,,58fd01fe-b878-41d9-8135-a7f44dbab4d4,2025-08-24 19:53:08.457399+00,2025-12-20 17:15:44.790946+00,3.0,
c609dfae-017c-4e62-a4f5-2837c6eeac29,,b00f5b54-aabe-4272-a5a3-9f75bbf698e9,2026-03-07 00:14:35.872248+00,2026-07-18 20:17:43.375893+00,5.0,
c60eb9e7-05f5-499c-afa0-22c55b341cc8,,81e43532-b6dd-438d-bd72-62be3723c0a4,2025-09-06 15:53:41.241956+00,2025-09-26 23:10:43.612614+00,3.0,8511bda4-aeea-49ea-9a4c-0d78bfff8981
c63506fd-5c91-427f-9289-966b90f2db29,fcea1687-c6c9-4eab-83e4-0714cc9d2196,b00f5b54-aabe-4272-a5a3-9f75bbf698e9,2026-02-01 09:30:46.642395+00,2026-02-01 09:30:46.642395+00,5.0,
c6596093-2f98-467b-a92c-229cded75e0c,,410277eb-539b-460c-aff9-24a4a1521dec,2026-02-20 21:50:19.401313+00,2026-02-20 23:18:53.642131+00,5.0,72239a2a-cd06-44a3-9e51-951f8bac9bb3
c65ff9a6-bbe4-49a7-9f01-84176e8480b0,,e2422f0b-540b-4f35-9ddb-8f4610471bf6,2025-08-25 10:34:24.066532+00,2025-09-28 08:38:23.106884+00,4.0,
c6867576-ae0a-44e0-8a51-59f82d0bbf17,248c1261-bd0c-40d7-b7ed-a0058480e6b3,0dd6a46d-90a0-4fca-96bc-5de7241f3c6c,2026-06-20 20:05:38.432657+00,2026-06-20 20:05:38.432657+00,5.0,
c703616f-9882-4256-8222-d63180beb278,,b00f5b54-aabe-4272-a5a3-9f75bbf698e9,2025-09-23 15:21:59.984204+00,2025-12-20 13:16:39.44817+00,3.0,
c70de9f9-1540-476a-8326-98f8c504587c,,bf6f8662-b890-496c-bbd7-6f213b86ca91,2026-01-23 20:13:09.851393+00,2026-05-26 16:28:24.565212+00,5.0,
c737b105-5ea8-4a9e-a2a9-55c235952af2,,b00f5b54-aabe-4272-a5a3-9f75bbf698e9,2026-01-09 19:17:18.295655+00,2026-02-07 12:27:44.274887+00,5.0,
c76a267a-00a4-4cfd-85d9-0222ec5c4b0d,,a2726890-883c-4164-b951-a0619f43d620,2025-09-05 23:14:09.859005+00,2026-01-17 20:30:43.673613+00,1.0,
c77140e3-27b5-4e29-8f58-2d6baf121201,,0212b5e3-2b19-44a0-a39f-5c0202307872,2026-01-17 20:26:07.027539+00,2026-01-24 00:34:08.844972+00,1.0,
c77dc666-daea-4cd2-a90c-fa07f3a6a50c,,e2422f0b-540b-4f35-9ddb-8f4610471bf6,2025-12-20 17:27:24.358702+00,2026-01-24 00:34:08.844972+00,5.0,
c7a113aa-2ab4-49f8-b5fd-667ea2fc7653,b94e7e71-2843-4c04-97b2-6ac00ab3cc3a,410277eb-539b-460c-aff9-24a4a1521dec,2025-08-25 20:21:52.901709+00,2025-08-26 17:24:44.305488+00,5.0,
c7d16727-2e0b-48d0-b0ac-fe5c6946ff72,,29ea2657-3e45-4d28-9abe-6db1d6cdd41b,2026-01-09 19:16:59.765707+00,2026-02-07 12:27:44.274887+00,1.0,
c8081173-62fb-45ee-9445-e24cb9169313,d0478e8e-c86f-4563-9525-0edd29ba6fb7,4c4fcd34-a462-4c60-aa86-fa9731ea7212,2026-01-31 20:29:54.5852+00,2026-01-31 20:29:54.5852+00,3.0,
c80b1c9f-1f77-414f-bdb8-3cf9f55be8b0,,e2422f0b-540b-4f35-9ddb-8f4610471bf6,2026-01-24 14:29:11.048491+00,2026-03-21 13:27:31.488746+00,3.0,
c816e32b-bbfc-42a3-8419-9889d54d3684,38e7b30b-baa2-4545-b326-77744fdc4862,a2726890-883c-4164-b951-a0619f43d620,2026-01-17 20:49:10.645056+00,2026-01-17 20:49:10.645056+00,5.0,
c82923d9-8d17-4599-91f3-870e36ddd94d,5908a514-aaed-42c1-b92c-1c9420edf2e5,1f9f677c-1f5d-4784-828a-970801312639,2025-10-11 19:22:10.294076+00,2025-10-11 19:22:10.294076+00,2.0,
c8362388-f040-489c-bb4a-afee38617f6e,,1f9f677c-1f5d-4784-828a-970801312639,2025-10-11 19:18:27.524543+00,2026-01-31 19:06:32.990415+00,3.0,
c896dbf6-b176-46de-b50b-12a8c7ec614b,,e2422f0b-540b-4f35-9ddb-8f4610471bf6,2026-01-09 20:31:44.10627+00,2026-01-10 12:08:00.045619+00,4.0,
c8a7ebc8-06a8-4dcc-908e-1b0b60879563,d0b32c06-f4f8-4752-a530-162b0c757b11,b00f5b54-aabe-4272-a5a3-9f75bbf698e9,2026-03-29 14:16:04.994064+00,2026-03-29 14:16:04.994064+00,4.0,
c8a97363-30e8-41f1-b6ee-f41d7d0295ec,5908a514-aaed-42c1-b92c-1c9420edf2e5,58fd01fe-b878-41d9-8135-a7f44dbab4d4,2025-09-22 10:04:02.564096+00,2025-09-22 10:04:02.564096+00,3.0,
c8bc4288-4144-4df9-8f77-42e6bcf174f6,,4a129334-f055-43ce-849d-5edeb7b82b1f,2025-09-06 15:53:28.958537+00,2025-09-06 20:28:02.58778+00,2.0,6914c3bf-993b-4814-ba36-e716e615730d
c8c1da2e-c13b-43c7-998a-6f3e6622e9a6,,c7f64752-3e0b-4b9c-b96a-ead26aa0258e,2025-08-25 20:15:52.800218+00,2025-09-28 08:38:23.106884+00,2.0,
c8d2a246-df3e-457d-9c86-09df990899ff,,1f9f677c-1f5d-4784-828a-970801312639,2026-07-05 20:25:06.085331+00,2026-07-18 22:16:59.078323+00,5.0,
c92c6527-641b-4bbf-a887-bbb2da107c28,,58fd01fe-b878-41d9-8135-a7f44dbab4d4,2026-03-08 22:59:21.25384+00,2026-06-28 19:49:07.957311+00,3.0,
c9626be2-6eec-48d0-83a2-109bf0099690,092bb9db-0cea-411c-8e1b-36d30ad01f65,e2422f0b-540b-4f35-9ddb-8f4610471bf6,2026-07-21 16:36:13.854046+00,2026-07-21 16:36:13.854046+00,5.0,
c9937a4c-7700-422c-8bc9-0352aa3930a1,d73565c7-fc85-452b-8ced-27113bd15d3f,58fd01fe-b878-41d9-8135-a7f44dbab4d4,2026-02-13 20:36:26.204077+00,2026-02-13 20:36:26.204077+00,3.0,
c994e005-73e4-4c0d-8f14-9b38e05cbc09,312025bf-dbea-48c7-af7c-4460fafb06cc,410277eb-539b-460c-aff9-24a4a1521dec,2026-05-10 21:36:42.168922+00,2026-05-10 21:36:42.168922+00,5.0,
c9c0af35-1808-44cd-9e6c-30ff5d50a0de,,c7f64752-3e0b-4b9c-b96a-ead26aa0258e,2025-08-25 20:15:40.294815+00,2025-09-23 21:58:56.100797+00,5.0,e99fa35b-992f-4074-a820-1f67a802afef
ca312990-fba9-4bd2-a1bc-07a16beebbb2,c5ad2676-0596-4503-9b77-f41f5cd67632,1f9f677c-1f5d-4784-828a-970801312639,2026-06-04 21:36:58.808067+00,2026-08-21 20:11:47.926267+00,1.0,
ca529307-7de4-4f34-bb17-9641f4c65b3d,3f85a256-05ef-4988-b1d7-0d950dcf997e,1f9f677c-1f5d-4784-828a-970801312639,2026-07-18 22:19:08.63097+00,2026-07-18 22:19:08.63097+00,5.0,
ca693892-9f47-4376-8a61-b4732112f25c,,0212b5e3-2b19-44a0-a39f-5c0202307872,2026-08-21 20:08:47.044898+00,2026-08-21 20:15:36.742817+00,5.0,a8bfff48-c0f8-49e6-8479-23fc4881c4dd
ca93682f-a5fa-404d-9014-45cdf4b65977,3f85a256-05ef-4988-b1d7-0d950dcf997e,b00f5b54-aabe-4272-a5a3-9f75bbf698e9,2026-07-18 22:23:17.361233+00,2026-07-18 22:23:17.361233+00,5.0,
cac7e984-da4a-48c6-837e-21b71f3c5b69,796b2e6d-b8f5-4a62-9040-2094a5bf720c,e2422f0b-540b-4f35-9ddb-8f4610471bf6,2025-09-27 19:20:53.414148+00,2026-03-29 19:14:52.052042+00,5.0,
cb19c45c-554a-4575-9e66-3b6692243e2e,7673fe73-7021-4b63-b187-e22f5c246527,b00f5b54-aabe-4272-a5a3-9f75bbf698e9,2026-07-24 08:23:38.762305+00,2026-07-24 08:23:38.762305+00,4.0,
cb3a0913-8db0-4a6e-a117-50d19c70a001,,0212b5e3-2b19-44a0-a39f-5c0202307872,2025-09-05 18:52:16.154304+00,2025-09-14 21:08:22.481968+00,3.0,e13b249c-c02a-4e79-afdc-4b1f6983eb02
cb550ac4-a376-471c-8466-7de97cf2f7d4,92b42598-ff4d-4624-9e10-5945a062883e,410277eb-539b-460c-aff9-24a4a1521dec,2026-03-13 21:03:22.849325+00,2026-03-13 21:03:22.849325+00,5.0,
cb730258-c1d9-43f5-8ce3-bf0c5a149612,,5d2a8362-b232-4766-acfa-019ebd70b958,2025-10-11 19:21:46.44337+00,2026-04-11 22:20:39.177916+00,5.0,
cbe4e370-d34b-40fa-bbee-c7a1f2a2a7b7,,bf6f8662-b890-496c-bbd7-6f213b86ca91,2025-08-26 20:41:08.872955+00,2026-01-05 22:03:51.373884+00,3.0,921f588c-7173-4ecb-8bc8-c37358d0ae99
cbec6a4f-822f-481c-91bf-d53770f0bad6,,1f9f677c-1f5d-4784-828a-970801312639,2025-09-27 19:47:15.82017+00,2025-12-20 13:16:39.44817+00,3.0,
cc0bca7e-0327-4919-a0ba-f96c079f6784,,b00f5b54-aabe-4272-a5a3-9f75bbf698e9,2026-07-05 10:01:44.364239+00,2026-08-21 20:15:36.742817+00,4.0,a8bfff48-c0f8-49e6-8479-23fc4881c4dd
cc3fe936-90b4-4959-9173-682c087e96aa,,bf6f8662-b890-496c-bbd7-6f213b86ca91,2026-01-23 20:14:04.128967+00,2026-02-06 00:17:50.910372+00,3.0,
cc9a9688-581f-466f-b780-9c8d0e51e37d,d0b32c06-f4f8-4752-a530-162b0c757b11,c7f64752-3e0b-4b9c-b96a-ead26aa0258e,2026-04-18 19:39:12.459496+00,2026-04-18 19:39:12.459496+00,2.0,
cca00759-7194-43a1-964d-a72aa5de5cec,ed6156cc-b05f-4971-a658-b8e0a1514248,0dd6a46d-90a0-4fca-96bc-5de7241f3c6c,2026-02-21 18:49:18.240122+00,2026-02-21 18:49:18.240122+00,4.0,
ccc91a4c-bc16-4133-880c-68c3bc82ae04,d73565c7-fc85-452b-8ced-27113bd15d3f,a2726890-883c-4164-b951-a0619f43d620,2026-02-20 13:24:24.175919+00,2026-02-20 13:24:24.175919+00,2.0,
cceef798-3d85-4bdb-9439-0ae3757baf99,a25b0b1b-aa7e-4f83-9b8b-2766ef0f2c9a,bf6f8662-b890-496c-bbd7-6f213b86ca91,2026-01-31 18:56:45.606138+00,2026-01-31 18:56:45.606138+00,5.0,
ccf578fc-5ca5-46c3-9b0f-1523a20eeb53,,b00f5b54-aabe-4272-a5a3-9f75bbf698e9,2026-01-09 19:16:57.880711+00,2026-02-06 00:17:50.910372+00,5.0,
cd13a328-4bcc-479a-b01d-407fc37d182e,,4de727b2-3853-4fcc-9ad2-2b80d3f02e1c,2026-01-17 20:29:21.001016+00,2026-03-07 23:26:21.689164+00,2.0,
cd2e6c66-32e5-492e-bf32-96857c7150c0,,1f9f677c-1f5d-4784-828a-970801312639,2026-03-08 23:04:14.88353+00,2026-07-17 07:19:09.226491+00,5.0,
cd427889-1cfa-4873-88a9-c144d9722f0d,72200498-8bbf-4a8f-a5cf-b88204fc2537,b00f5b54-aabe-4272-a5a3-9f75bbf698e9,2026-07-18 22:22:06.321758+00,2026-07-18 22:22:06.321758+00,5.0,
cd51af2b-d8de-46d1-ab0e-8cc3b71dd8d4,,58fd01fe-b878-41d9-8135-a7f44dbab4d4,2026-05-18 17:38:34.157702+00,2026-05-29 19:42:42.999869+00,5.0,
cd5ebbd4-6a53-42ed-902e-8ff1d0dde90b,,0212b5e3-2b19-44a0-a39f-5c0202307872,2025-09-27 18:42:43.943382+00,2026-04-11 22:20:39.177916+00,3.0,
cd9c1e02-537f-47b2-9c25-dd864c829bc9,5908a514-aaed-42c1-b92c-1c9420edf2e5,a2726890-883c-4164-b951-a0619f43d620,2025-09-23 17:31:36.687344+00,2025-09-23 17:31:36.687344+00,4.0,
cdbaadbc-fe96-44e0-9413-73792cb4ea08,,e2422f0b-540b-4f35-9ddb-8f4610471bf6,2025-08-25 20:14:36.159163+00,2026-01-24 19:21:46.581266+00,2.0,
cdf43afa-6f32-44e8-884c-0078f945a26b,,4c11d5fc-32e7-4202-8b96-bc911288d4d6,2025-09-28 18:42:51.256921+00,2026-01-09 22:45:26.025565+00,2.0,0fb4a41f-dae4-41cf-9437-40f81a5b2860
ce08a2a3-621f-433f-a550-a1f23fc30f40,,5d2a8362-b232-4766-acfa-019ebd70b958,2026-02-07 19:26:35.770528+00,2026-05-22 21:31:41.907457+00,5.0,4f7f967a-2144-46a0-92ed-949a8f7feaf4
ce169f33-9116-4df9-914b-980a7e2929fd,,58fd01fe-b878-41d9-8135-a7f44dbab4d4,2026-01-09 19:41:02.968723+00,2026-02-08 22:37:34.788429+00,5.0,a7d28f7a-05a8-47b3-8e34-55937064ab42
ce1b75b3-64d4-4b69-bcfe-efa0e7213264,,5d2a8362-b232-4766-acfa-019ebd70b958,2025-10-11 19:19:46.036857+00,2026-03-06 22:43:45.867763+00,1.0,
ce1cf36b-195b-4208-ad34-6d2d8f0da39c,,0212b5e3-2b19-44a0-a39f-5c0202307872,2025-08-27 19:21:28.271795+00,2026-01-17 23:11:11.05032+00,4.0,2656ebd5-856f-4eee-9ca5-7d8bc0e0e434
ce39d242-0905-47d8-9822-8ccf97d991ae,,4c4fcd34-a462-4c60-aa86-fa9731ea7212,2026-02-28 19:07:53.233827+00,2026-04-11 22:05:24.572285+00,3.0,af1b1447-27cd-410f-9993-d0c4582b52ea
ce4549e9-371b-4c48-b1a6-0de5e941763a,,4c4fcd34-a462-4c60-aa86-fa9731ea7212,2026-03-14 21:33:52.325329+00,2026-07-18 20:17:41.936568+00,5.0,
ce64b3ba-5a2a-4c2b-87b2-020009b460be,d1527898-d24e-438a-b8be-438ee2b142b2,c7f64752-3e0b-4b9c-b96a-ead26aa0258e,2026-03-13 20:35:35.509971+00,2026-03-13 20:35:35.509971+00,5.0,
ce6deed3-5fbf-4860-bf67-24d633ee0306,,410277eb-539b-460c-aff9-24a4a1521dec,2026-01-17 20:26:10.88762+00,2026-03-08 09:51:20.744774+00,5.0,
ce97ed40-99b1-4479-9ec2-e80ac1a3362e,,4c4fcd34-a462-4c60-aa86-fa9731ea7212,2025-08-27 19:20:26.945066+00,2026-01-31 23:16:54.769127+00,5.0,a46a951d-738e-4045-9c41-7ee6258fb194
ce985a21-6785-497f-a8de-fd379a644edb,,4de727b2-3853-4fcc-9ad2-2b80d3f02e1c,2026-03-13 20:31:00.273413+00,2026-06-20 22:59:04.165122+00,1.0,0bee2ea3-748e-4792-be47-a333dc78426a
ced74308-00ef-48e2-a006-64627255e90b,092bb9db-0cea-411c-8e1b-36d30ad01f65,a2726890-883c-4164-b951-a0619f43d620,2026-08-11 20:02:34.839183+00,2026-08-11 20:02:34.839183+00,5.0,
ceda9d3d-e67b-4db0-be84-2d0ac3e3ee44,,b00f5b54-aabe-4272-a5a3-9f75bbf698e9,2026-01-09 19:16:41.58179+00,2026-01-24 22:07:28.208852+00,4.0,93955070-a6f3-4e7d-aeea-a730c82cafe4
ceefba2e-e712-4626-8110-5de859497ae1,09b58b51-7eae-456c-9f00-f26a22f7d64e,b00f5b54-aabe-4272-a5a3-9f75bbf698e9,2026-03-04 23:12:11.885451+00,2026-03-04 23:12:11.885451+00,5.0,
cf089129-f49a-4065-9e0b-ead7fd24fdd9,,4de727b2-3853-4fcc-9ad2-2b80d3f02e1c,2026-03-13 20:31:07.491191+00,2026-06-20 07:55:58.935282+00,2.0,
cf1a37c3-41ed-4178-86ec-b943bb835589,fcea1687-c6c9-4eab-83e4-0714cc9d2196,c7f64752-3e0b-4b9c-b96a-ead26aa0258e,2026-01-31 21:20:41.711972+00,2026-01-31 21:20:41.711972+00,3.0,
cf493daa-8e69-43cc-bdc8-494127f6d2a5,,a2726890-883c-4164-b951-a0619f43d620,2025-09-05 23:19:04.347065+00,2026-01-17 20:21:11.739992+00,5.0,
cf55feaf-49d6-4e1c-bbfd-ec06b07c554a,d73565c7-fc85-452b-8ced-27113bd15d3f,0212b5e3-2b19-44a0-a39f-5c0202307872,2026-02-28 19:08:08.665467+00,2026-02-28 19:08:08.665467+00,5.0,
cf61dc14-e834-416b-815a-f9bee7c90775,,b00f5b54-aabe-4272-a5a3-9f75bbf698e9,2026-02-07 12:28:25.562401+00,2026-02-20 13:52:51.390001+00,3.0,
cf7d24ce-1639-4ca4-a588-f2de7287ca48,,58fd01fe-b878-41d9-8135-a7f44dbab4d4,2025-08-29 20:23:28.765464+00,2025-09-22 21:24:45.485416+00,4.0,e0342b90-a3e5-4f6d-8c42-3ccd59778d3a
cf80db0c-dce4-4a67-8f02-97112fa03264,,58fd01fe-b878-41d9-8135-a7f44dbab4d4,2025-10-11 19:19:34.446396+00,2025-12-20 17:15:41.566525+00,2.0,
cf87885d-abb4-4d46-ba0d-d4a0f17ac296,,0dd6a46d-90a0-4fca-96bc-5de7241f3c6c,2025-08-29 20:16:18.644638+00,2026-01-31 18:55:01.776106+00,3.0,
cfe19c31-47dc-4cca-9eda-3cc993f7c616,,1f9f677c-1f5d-4784-828a-970801312639,2026-03-06 23:08:09.981036+00,2026-03-07 19:33:00.964159+00,5.0,
d043a080-400d-450e-a1ae-7299f283c615,,bf6f8662-b890-496c-bbd7-6f213b86ca91,2026-01-23 20:15:17.173255+00,2026-03-13 21:00:31.165242+00,2.0,
d05dad52-d545-4e78-82bf-231dc6dc8800,,e2422f0b-540b-4f35-9ddb-8f4610471bf6,2026-03-08 23:02:13.232647+00,2026-07-17 07:19:09.226491+00,5.0,
d0e825c7-fd0f-4aae-be52-f2db5ce56fd7,,4c4fcd34-a462-4c60-aa86-fa9731ea7212,2026-01-31 20:31:42.863144+00,2026-02-21 20:55:06.869652+00,2.0,
d1055bbf-fed3-4e85-ac26-b3b86eefd12c,,1f9f677c-1f5d-4784-828a-970801312639,2026-03-07 19:33:29.308999+00,2026-07-18 20:17:41.936568+00,5.0,
d1181a6e-0c75-452f-aa78-e6a7d0469323,,c7f64752-3e0b-4b9c-b96a-ead26aa0258e,2026-03-13 20:36:29.341134+00,2026-07-19 21:46:47.619006+00,2.0,f05f738e-77d0-45f6-a558-69449e81b138
d11cdf3f-9eba-4b5e-b462-80aae10bcf18,,4c4fcd34-a462-4c60-aa86-fa9731ea7212,2026-01-17 20:25:37.070136+00,2026-02-08 22:37:34.788429+00,1.0,a7d28f7a-05a8-47b3-8e34-55937064ab42
d15ae960-959e-48a3-81cc-ade145d60b71,,0dd6a46d-90a0-4fca-96bc-5de7241f3c6c,2026-03-07 19:31:25.735531+00,2026-03-07 19:33:00.964159+00,3.0,
d16c1264-f143-492f-a3f3-b8a3748d083d,,29ea2657-3e45-4d28-9abe-6db1d6cdd41b,2025-09-24 08:22:29.7939+00,2025-09-27 21:31:56.495584+00,5.0,51ccff25-bb4c-4c84-b34f-f1897e184e18
d1a94d46-dbb9-4fd1-b342-2313fc4feb5b,,0dd6a46d-90a0-4fca-96bc-5de7241f3c6c,2025-08-27 18:06:53.622266+00,2025-09-26 23:15:35.404382+00,4.0,e3aeabc5-fc62-4670-8af0-b5a5b75457a4
d1b420fd-54ba-4be5-ba70-a462c95ab571,,b00f5b54-aabe-4272-a5a3-9f75bbf698e9,2025-09-03 21:37:46.497216+00,2025-09-08 21:30:32.638398+00,5.0,
d1c2ea60-250a-4abd-bf6c-8a630faf87bc,d0478e8e-c86f-4563-9525-0edd29ba6fb7,5d2a8362-b232-4766-acfa-019ebd70b958,2025-10-11 19:20:27.593761+00,2025-10-11 19:20:28.460598+00,4.0,
d1d36cf5-52a8-4d64-8b19-454d740409ec,,b00f5b54-aabe-4272-a5a3-9f75bbf698e9,2025-09-28 17:35:47.153626+00,2025-12-20 23:53:03.41703+00,5.0,58d6b989-5a2e-4c8f-885d-bb3ccb0b52b6
d1e14832-8e21-481f-af01-f8283b3bf15f,,4c11d5fc-32e7-4202-8b96-bc911288d4d6,2025-09-22 17:17:05.961354+00,2026-04-11 22:20:39.177916+00,4.0,
d22a1039-d289-4574-91d5-8694fc08ca5f,,410277eb-539b-460c-aff9-24a4a1521dec,2025-08-29 20:22:20.87462+00,2025-09-22 21:24:45.485416+00,5.0,e0342b90-a3e5-4f6d-8c42-3ccd59778d3a
d263d2f3-6503-41a6-be48-25d59d85d735,,29ea2657-3e45-4d28-9abe-6db1d6cdd41b,2026-01-09 19:16:41.771585+00,2026-01-09 19:37:52.481831+00,2.0,
d2d2840a-b353-41f1-a699-c75638f04491,,4de727b2-3853-4fcc-9ad2-2b80d3f02e1c,2026-03-13 20:31:17.990661+00,2026-05-26 16:28:24.565212+00,2.0,
d3635e5e-ff5f-4991-8d12-aae1602806f8,,c7f64752-3e0b-4b9c-b96a-ead26aa0258e,2025-08-29 20:07:10.94146+00,2025-09-26 23:15:13.534501+00,5.0,e3aeabc5-fc62-4670-8af0-b5a5b75457a4
d384f050-7418-418e-89ce-ffda818556c7,,a2726890-883c-4164-b951-a0619f43d620,2025-08-25 19:09:49.126943+00,2025-09-28 21:17:25.280164+00,2.0,4b04cec3-e66d-41e7-86bb-d12ed09e914d
d3a1fea4-3d4f-494a-b618-cedfc9ae7ed0,d71848de-5785-4230-a44d-08f4aec4cb6b,b00f5b54-aabe-4272-a5a3-9f75bbf698e9,2025-09-27 21:50:47.990605+00,2026-02-23 20:31:54.910628+00,3.0,
d3de2adc-2491-4ae0-99cd-5b9158c59096,,58fd01fe-b878-41d9-8135-a7f44dbab4d4,2025-09-05 23:18:35.05507+00,2026-04-11 22:20:39.177916+00,5.0,
d40c30bc-62b9-4f34-b832-9ec2b4750faa,b94e7e71-2843-4c04-97b2-6ac00ab3cc3a,29ea2657-3e45-4d28-9abe-6db1d6cdd41b,2025-08-25 20:23:03.348094+00,2026-02-09 14:30:33.385435+00,5.0,
d4110478-2b1b-4f4b-aa25-d0d1c49fe840,5908a514-aaed-42c1-b92c-1c9420edf2e5,410277eb-539b-460c-aff9-24a4a1521dec,2025-09-07 12:19:19.563713+00,2025-09-07 12:19:19.563713+00,5.0,
d4150f92-f40b-42d1-9be9-344b4d60498d,,a2726890-883c-4164-b951-a0619f43d620,2025-09-23 17:29:47.742965+00,2025-12-20 13:16:32.158138+00,5.0,
d42d3cdf-1afc-4cc7-8bcd-a645863ee6d5,,e2422f0b-540b-4f35-9ddb-8f4610471bf6,2026-01-31 20:46:28.837905+00,2026-02-07 22:11:04.590951+00,5.0,6f17c897-4720-41ba-90e0-16e0cdd192a5
d466dbc1-7ba2-4ac6-b968-ce2411573797,,58fd01fe-b878-41d9-8135-a7f44dbab4d4,2026-02-13 20:39:34.720365+00,2026-04-11 22:05:24.572285+00,3.0,af1b1447-27cd-410f-9993-d0c4582b52ea
d4705fab-da65-4aaf-86fd-d218987ce0f6,5b0c4862-2d0c-48d3-a1eb-bc2c944cd5d9,a2726890-883c-4164-b951-a0619f43d620,2026-01-09 19:37:07.684366+00,2026-01-09 19:37:07.684366+00,5.0,
d49e978d-7fc0-43d3-bd1a-6a8116944eb1,,f47f4579-1502-4ca3-8997-2b8826c49806,2025-09-07 17:06:35.788281+00,2026-02-19 11:34:10.954611+00,5.0,
d4b4e5d1-644a-4d30-b5e6-846d789850d9,1bfef229-9c70-4168-94d6-880d37e5da96,c7f64752-3e0b-4b9c-b96a-ead26aa0258e,2025-12-20 21:08:57.98976+00,2025-12-20 21:08:57.98976+00,1.0,
d4b99b03-88b8-42af-9d18-98b7e7331f68,,e4f7f8ef-e94c-49ba-b692-99cefc421554,2025-09-06 15:43:19.160293+00,2025-09-06 15:43:36.841294+00,1.0,0f92d7f9-708f-4265-b7a0-321dcc57bc4e
d4e81dc8-49d4-4f92-8efc-1f034d3b7be4,,4de727b2-3853-4fcc-9ad2-2b80d3f02e1c,2026-07-18 19:29:24.566588+00,2026-08-21 20:15:36.742817+00,2.0,a8bfff48-c0f8-49e6-8479-23fc4881c4dd
d4ecba73-cfaf-4297-95db-7c4ce72ca6ff,acf88c83-a4db-4e08-852c-1687de20294f,1f9f677c-1f5d-4784-828a-970801312639,2025-10-11 19:21:26.057481+00,2025-10-11 19:21:26.057481+00,4.0,
d531ce76-d58c-43ed-9ce3-0b701b6e671f,,f47f4579-1502-4ca3-8997-2b8826c49806,2025-09-06 14:27:04.990951+00,2025-09-26 23:10:43.612614+00,2.0,8511bda4-aeea-49ea-9a4c-0d78bfff8981
d5af9e64-8438-45b1-8fa8-9525554d6f5e,,0dd6a46d-90a0-4fca-96bc-5de7241f3c6c,2026-05-22 19:20:07.950368+00,2026-05-22 19:20:39.519972+00,5.0,
d5d3184f-9da9-4436-8b79-82cfbc9d2433,,0dd6a46d-90a0-4fca-96bc-5de7241f3c6c,2026-01-24 00:34:54.39692+00,2026-03-07 23:26:24.949038+00,5.0,
d5d768d5-b7c8-4e60-ac25-6fabc96a4591,,410277eb-539b-460c-aff9-24a4a1521dec,2026-04-17 18:31:37.870257+00,2026-05-18 17:35:49.272836+00,5.0,
d5dd1fe2-602f-46e8-9641-e984db8a922c,,4c11d5fc-32e7-4202-8b96-bc911288d4d6,2025-09-22 17:17:03.019619+00,2026-01-24 19:21:46.581266+00,1.0,
d60d072b-8f2a-4c2e-b880-8eb357f536f0,,b00f5b54-aabe-4272-a5a3-9f75bbf698e9,2026-01-24 19:23:06.348611+00,2026-05-26 16:28:24.565212+00,5.0,
d6413929-51cb-4f4d-b4ad-7e06d86bc055,09b826fc-893f-459f-be25-291dafd6a752,4c4fcd34-a462-4c60-aa86-fa9731ea7212,2026-01-31 20:33:20.817964+00,2026-01-31 20:33:20.817964+00,5.0,
d658b6e4-bcf0-49dd-8973-00f43ef67386,,4de727b2-3853-4fcc-9ad2-2b80d3f02e1c,2025-09-23 17:33:15.013898+00,2026-07-18 22:20:58.408928+00,3.0,
d6759be8-47a8-43ac-a5a0-e4e77e703696,,0dd6a46d-90a0-4fca-96bc-5de7241f3c6c,2025-08-29 20:08:51.541637+00,2025-09-22 21:24:45.485416+00,5.0,e0342b90-a3e5-4f6d-8c42-3ccd59778d3a
d67afef3-ecd7-4bcf-a305-2297c0731719,,c7f64752-3e0b-4b9c-b96a-ead26aa0258e,2026-04-18 19:39:39.956623+00,2026-05-18 17:35:49.272836+00,2.0,
d67bfaf2-47d9-4e9f-9c7e-109e4724d052,d0b32c06-f4f8-4752-a530-162b0c757b11,410277eb-539b-460c-aff9-24a4a1521dec,2026-03-29 21:47:17.123689+00,2026-03-29 21:47:17.123689+00,5.0,
d68286e5-6a7e-46b1-b671-2702114c06ee,,1f9f677c-1f5d-4784-828a-970801312639,2026-01-17 20:24:33.075025+00,2026-05-08 21:54:12.924635+00,4.0,6152eb83-8070-4b50-86e3-685b6db518c3
d6b4905a-63ab-48bd-83c1-524f02c66553,d0478e8e-c86f-4563-9525-0edd29ba6fb7,c7f64752-3e0b-4b9c-b96a-ead26aa0258e,2025-12-20 21:11:07.679076+00,2025-12-20 21:11:07.679076+00,3.0,
d6fdf188-e7e3-44f9-9e6b-6c71af2b080a,,4c4fcd34-a462-4c60-aa86-fa9731ea7212,2026-01-17 20:26:10.098191+00,2026-05-08 21:54:12.924635+00,5.0,6152eb83-8070-4b50-86e3-685b6db518c3
d716ed48-2bce-4ada-b9bf-44f5653c6de3,,29ea2657-3e45-4d28-9abe-6db1d6cdd41b,2026-03-07 23:45:41.035512+00,2026-06-28 19:49:07.957311+00,4.0,
d7678649-7ebc-4d17-9e1d-4d8fd9e58686,,0212b5e3-2b19-44a0-a39f-5c0202307872,2025-09-27 18:41:56.861309+00,2026-01-22 05:43:22.027127+00,5.0,
d7cc1a12-c6d6-4274-8f46-52a3d43f087f,cd824939-6a12-4892-9f0f-9264307a8e14,0dd6a46d-90a0-4fca-96bc-5de7241f3c6c,2026-04-03 19:22:59.658186+00,2026-04-03 19:22:59.658186+00,5.0,
d7d0ccf5-6d5a-4864-82b6-cb681942559a,,c7f64752-3e0b-4b9c-b96a-ead26aa0258e,2025-08-25 20:15:34.773723+00,2026-07-18 22:20:58.408928+00,4.0,
d7d48311-84b3-4d47-aca8-bbc4e4a670ee,,0212b5e3-2b19-44a0-a39f-5c0202307872,2026-01-17 20:25:46.137335+00,2026-02-08 22:37:34.788429+00,4.0,a7d28f7a-05a8-47b3-8e34-55937064ab42
d7de59da-259a-41e2-aaf6-aa184d5b17ae,,b00f5b54-aabe-4272-a5a3-9f75bbf698e9,2026-03-01 10:13:11.297709+00,2026-03-06 18:25:36.414144+00,4.0,
d7e9d1bc-6599-46d7-8d30-96313401475c,10563bd6-00dd-4945-87a1-17e2e6770954,29ea2657-3e45-4d28-9abe-6db1d6cdd41b,2026-02-02 12:28:31.163848+00,2026-02-02 12:28:31.163848+00,3.0,
d803259a-b24c-4e6f-b739-92ed23da456e,09b826fc-893f-459f-be25-291dafd6a752,0dd6a46d-90a0-4fca-96bc-5de7241f3c6c,2025-08-31 19:05:00.414423+00,2026-03-13 21:05:55.480999+00,4.0,
d817a643-8b39-4dc4-925b-2591886f85cd,,e2422f0b-540b-4f35-9ddb-8f4610471bf6,2025-08-26 09:29:11.781845+00,2025-09-26 23:15:39.519841+00,4.0,e3aeabc5-fc62-4670-8af0-b5a5b75457a4
d838d349-5adc-4dc1-9224-9304223e4c57,,e2422f0b-540b-4f35-9ddb-8f4610471bf6,2025-09-05 23:22:26.591309+00,2025-09-08 21:30:32.638398+00,5.0,
d84d7bfc-db10-4fea-9202-3de3dd131055,,29ea2657-3e45-4d28-9abe-6db1d6cdd41b,2025-08-25 09:43:36.15447+00,2026-02-21 10:27:41.804306+00,5.0,
d8614e0f-6cbe-44ae-9b26-63f6158f8a6e,a246248c-ac12-4286-b087-740e6db8986d,0212b5e3-2b19-44a0-a39f-5c0202307872,2026-02-28 19:10:53.444001+00,2026-02-28 19:10:53.444001+00,1.0,
d8726497-85b7-4182-b485-88ca8cdeb2f9,,bf6f8662-b890-496c-bbd7-6f213b86ca91,2025-08-26 20:39:59.248929+00,2025-09-28 21:17:25.280164+00,4.0,4b04cec3-e66d-41e7-86bb-d12ed09e914d
d87b52d7-5b91-43d9-b3b8-c0c076f7652b,d71848de-5785-4230-a44d-08f4aec4cb6b,0212b5e3-2b19-44a0-a39f-5c0202307872,2025-10-19 20:36:43.916208+00,2025-10-19 20:36:43.916208+00,3.0,
d88b91de-d6c5-4309-81f0-f2210b19425d,824ed1a7-648c-4917-afb8-7b23a8cb7716,c7f64752-3e0b-4b9c-b96a-ead26aa0258e,2026-02-21 21:04:50.830527+00,2026-02-21 21:04:50.830527+00,5.0,
d88dbf2c-8246-40cd-9dcc-0c06d8493d07,72200498-8bbf-4a8f-a5cf-b88204fc2537,0dd6a46d-90a0-4fca-96bc-5de7241f3c6c,2026-08-11 19:54:54.078129+00,2026-08-11 19:54:54.078129+00,4.0,
d89fbe4a-9597-4783-bfd7-890ef6f244a1,318afdb9-0b7d-4128-b036-8c3cdf8f9d2e,e2422f0b-540b-4f35-9ddb-8f4610471bf6,2026-06-28 20:05:07.832075+00,2026-06-28 20:05:07.832075+00,5.0,
d8c4c7d0-2aad-4c7e-85ae-341b33d2fd45,,0dd6a46d-90a0-4fca-96bc-5de7241f3c6c,2026-03-08 22:58:47.259038+00,2026-06-20 22:59:04.165122+00,5.0,0bee2ea3-748e-4792-be47-a333dc78426a
d914e21e-465d-487f-95b3-d598bfd10d96,,4c4fcd34-a462-4c60-aa86-fa9731ea7212,2025-08-27 19:20:32.276644+00,2026-01-31 18:55:01.776106+00,4.0,
d93a9519-188e-470a-9dc9-4b8bba290e0f,,1f9f677c-1f5d-4784-828a-970801312639,2026-03-06 22:51:09.455724+00,2026-06-20 07:55:58.935282+00,5.0,
d97164b2-ba79-4ba6-b7da-64f46d9ba2d1,,c7f64752-3e0b-4b9c-b96a-ead26aa0258e,2026-01-24 19:41:29.476181+00,2026-03-27 22:56:30.644032+00,1.0,206da1c5-84bb-4658-9d30-627b7b12f3c1
d97cc6c4-bdb1-430b-9943-fc326b81721b,cd824939-6a12-4892-9f0f-9264307a8e14,0212b5e3-2b19-44a0-a39f-5c0202307872,2026-03-27 23:09:40.049702+00,2026-03-27 23:09:40.049702+00,5.0,
d98442b1-cd89-4716-ba98-dc792b5596d8,796b2e6d-b8f5-4a62-9040-2094a5bf720c,c7f64752-3e0b-4b9c-b96a-ead26aa0258e,2025-12-08 21:30:46.11697+00,2025-12-08 21:30:46.11697+00,1.0,
d98fd36a-c9a1-4f37-a526-240974f9fbfc,,410277eb-539b-460c-aff9-24a4a1521dec,2026-03-09 11:16:53.674744+00,2026-06-29 08:24:16.485438+00,5.0,
d9932cdc-98a3-4f9c-b7f1-04fbb2690529,,0dd6a46d-90a0-4fca-96bc-5de7241f3c6c,2025-10-11 19:14:11.752902+00,2026-03-06 22:43:45.867763+00,5.0,
d9a221e6-662b-4cf0-9316-5291104624c0,312025bf-dbea-48c7-af7c-4460fafb06cc,29ea2657-3e45-4d28-9abe-6db1d6cdd41b,2026-05-11 16:44:14.379071+00,2026-05-11 16:44:14.379071+00,5.0,
d9a6aade-0376-4566-b250-e9f725d5e568,d0478e8e-c86f-4563-9525-0edd29ba6fb7,e2422f0b-540b-4f35-9ddb-8f4610471bf6,2025-10-11 19:17:02.889023+00,2025-10-11 19:17:04.499654+00,3.0,
d9dcc1ec-704c-4187-880a-93b3a4eaec02,e017f47f-cb94-41f1-93c4-ed5a88092277,4de727b2-3853-4fcc-9ad2-2b80d3f02e1c,2026-05-08 19:51:28.053232+00,2026-05-08 19:51:28.053232+00,2.0,
d9f4aea6-01e9-4746-b89a-f72a42946c40,,a2726890-883c-4164-b951-a0619f43d620,2026-08-11 20:02:01.085693+00,2026-08-11 22:17:27.645648+00,5.0,46644c66-67fa-417e-8ce2-cfa625567ac3
da0a061a-e102-437f-a6d6-5c9bd4551d2c,,58fd01fe-b878-41d9-8135-a7f44dbab4d4,2026-02-21 20:52:09.376055+00,2026-02-21 20:55:03.968697+00,3.0,
da1b4686-6863-43f5-9b2f-b87a20e8defc,,f47f4579-1502-4ca3-8997-2b8826c49806,2025-09-06 14:45:58.709369+00,2025-09-06 15:53:46.499495+00,2.0,3baacdc6-7365-4424-b88d-b21b34a5e85d
da241439-6e8c-4b23-82cb-61ff91bda430,,a2726890-883c-4164-b951-a0619f43d620,2026-01-17 20:23:08.932698+00,2026-02-20 13:51:16.598049+00,3.0,
da4efe99-2b46-468a-bacc-59ba9cdf46fa,,4a129334-f055-43ce-849d-5edeb7b82b1f,2025-09-06 15:43:22.717435+00,2025-09-06 15:43:36.841294+00,4.0,0f92d7f9-708f-4265-b7a0-321dcc57bc4e
da74b7f6-a11a-4d5e-b7fb-57e168d8105f,,5d2a8362-b232-4766-acfa-019ebd70b958,2026-02-07 19:24:17.350692+00,2026-02-20 13:52:51.390001+00,2.0,
db0d54b4-4ec7-48f4-a1ab-f1908bf1d4ab,c5ad2676-0596-4503-9b77-f41f5cd67632,0dd6a46d-90a0-4fca-96bc-5de7241f3c6c,2026-05-29 19:51:40.53205+00,2026-05-29 19:51:40.53205+00,1.0,
db1830bb-b877-49ef-82b9-31b5092e3b42,a25b0b1b-aa7e-4f83-9b8b-2766ef0f2c9a,b00f5b54-aabe-4272-a5a3-9f75bbf698e9,2026-02-01 09:30:23.096548+00,2026-02-01 09:30:23.096548+00,4.0,
db3fa3d8-43dc-439c-8ba3-b9c6b746bbf1,5b0c4862-2d0c-48d3-a1eb-bc2c944cd5d9,410277eb-539b-460c-aff9-24a4a1521dec,2025-12-30 15:47:19.507705+00,2025-12-30 15:47:19.507705+00,5.0,
db5cc90c-e768-400a-ac4c-dea595a5b340,,1f9f677c-1f5d-4784-828a-970801312639,2025-09-27 19:47:43.304783+00,2025-12-20 17:15:44.790946+00,4.0,
db90595c-9876-4751-9707-7532a7506acc,,b00f5b54-aabe-4272-a5a3-9f75bbf698e9,2025-12-16 17:18:57.808147+00,2026-05-22 19:18:42.860007+00,4.0,
db99a76c-fed4-4f40-aa8d-17c0b835fe42,,b00f5b54-aabe-4272-a5a3-9f75bbf698e9,2026-03-07 19:33:48.706304+00,2026-07-18 20:17:41.936568+00,4.0,
db9f4621-8f02-40b5-94f3-1bfe99cea9c7,a02b57c1-e2db-4234-b512-db45fe242cd0,b00f5b54-aabe-4272-a5a3-9f75bbf698e9,2026-07-18 22:22:01.127691+00,2026-07-18 22:22:01.127691+00,5.0,
dbdbddab-2440-487b-aeb0-7e593ceb5bd2,,e2422f0b-540b-4f35-9ddb-8f4610471bf6,2025-08-24 19:38:15.988719+00,2025-12-20 17:15:44.790946+00,5.0,
dbe1f034-979c-4032-a5b8-20a858c2cdd9,c5ad2676-0596-4503-9b77-f41f5cd67632,a2726890-883c-4164-b951-a0619f43d620,2026-05-22 21:41:52.123363+00,2026-05-22 21:41:52.123363+00,5.0,
dbe31403-2b47-4027-ad2a-bbe9e98a1b25,92b42598-ff4d-4624-9e10-5945a062883e,e2422f0b-540b-4f35-9ddb-8f4610471bf6,2026-03-13 21:01:36.266757+00,2026-03-13 21:01:36.266757+00,2.0,
dbe6d838-1858-4d05-9cc2-5f8ba49db248,,bf6f8662-b890-496c-bbd7-6f213b86ca91,2025-08-26 20:41:26.8444+00,2026-01-31 19:06:32.990415+00,5.0,
dbef06e4-1971-4f68-88f8-2c0997aa1b19,d73565c7-fc85-452b-8ced-27113bd15d3f,1f9f677c-1f5d-4784-828a-970801312639,2026-02-21 18:49:54.61936+00,2026-02-21 18:49:54.61936+00,2.0,
dbfd421e-b6e1-417a-9a6e-7fad57ad792b,09b58b51-7eae-456c-9f00-f26a22f7d64e,e2422f0b-540b-4f35-9ddb-8f4610471bf6,2026-03-07 19:45:39.20165+00,2026-03-29 19:14:07.837094+00,5.0,
dc1ca9ab-2036-4a96-acc4-3de8e13d1f43,,0212b5e3-2b19-44a0-a39f-5c0202307872,2025-08-27 19:14:36.739261+00,2025-12-20 17:15:44.790946+00,2.0,
dc5e9a7b-b7ce-4d89-b43c-f7ad4ba19029,b5bdd821-b097-4a79-ade7-809054ddb957,58fd01fe-b878-41d9-8135-a7f44dbab4d4,2026-05-22 19:17:01.907023+00,2026-05-22 19:17:01.907023+00,5.0,
dc6ff4f8-f5ed-4840-ac7c-5b2366dd6bd1,,410277eb-539b-460c-aff9-24a4a1521dec,2026-03-07 14:39:06.361774+00,2026-03-07 19:33:00.964159+00,5.0,
dcf142fa-30c8-4d44-bdf5-02a2b4bdf0f1,06867feb-f1ae-4a5b-b31f-ef36ed434eaf,b00f5b54-aabe-4272-a5a3-9f75bbf698e9,2026-07-18 22:23:53.848152+00,2026-07-18 22:23:53.848152+00,5.0,
dd050a40-5343-45af-90d0-f3b5913661c4,,e4f7f8ef-e94c-49ba-b692-99cefc421554,2025-09-07 17:06:39.885033+00,2025-09-07 19:08:58.639568+00,2.0,60cc5e48-94e0-4c70-959c-e300939c334b
dd1c91a0-194b-48e5-b862-2bfa54f1a3f9,,a2726890-883c-4164-b951-a0619f43d620,2026-03-07 20:00:18.857462+00,2026-07-18 20:17:41.936568+00,5.0,
dd1feb04-142a-455f-920f-0e2ac66773dc,,4c4fcd34-a462-4c60-aa86-fa9731ea7212,2026-02-07 22:32:23.847056+00,2026-02-20 13:52:51.390001+00,3.0,
dd8f8339-3f74-4906-8465-28eb8d854447,,58fd01fe-b878-41d9-8135-a7f44dbab4d4,2026-01-24 19:29:28.569707+00,2026-05-26 16:28:24.565212+00,3.0,
ddbb4f44-68f7-452a-8b08-e341e74e03d4,,410277eb-539b-460c-aff9-24a4a1521dec,2025-09-23 17:17:52.650612+00,2025-12-20 13:16:39.44817+00,5.0,
de145ddd-11a8-403d-b303-76a97f9c3654,,29ea2657-3e45-4d28-9abe-6db1d6cdd41b,2025-08-27 18:37:36.791804+00,2026-01-17 23:11:11.05032+00,1.0,2656ebd5-856f-4eee-9ca5-7d8bc0e0e434
de36581f-ccbf-4c8a-bd9a-2c1b8c5d03a8,,4de727b2-3853-4fcc-9ad2-2b80d3f02e1c,2025-09-05 23:14:51.985921+00,2025-10-11 21:34:51.643858+00,4.0,25a8a934-47b0-4cb5-b247-92d7704a9abd
de3c0ff6-0bfc-48d8-b3f7-d1366aeee4dc,796b2e6d-b8f5-4a62-9040-2094a5bf720c,0dd6a46d-90a0-4fca-96bc-5de7241f3c6c,2025-09-22 21:43:56.109377+00,2025-09-22 21:43:56.109377+00,3.0,
de5e304f-7915-4454-8938-0edd9a5a2383,,9c974d76-199c-4c05-bd80-2a0681451fe1,2025-09-07 17:06:36.578349+00,2026-02-19 11:34:10.954611+00,5.0,
de623abf-e3e1-4d7c-8bfe-b048f9114e04,d1527898-d24e-438a-b8be-438ee2b142b2,b00f5b54-aabe-4272-a5a3-9f75bbf698e9,2026-02-28 20:04:27.417637+00,2026-02-28 20:04:27.417637+00,4.0,
de7e6173-c540-4649-8aa8-8d9289891e2a,92b42598-ff4d-4624-9e10-5945a062883e,c7f64752-3e0b-4b9c-b96a-ead26aa0258e,2026-03-13 21:03:01.515242+00,2026-03-13 21:03:01.515242+00,5.0,
deaf5600-7f05-4e86-989d-f8a268406aef,,410277eb-539b-460c-aff9-24a4a1521dec,2026-01-04 18:54:49.730028+00,2026-02-07 12:27:44.274887+00,5.0,
df014a69-5d94-475e-b2b3-d20fd6adb52b,,c7f64752-3e0b-4b9c-b96a-ead26aa0258e,2026-03-13 20:36:20.817119+00,2026-07-18 20:17:41.936568+00,4.0,
df0823ed-6d3f-4828-bb96-f84a131066b6,d0478e8e-c86f-4563-9525-0edd29ba6fb7,410277eb-539b-460c-aff9-24a4a1521dec,2025-09-28 19:04:28.603892+00,2025-09-28 19:04:28.603892+00,5.0,
df14beb7-ff0c-40a8-bd91-67916ad35831,,b00f5b54-aabe-4272-a5a3-9f75bbf698e9,2025-09-22 21:41:48.102953+00,2025-09-25 22:03:03.708766+00,5.0,5a75c8c1-f378-4f2b-830c-6474ab7f1fb0
df2b1563-293d-4610-a932-5b87175615e0,,4c11d5fc-32e7-4202-8b96-bc911288d4d6,2025-09-22 17:16:45.725482+00,2026-02-23 11:05:43.989816+00,3.0,
df386ee5-bbd9-41cb-849e-ed9c1e539bea,5b0c4862-2d0c-48d3-a1eb-bc2c944cd5d9,b00f5b54-aabe-4272-a5a3-9f75bbf698e9,2026-01-09 19:17:09.665713+00,2026-01-09 19:17:09.665713+00,2.0,
df602d87-9694-42ac-8633-43f9ae256b39,38e7b30b-baa2-4545-b326-77744fdc4862,410277eb-539b-460c-aff9-24a4a1521dec,2026-01-17 20:48:41.266145+00,2026-01-17 20:48:41.266145+00,1.0,
df88550c-de37-4b75-b6ff-b96abdfb33df,,58fd01fe-b878-41d9-8135-a7f44dbab4d4,2026-07-18 19:34:01.377555+00,2026-07-18 22:16:59.078323+00,3.0,
dfa82c1e-1cc9-42f0-9dff-dc3943ba4b8a,,58fd01fe-b878-41d9-8135-a7f44dbab4d4,2025-08-24 19:52:03.46412+00,2025-09-28 21:17:25.280164+00,4.0,4b04cec3-e66d-41e7-86bb-d12ed09e914d
dfb3b50a-2962-441c-aeaf-18daf731a186,,4de727b2-3853-4fcc-9ad2-2b80d3f02e1c,2026-03-13 20:39:11.73078+00,2026-04-11 22:05:24.572285+00,3.0,af1b1447-27cd-410f-9993-d0c4582b52ea
dfbe2b44-4898-4a86-8850-e3c948991e2d,,4de727b2-3853-4fcc-9ad2-2b80d3f02e1c,2025-09-27 15:02:31.768302+00,2025-10-11 19:14:54.275225+00,5.0,
dfca059f-5f95-4d89-940c-ccd834022971,,e2422f0b-540b-4f35-9ddb-8f4610471bf6,2025-09-27 19:22:40.633071+00,2025-12-30 15:32:41.954642+00,2.0,
dfcef1d4-b782-4f73-b1eb-7e41b2ed513d,312025bf-dbea-48c7-af7c-4460fafb06cc,5d2a8362-b232-4766-acfa-019ebd70b958,2026-05-22 19:45:33.260076+00,2026-05-22 19:45:33.260076+00,5.0,
dfd9280c-f09e-4551-8e33-da11ec18798c,eec0059a-862f-4a3e-84fa-cf8d16d98783,58fd01fe-b878-41d9-8135-a7f44dbab4d4,2026-04-18 19:38:24.523206+00,2026-04-18 19:38:24.523206+00,4.0,
e010d3d9-9450-4d66-87bb-d3a0844c8366,d73565c7-fc85-452b-8ced-27113bd15d3f,5d2a8362-b232-4766-acfa-019ebd70b958,2026-02-28 19:03:43.584681+00,2026-03-07 19:40:41.811126+00,2.0,
e0232849-6d79-4756-94d2-625b721e5747,,410277eb-539b-460c-aff9-24a4a1521dec,2025-09-01 18:44:29.603982+00,2026-01-17 20:21:11.739992+00,5.0,
e0367c35-f24a-43ca-8530-d3ce80c80194,d0478e8e-c86f-4563-9525-0edd29ba6fb7,1f9f677c-1f5d-4784-828a-970801312639,2025-10-11 19:22:47.547383+00,2025-10-11 19:22:47.547383+00,4.0,
e03a3956-e436-48ac-ab7a-b178d20824ff,,c7f64752-3e0b-4b9c-b96a-ead26aa0258e,2025-12-20 21:09:09.452606+00,2025-12-20 23:53:03.41703+00,5.0,58d6b989-5a2e-4c8f-885d-bb3ccb0b52b6
e0456695-d9d7-453c-92e6-0b07e1216991,,c7f64752-3e0b-4b9c-b96a-ead26aa0258e,2025-08-29 20:06:31.229315+00,2026-01-17 23:11:11.05032+00,5.0,2656ebd5-856f-4eee-9ca5-7d8bc0e0e434
e04e65b9-f32f-4e51-b2aa-dd9c21cf5650,6d4b88c9-a4c7-4755-af8a-24b637bcc964,e4f7f8ef-e94c-49ba-b692-99cefc421554,2026-02-19 11:20:01.680881+00,2026-02-19 11:20:01.680881+00,4.0,
e04f8309-981f-47bf-b61f-ae9748218cb8,ed6156cc-b05f-4971-a658-b8e0a1514248,b00f5b54-aabe-4272-a5a3-9f75bbf698e9,2026-02-21 10:27:52.982303+00,2026-02-21 10:27:52.982303+00,5.0,
e059ba9f-7134-40ab-8856-813fefcdc297,a246248c-ac12-4286-b087-740e6db8986d,4c4fcd34-a462-4c60-aa86-fa9731ea7212,2026-02-28 19:08:22.485595+00,2026-02-28 19:08:22.485595+00,3.0,
e06b661c-fdaa-4d5d-a311-f079893cbc9e,,410277eb-539b-460c-aff9-24a4a1521dec,2026-03-08 23:04:47.367868+00,2026-06-20 22:59:04.165122+00,5.0,0bee2ea3-748e-4792-be47-a333dc78426a
e08b5e1a-ecae-4630-805f-bcf966b145dd,,0dd6a46d-90a0-4fca-96bc-5de7241f3c6c,2026-01-20 17:30:11.725968+00,2026-05-22 21:31:41.907457+00,5.0,4f7f967a-2144-46a0-92ed-949a8f7feaf4
e0da864e-42e4-4117-a4bd-cbeaf62d8613,ed6156cc-b05f-4971-a658-b8e0a1514248,5d2a8362-b232-4766-acfa-019ebd70b958,2026-02-28 19:02:21.632119+00,2026-02-28 19:02:21.632119+00,2.0,
e0e36616-5b1f-408e-9292-d6b8119992a8,,4de727b2-3853-4fcc-9ad2-2b80d3f02e1c,2025-09-09 05:46:16.678611+00,2025-12-20 17:15:44.790946+00,3.0,
e0ef8746-2264-4c8f-b3e0-0d0c375a1285,824ed1a7-648c-4917-afb8-7b23a8cb7716,0dd6a46d-90a0-4fca-96bc-5de7241f3c6c,2026-02-22 22:34:32.64232+00,2026-02-22 22:34:32.64232+00,3.0,
e0f1f241-b85d-4c56-aa2a-81eaa878e2b1,,0dd6a46d-90a0-4fca-96bc-5de7241f3c6c,2025-09-25 19:36:36.253501+00,2026-01-31 18:55:23.884091+00,4.0,
e0f335f8-a6be-4ce5-973e-84bde2a1a9e0,acf88c83-a4db-4e08-852c-1687de20294f,5d2a8362-b232-4766-acfa-019ebd70b958,2026-02-07 19:24:30.854863+00,2026-02-07 19:24:30.854863+00,5.0,
e0f70f43-1b83-4967-8a4e-1dd16fdf59a5,5908a514-aaed-42c1-b92c-1c9420edf2e5,4c11d5fc-32e7-4202-8b96-bc911288d4d6,2025-09-22 17:16:49.195296+00,2025-12-20 21:10:54.849463+00,4.0,
e0ff67d8-af86-4f40-b3a7-5657ef0ffb18,,5d2a8362-b232-4766-acfa-019ebd70b958,2026-02-20 21:51:55.184504+00,2026-02-28 12:16:14.94265+00,4.0,
e1814d17-535c-4b0d-a3d7-c94eeac4d57d,,a2726890-883c-4164-b951-a0619f43d620,2026-03-07 19:45:27.618406+00,2026-07-18 20:17:43.375893+00,4.0,
e18bebf0-f681-4cca-a228-e37108e4e862,e017f47f-cb94-41f1-93c4-ed5a88092277,0212b5e3-2b19-44a0-a39f-5c0202307872,2026-04-11 18:43:13.935289+00,2026-04-11 18:43:13.935289+00,5.0,
e1df7a44-b86c-48a1-8f18-8c794f246c40,c8243c81-7a6d-4988-a61c-9b620cb0104d,29ea2657-3e45-4d28-9abe-6db1d6cdd41b,2026-02-14 19:02:54.510302+00,2026-04-19 14:27:39.784763+00,4.0,
e1e49366-bb82-45db-a9c3-c71c51337bb2,,a2726890-883c-4164-b951-a0619f43d620,2026-03-13 20:56:30.971622+00,2026-06-20 22:59:04.165122+00,5.0,0bee2ea3-748e-4792-be47-a333dc78426a
e1f7bd34-c62f-402e-89e1-d4c020e2460f,,0212b5e3-2b19-44a0-a39f-5c0202307872,2025-09-05 23:14:55.961404+00,2026-01-17 20:30:45.309903+00,5.0,
e201ca09-e541-45d5-a680-4cf9af932624,,5d2a8362-b232-4766-acfa-019ebd70b958,2026-02-20 21:50:37.039712+00,2026-02-20 23:18:53.642131+00,5.0,72239a2a-cd06-44a3-9e51-951f8bac9bb3
e204fa4b-1947-4598-9050-93b654ffe424,,4c4fcd34-a462-4c60-aa86-fa9731ea7212,2026-02-07 22:32:39.876044+00,2026-03-11 14:41:34.781656+00,3.0,
e252d5cb-8d45-4171-a6b8-a624c2b21f30,,0dd6a46d-90a0-4fca-96bc-5de7241f3c6c,2025-08-30 14:39:51.109872+00,2026-01-17 20:21:11.739992+00,5.0,
e26c09cd-b672-42f3-b0c7-b7cdb93055c3,09b826fc-893f-459f-be25-291dafd6a752,1f9f677c-1f5d-4784-828a-970801312639,2025-10-11 19:19:49.021068+00,2025-10-11 19:19:49.021068+00,5.0,
e282babf-c84f-4baa-8997-0784117f0d3f,,e2422f0b-540b-4f35-9ddb-8f4610471bf6,2026-02-07 22:31:17.963696+00,2026-03-11 14:41:34.781656+00,5.0,
e294119d-e2c9-4390-a4dd-61e9a076299a,,410277eb-539b-460c-aff9-24a4a1521dec,2026-01-10 12:09:37.00745+00,2026-03-13 21:00:31.165242+00,5.0,
e2ae9b05-f56c-43f3-a50c-8ed0d72d9878,d0b32c06-f4f8-4752-a530-162b0c757b11,a2726890-883c-4164-b951-a0619f43d620,2026-05-22 19:44:35.100781+00,2026-05-22 19:44:35.100781+00,5.0,
e30643c8-eb6d-49f1-a123-42d1ffcec0b5,,b00f5b54-aabe-4272-a5a3-9f75bbf698e9,2025-09-03 21:37:50.760102+00,2025-09-14 21:08:22.481968+00,5.0,e13b249c-c02a-4e79-afdc-4b1f6983eb02
e31cf2eb-000d-4312-bd50-e4b5c62c637f,,4c11d5fc-32e7-4202-8b96-bc911288d4d6,2025-09-22 17:17:40.116327+00,2025-12-30 15:27:16.045074+00,3.0,
e3241fa4-ceb7-4bf7-a0b4-6401e71c9394,,b00f5b54-aabe-4272-a5a3-9f75bbf698e9,2026-02-20 13:56:37.972578+00,2026-02-28 12:16:14.94265+00,4.0,
e33d87cf-634a-4053-8d89-d0b89d414279,,b00f5b54-aabe-4272-a5a3-9f75bbf698e9,2025-08-25 11:32:53.715947+00,2025-09-28 08:38:23.106884+00,1.0,
e37b8216-bec1-41bc-aeda-a2b69ca252ff,,1f9f677c-1f5d-4784-828a-970801312639,2026-03-07 19:33:11.245047+00,2026-03-07 19:33:17.01722+00,5.0,
e3c011c1-b610-4e04-b6b1-148df0cb95fd,248c1261-bd0c-40d7-b7ed-a0058480e6b3,a2726890-883c-4164-b951-a0619f43d620,2026-07-05 20:24:10.661964+00,2026-07-05 20:24:11.825444+00,3.0,
e3e1a504-44e8-4fd4-b070-b2732e1d3b8f,,4c11d5fc-32e7-4202-8b96-bc911288d4d6,2025-09-22 17:16:33.849086+00,2025-10-11 21:34:51.643858+00,3.0,25a8a934-47b0-4cb5-b247-92d7704a9abd
e3e779fe-f2d7-4d61-b3e6-b8cbbc60437b,,4c11d5fc-32e7-4202-8b96-bc911288d4d6,2025-09-22 17:17:50.506178+00,2026-01-22 05:43:22.027127+00,3.0,
e3eb1ba7-002c-447b-b86d-e4b5da3cd789,,b00f5b54-aabe-4272-a5a3-9f75bbf698e9,2026-01-24 19:23:17.124394+00,2026-01-24 19:24:36.497861+00,5.0,
e40f9d94-99f1-465a-825a-e1e9812a07ad,,a2726890-883c-4164-b951-a0619f43d620,2026-01-31 19:58:26.038028+00,2026-03-07 23:26:24.949038+00,4.0,
e410d784-5d44-4a02-ab9c-d83aaed833b0,,0212b5e3-2b19-44a0-a39f-5c0202307872,2026-01-31 20:25:46.96104+00,2026-05-26 16:28:24.565212+00,5.0,
e4210553-4ed9-4ff8-948f-88e7eff6093e,,b00f5b54-aabe-4272-a5a3-9f75bbf698e9,2026-01-09 19:16:50.883183+00,2026-01-09 19:37:52.481831+00,2.0,
e4ccdb56-013a-47b6-ae99-e8f04e23a8c9,acf88c83-a4db-4e08-852c-1687de20294f,410277eb-539b-460c-aff9-24a4a1521dec,2025-09-27 19:27:45.205413+00,2025-09-27 19:27:45.205413+00,5.0,
e5746228-d3fe-45ab-b229-16858aa213bb,,a2726890-883c-4164-b951-a0619f43d620,2025-09-05 23:18:11.88024+00,2026-01-31 18:55:01.776106+00,5.0,
e5ba7283-2624-4529-bdd6-05e6d8ecdfab,,410277eb-539b-460c-aff9-24a4a1521dec,2025-09-07 12:19:08.80389+00,2026-01-22 05:43:22.027127+00,1.0,
e5d98e11-a2e5-4a3a-ab50-c22721e195b8,,bf6f8662-b890-496c-bbd7-6f213b86ca91,2025-10-19 20:28:53.330377+00,2025-12-20 17:15:41.566525+00,3.0,
e5da6965-a885-4814-86c3-01b7fb17a67d,,0dd6a46d-90a0-4fca-96bc-5de7241f3c6c,2026-03-08 22:58:57.001544+00,2026-06-28 19:49:07.957311+00,4.0,
e5fac1c1-09d9-4744-9599-07bda429ab4b,,4c11d5fc-32e7-4202-8b96-bc911288d4d6,2025-09-28 18:42:42.047297+00,2025-12-20 23:53:03.41703+00,5.0,58d6b989-5a2e-4c8f-885d-bb3ccb0b52b6
e637283d-d70c-4cbb-8f60-2f6663c9ce9b,,410277eb-539b-460c-aff9-24a4a1521dec,2025-10-12 07:34:45.374842+00,2026-03-06 22:43:45.867763+00,5.0,
e639a32e-518e-4be4-adf8-017eb7b4cff8,,e2422f0b-540b-4f35-9ddb-8f4610471bf6,2026-06-20 20:09:08.338067+00,2026-08-21 20:15:36.742817+00,5.0,a8bfff48-c0f8-49e6-8479-23fc4881c4dd
e645453b-9579-445f-a58c-bca92b550593,,c7f64752-3e0b-4b9c-b96a-ead26aa0258e,2026-01-31 21:20:18.434407+00,2026-02-07 22:11:04.590951+00,4.0,6f17c897-4720-41ba-90e0-16e0cdd192a5
e678b215-489d-480e-b617-b868d1109c1a,5908a514-aaed-42c1-b92c-1c9420edf2e5,4c4fcd34-a462-4c60-aa86-fa9731ea7212,2026-01-17 20:25:55.741027+00,2026-01-17 20:25:55.741027+00,5.0,
e6833b22-dedd-48ad-a012-dce585de6528,,0dd6a46d-90a0-4fca-96bc-5de7241f3c6c,2026-02-20 21:51:24.133408+00,2026-02-20 23:18:53.642131+00,3.0,72239a2a-cd06-44a3-9e51-951f8bac9bb3
e6c3b46a-ab1c-4e43-a7e3-28c1217811af,,0dd6a46d-90a0-4fca-96bc-5de7241f3c6c,2025-08-24 19:40:46.594706+00,2025-12-30 15:27:16.045074+00,3.0,
e6d50ca9-a12a-4956-b306-2e4e28de209a,fcea1687-c6c9-4eab-83e4-0714cc9d2196,0212b5e3-2b19-44a0-a39f-5c0202307872,2026-01-31 20:26:50.294163+00,2026-01-31 20:26:50.294163+00,3.0,
e6e5b7e7-45a4-4998-9413-02f58f872df7,,58fd01fe-b878-41d9-8135-a7f44dbab4d4,2025-09-25 19:37:03.397071+00,2025-09-27 21:31:56.495584+00,4.0,51ccff25-bb4c-4c84-b34f-f1897e184e18
e6fc6f6e-98eb-42f4-bc00-5611fa3059dd,,58fd01fe-b878-41d9-8135-a7f44dbab4d4,2026-04-13 15:35:47.451078+00,2026-05-18 17:35:49.272836+00,5.0,
e701c474-bc21-4e6d-b655-7ed3aab80a3d,,a2726890-883c-4164-b951-a0619f43d620,2026-02-28 17:45:55.841758+00,2026-02-28 22:27:53.44066+00,5.0,90a88789-e1fb-4fe6-808c-627da1ceb0c2
e72eae87-a788-4e4a-baac-b601f647e51d,,4de727b2-3853-4fcc-9ad2-2b80d3f02e1c,2026-01-17 20:24:28.798181+00,2026-05-08 21:54:12.924635+00,3.0,6152eb83-8070-4b50-86e3-685b6db518c3
e7610ea4-7e27-4b1c-8a91-cab7b5fb2c92,,1f9f677c-1f5d-4784-828a-970801312639,2025-10-11 19:22:55.630222+00,2025-12-20 13:16:32.158138+00,2.0,
e7a9655a-8b00-40b7-a8f0-c93ffd20cdad,,4c4fcd34-a462-4c60-aa86-fa9731ea7212,2026-01-31 20:32:19.944781+00,2026-05-22 21:31:41.907457+00,3.0,4f7f967a-2144-46a0-92ed-949a8f7feaf4
e7c7c8de-0e70-4961-acc6-b72871846f97,,4c4fcd34-a462-4c60-aa86-fa9731ea7212,2025-08-27 19:16:13.226955+00,2025-09-28 08:38:23.106884+00,2.0,
e7e3760a-286e-48c4-a352-928f70d63004,b94e7e71-2843-4c04-97b2-6ac00ab3cc3a,a2726890-883c-4164-b951-a0619f43d620,2025-09-05 23:16:47.468996+00,2025-09-05 23:16:47.468996+00,4.0,
e7f2b03a-9ecd-4896-9bc7-5afb2d8ee561,,0212b5e3-2b19-44a0-a39f-5c0202307872,2025-09-05 23:15:00.481608+00,2026-01-17 20:30:43.673613+00,5.0,
e7f5add0-5a9c-49b4-94fb-359418440eb0,,c7f64752-3e0b-4b9c-b96a-ead26aa0258e,2025-12-20 21:08:48.465792+00,2026-01-17 20:21:11.739992+00,5.0,
e81903af-0598-4449-bcb0-5e6c290b7cdb,,58fd01fe-b878-41d9-8135-a7f44dbab4d4,2025-08-25 20:17:36.903141+00,2026-01-31 23:16:54.769127+00,3.0,a46a951d-738e-4045-9c41-7ee6258fb194
e82c4675-b078-4381-8078-64b2b8c06222,,0212b5e3-2b19-44a0-a39f-5c0202307872,2025-08-27 19:16:19.401841+00,2025-09-28 08:38:23.106884+00,2.0,
e84cf5de-6472-49c2-90df-387cb2ad1588,d71848de-5785-4230-a44d-08f4aec4cb6b,e2422f0b-540b-4f35-9ddb-8f4610471bf6,2025-10-11 19:15:38.974819+00,2025-12-20 17:30:14.245426+00,1.0,
e85c9091-2224-4a1e-959a-fd61f6a3a923,,1f9f677c-1f5d-4784-828a-970801312639,2026-01-24 19:21:29.625441+00,2026-05-22 21:31:41.907457+00,5.0,4f7f967a-2144-46a0-92ed-949a8f7feaf4
e85ff872-41b6-472b-bbc0-3e126bf8cf9e,,c7f64752-3e0b-4b9c-b96a-ead26aa0258e,2026-01-24 19:41:49.681627+00,2026-03-13 21:00:31.165242+00,2.0,
e87b0c2a-52a2-406c-8147-a24d3da92dc1,248c1261-bd0c-40d7-b7ed-a0058480e6b3,410277eb-539b-460c-aff9-24a4a1521dec,2026-06-20 07:56:09.443858+00,2026-06-20 07:56:09.443858+00,5.0,
e8d08670-f26f-43c1-b327-ed0daaabbde1,,29ea2657-3e45-4d28-9abe-6db1d6cdd41b,2026-03-07 16:18:44.211535+00,2026-06-20 07:55:58.935282+00,5.0,
e8db95ff-00d2-4f42-9a51-f0e912e4733e,248c1261-bd0c-40d7-b7ed-a0058480e6b3,b00f5b54-aabe-4272-a5a3-9f75bbf698e9,2026-07-05 10:02:33.324285+00,2026-07-05 10:02:33.324285+00,4.0,
e960ecec-8643-4e5c-9b3f-fa8764bb86c5,fcea1687-c6c9-4eab-83e4-0714cc9d2196,410277eb-539b-460c-aff9-24a4a1521dec,2026-01-31 19:58:22.937146+00,2026-01-31 19:58:22.937146+00,5.0,
e96ceee7-9393-4926-85cc-46453ad295c8,1bfef229-9c70-4168-94d6-880d37e5da96,4c4fcd34-a462-4c60-aa86-fa9731ea7212,2026-01-31 20:32:41.930103+00,2026-04-11 18:44:51.399508+00,2.0,
e98495ab-d0f6-4b34-8123-be67e1fee6ae,092bb9db-0cea-411c-8e1b-36d30ad01f65,1f9f677c-1f5d-4784-828a-970801312639,2026-08-04 18:32:47.600864+00,2026-08-04 18:32:47.600864+00,4.0,
e9b6bd56-3b09-4b87-ae83-71f89fe0a649,,c7f64752-3e0b-4b9c-b96a-ead26aa0258e,2025-08-25 20:17:13.275046+00,2026-02-23 11:05:43.989816+00,3.0,
e9f99719-1099-457b-bc03-1378472a8f98,,0212b5e3-2b19-44a0-a39f-5c0202307872,2026-02-20 21:51:05.999182+00,2026-02-28 12:16:14.94265+00,4.0,
ea756195-47f7-4536-80a8-be4c88ed3cf4,,c7f64752-3e0b-4b9c-b96a-ead26aa0258e,2026-02-08 22:48:23.915273+00,2026-02-28 19:12:03.923718+00,1.0,
ea97b45a-529b-4504-88af-1c6ed9d50c52,,58fd01fe-b878-41d9-8135-a7f44dbab4d4,2026-03-07 18:14:39.539193+00,2026-03-07 19:33:00.964159+00,3.0,
eaa0b139-7c51-46e2-9153-4bc6c744c37a,,e2422f0b-540b-4f35-9ddb-8f4610471bf6,2025-08-24 19:38:13.907292+00,2025-10-11 19:14:54.275225+00,5.0,
eac4fcd4-1508-4ebb-bfdc-16de965eb227,,4c11d5fc-32e7-4202-8b96-bc911288d4d6,2025-09-22 17:16:52.403424+00,2026-01-31 23:16:54.769127+00,1.0,a46a951d-738e-4045-9c41-7ee6258fb194
eb60a332-2205-4e00-9418-fb3484413e5a,,58fd01fe-b878-41d9-8135-a7f44dbab4d4,2026-01-24 19:30:00.476617+00,2026-05-08 21:54:12.924635+00,4.0,6152eb83-8070-4b50-86e3-685b6db518c3
eba332e4-2050-4850-9593-1ac80ea39324,,a2726890-883c-4164-b951-a0619f43d620,2025-08-25 20:16:11.370791+00,2026-02-21 10:27:41.804306+00,4.0,
ebbde641-72a8-4b74-a1d9-6d7181fa4c7c,,e2422f0b-540b-4f35-9ddb-8f4610471bf6,2025-10-11 19:14:19.816571+00,2026-03-06 22:43:45.867763+00,1.0,
ebeb2ae4-0385-4749-811b-2188c2a203af,,5d2a8362-b232-4766-acfa-019ebd70b958,2025-10-11 19:19:31.872725+00,2026-01-17 20:30:43.673613+00,3.0,
ebfc9739-8f63-4f8b-ae9b-5cd524128533,c8243c81-7a6d-4988-a61c-9b620cb0104d,58fd01fe-b878-41d9-8135-a7f44dbab4d4,2026-02-13 20:37:20.759891+00,2026-02-13 20:37:20.759891+00,4.0,
ec06487f-2216-4eb0-bd24-3032b3b27249,,a2726890-883c-4164-b951-a0619f43d620,2025-09-23 17:32:27.452029+00,2025-09-27 22:03:50.892683+00,5.0,
ec0e773c-2116-4b61-944e-e8e7a80a4ea1,,b00f5b54-aabe-4272-a5a3-9f75bbf698e9,2026-01-09 19:17:04.204427+00,2026-03-13 21:00:31.165242+00,1.0,
ec40ec5f-425f-4d58-8aee-67fc82d7a0c7,10563bd6-00dd-4945-87a1-17e2e6770954,58fd01fe-b878-41d9-8135-a7f44dbab4d4,2026-01-31 19:59:05.003706+00,2026-01-31 19:59:05.003706+00,5.0,
ec72d885-9b72-43b2-90a2-a42ae6abde53,,bf6f8662-b890-496c-bbd7-6f213b86ca91,2026-01-23 20:14:29.828286+00,2026-03-07 23:26:21.689164+00,2.0,
ec72edce-8599-4c23-b819-b5b34f45a23b,,4c11d5fc-32e7-4202-8b96-bc911288d4d6,2025-12-20 21:09:52.80194+00,2025-12-30 15:29:39.441893+00,5.0,
ec79d53e-a609-4463-bda1-b484531a7d8f,,0212b5e3-2b19-44a0-a39f-5c0202307872,2025-08-27 19:19:15.824714+00,2026-01-05 22:03:51.373884+00,1.0,921f588c-7173-4ecb-8bc8-c37358d0ae99
ec79fb87-baf6-4dea-b11c-c4bca9761447,14ea851e-0d9a-4ef3-b7c5-95549c5b34d2,5d2a8362-b232-4766-acfa-019ebd70b958,2026-05-26 16:28:48.533504+00,2026-05-26 16:28:48.533504+00,5.0,
ecf054df-8a1d-43e7-bc55-b33e6207231c,,b00f5b54-aabe-4272-a5a3-9f75bbf698e9,2026-03-03 06:24:45.93926+00,2026-03-03 06:39:55.280088+00,5.0,
ed28c87d-8f8e-474d-a536-ee053a314782,,e2422f0b-540b-4f35-9ddb-8f4610471bf6,2025-08-24 19:38:19.184792+00,2025-12-20 17:22:45.577065+00,5.0,
ed38b0b4-8f16-4e0c-abb8-461db020ecf0,,58fd01fe-b878-41d9-8135-a7f44dbab4d4,2026-03-08 22:59:40.696815+00,2026-07-18 20:17:41.936568+00,3.0,
ed43252f-ea35-4e6e-88b5-918090206860,,58fd01fe-b878-41d9-8135-a7f44dbab4d4,2026-01-09 19:42:53.273752+00,2026-05-22 19:18:42.860007+00,4.0,
edb4f3d0-aa7b-4ce7-90a3-a34b3e918cb5,,b00f5b54-aabe-4272-a5a3-9f75bbf698e9,2025-09-24 14:34:36.733147+00,2025-09-27 21:31:56.495584+00,5.0,51ccff25-bb4c-4c84-b34f-f1897e184e18
edfbbd8b-9471-4a2f-b3f6-1050eb403e77,ed6156cc-b05f-4971-a658-b8e0a1514248,e2422f0b-540b-4f35-9ddb-8f4610471bf6,2026-07-21 16:33:44.547242+00,2026-07-21 16:33:44.547242+00,5.0,
ee09945d-5f27-4583-b9d9-22fb06e1eba5,,58fd01fe-b878-41d9-8135-a7f44dbab4d4,2026-02-20 21:51:25.942718+00,2026-02-28 12:16:14.94265+00,3.0,
ee29e09a-1c98-4407-9472-bb945de121af,,4de727b2-3853-4fcc-9ad2-2b80d3f02e1c,2025-09-23 17:34:13.777875+00,2025-09-23 21:58:56.100797+00,3.0,e99fa35b-992f-4074-a820-1f67a802afef
ee31423a-0233-48cc-952d-64179789446e,,29ea2657-3e45-4d28-9abe-6db1d6cdd41b,2026-01-24 20:43:18.145112+00,2026-03-07 23:26:24.949038+00,5.0,
ee3f531b-4007-4d57-aca3-a3134c65019c,b94e7e71-2843-4c04-97b2-6ac00ab3cc3a,bf6f8662-b890-496c-bbd7-6f213b86ca91,2025-08-26 20:40:38.533026+00,2025-08-26 20:40:38.533026+00,1.0,
ee6fe4f9-d52d-4b2f-9d8f-30c25622c271,,a2726890-883c-4164-b951-a0619f43d620,2025-09-05 23:17:16.801053+00,2025-09-22 21:24:45.485416+00,2.0,e0342b90-a3e5-4f6d-8c42-3ccd59778d3a
eee30ed0-e499-488f-93cf-a26fd1eb1216,,4de727b2-3853-4fcc-9ad2-2b80d3f02e1c,2025-09-23 17:32:53.993548+00,2026-02-23 11:05:43.989816+00,2.0,
ef461118-9580-46ba-9bde-3b017c60e676,d71848de-5785-4230-a44d-08f4aec4cb6b,4c4fcd34-a462-4c60-aa86-fa9731ea7212,2026-01-17 20:27:24.782355+00,2026-04-11 18:41:28.561438+00,3.0,
ef704aab-4140-49dd-9c8b-c573a605ba19,,e2422f0b-540b-4f35-9ddb-8f4610471bf6,2026-01-09 20:30:50.152945+00,2026-05-18 17:38:36.36148+00,2.0,
ef7a38c2-25b5-4310-bb41-5da157808a29,,4de727b2-3853-4fcc-9ad2-2b80d3f02e1c,2026-01-17 20:22:57.161347+00,2026-02-08 22:37:34.788429+00,4.0,a7d28f7a-05a8-47b3-8e34-55937064ab42
efe5df39-2e63-47f0-8256-256b8bfa626e,e017f47f-cb94-41f1-93c4-ed5a88092277,410277eb-539b-460c-aff9-24a4a1521dec,2026-03-29 21:46:36.456466+00,2026-03-29 21:46:36.456466+00,5.0,
f00825d9-ae37-48e1-aa7f-f9943c897552,,4c4fcd34-a462-4c60-aa86-fa9731ea7212,2026-01-17 20:28:42.723003+00,2026-02-20 13:51:16.598049+00,3.0,
f031b76e-0902-4d04-81e9-ed34b8feac2d,,4c4fcd34-a462-4c60-aa86-fa9731ea7212,2026-01-17 20:25:10.320188+00,2026-05-18 17:38:36.36148+00,3.0,
f0553360-750b-4e7c-81df-197a04d5ab7d,,29ea2657-3e45-4d28-9abe-6db1d6cdd41b,2025-12-22 09:55:54.396102+00,2026-03-07 23:26:21.689164+00,5.0,
f05c7af3-5349-403b-b968-badec7f397b6,,e2422f0b-540b-4f35-9ddb-8f4610471bf6,2025-08-28 09:58:05.606256+00,2026-01-31 19:06:32.990415+00,3.0,
f074408d-6a1d-470c-bf16-d6659de218f7,,f47f4579-1502-4ca3-8997-2b8826c49806,2025-09-06 15:53:18.745173+00,2025-09-26 23:20:33.041142+00,3.0,dbd8f7a2-71a3-4b1d-95b0-eef4dab3e2f2
f0ab3a63-e86b-49d5-98f5-3581740ee2d1,5908a514-aaed-42c1-b92c-1c9420edf2e5,0212b5e3-2b19-44a0-a39f-5c0202307872,2025-09-27 18:43:27.913408+00,2025-09-27 18:43:27.913408+00,3.0,
f0bef191-5cea-49bd-86a0-c7789caf1546,,b00f5b54-aabe-4272-a5a3-9f75bbf698e9,2026-03-07 23:37:02.428123+00,2026-06-28 19:49:07.957311+00,5.0,
f0ca5007-9945-430a-9e3f-3a52325670dd,,410277eb-539b-460c-aff9-24a4a1521dec,2026-01-10 12:40:39.480026+00,2026-02-20 13:51:16.598049+00,5.0,
f0cc0eab-383e-4847-aead-559aacb838f8,,410277eb-539b-460c-aff9-24a4a1521dec,2025-08-26 17:24:54.32089+00,2025-09-26 23:15:03.001517+00,5.0,e3aeabc5-fc62-4670-8af0-b5a5b75457a4
f0e56a4b-2291-4880-b4de-8960d56a210e,5908a514-aaed-42c1-b92c-1c9420edf2e5,4de727b2-3853-4fcc-9ad2-2b80d3f02e1c,2025-09-09 05:45:17.947158+00,2025-09-09 05:45:17.947158+00,5.0,
f0ef451a-bafa-4bb6-bd99-c27d6c5be03e,,29ea2657-3e45-4d28-9abe-6db1d6cdd41b,2026-07-01 21:09:50.221955+00,2026-08-21 20:15:36.742817+00,5.0,a8bfff48-c0f8-49e6-8479-23fc4881c4dd
f1113e65-6600-4471-aa38-0a4ca74b903a,38e7b30b-baa2-4545-b326-77744fdc4862,5d2a8362-b232-4766-acfa-019ebd70b958,2026-01-17 20:50:00.860275+00,2026-01-17 20:50:00.860275+00,5.0,
f168b41f-7114-441b-9401-8eed994ed99f,,e2422f0b-540b-4f35-9ddb-8f4610471bf6,2025-08-25 20:14:08.831382+00,2026-01-31 23:16:54.769127+00,5.0,a46a951d-738e-4045-9c41-7ee6258fb194
f17254e9-1370-4537-b5c0-b1f8ef36219e,1bfef229-9c70-4168-94d6-880d37e5da96,e2422f0b-540b-4f35-9ddb-8f4610471bf6,2025-09-27 19:22:48.200133+00,2026-07-21 16:32:35.310827+00,4.0,
f1885c1e-5f44-4948-bf7f-2db037e57377,,410277eb-539b-460c-aff9-24a4a1521dec,2026-03-07 19:30:38.047856+00,2026-07-18 20:17:43.375893+00,5.0,
f1ac97d9-ad0e-4800-a2b0-30dcef5fc30e,1bfef229-9c70-4168-94d6-880d37e5da96,0dd6a46d-90a0-4fca-96bc-5de7241f3c6c,2025-09-11 14:08:04.148845+00,2025-09-11 14:08:04.148845+00,5.0,
f1ef1af2-559f-4f05-bc0b-6967bdca7785,,29ea2657-3e45-4d28-9abe-6db1d6cdd41b,2026-03-08 09:54:38.169813+00,2026-03-08 23:01:35.625858+00,5.0,
f1f89f1b-2305-4fc6-b800-3c468fadacbd,,c7f64752-3e0b-4b9c-b96a-ead26aa0258e,2025-12-20 21:10:23.236823+00,2026-04-11 22:20:39.177916+00,3.0,
f229ecf6-3f1e-4dfb-be63-430377cd4b1d,,a2726890-883c-4164-b951-a0619f43d620,2026-02-20 13:24:01.226489+00,2026-02-28 12:16:14.94265+00,3.0,
f2955d57-4313-4118-a42f-6fb20b7b65a8,,e2422f0b-540b-4f35-9ddb-8f4610471bf6,2026-06-29 08:39:47.506798+00,2026-06-29 08:41:50.000867+00,5.0,
f2bbef80-66da-4e30-a5a8-90c56393db25,10563bd6-00dd-4945-87a1-17e2e6770954,bf6f8662-b890-496c-bbd7-6f213b86ca91,2026-01-31 19:09:27.225341+00,2026-01-31 19:09:27.225341+00,5.0,
f2bfb45d-8752-420c-aa83-6537a78e9ae9,,0212b5e3-2b19-44a0-a39f-5c0202307872,2025-10-19 20:36:31.082825+00,2025-12-20 17:15:41.566525+00,4.0,
f2cfde2c-4146-4464-b9a9-9bdc93a74bcd,,5d2a8362-b232-4766-acfa-019ebd70b958,2025-10-11 19:21:03.873965+00,2026-01-17 23:11:11.05032+00,5.0,2656ebd5-856f-4eee-9ca5-7d8bc0e0e434
f2dfae6a-4aea-41bf-866a-97364d7d6668,,410277eb-539b-460c-aff9-24a4a1521dec,2025-08-27 22:33:27.299523+00,2026-01-31 18:55:01.776106+00,5.0,
f2fe01aa-dc5f-4843-9412-0adbdb1fc387,ac2bfc67-8e6c-484d-9e81-4b6480071dbd,29ea2657-3e45-4d28-9abe-6db1d6cdd41b,2026-03-23 23:29:40.828301+00,2026-03-23 23:29:46.042557+00,5.0,
f31251f9-42e9-41c9-ae3b-36f9f6a41dce,,29ea2657-3e45-4d28-9abe-6db1d6cdd41b,2026-01-21 20:33:21.443708+00,2026-03-21 13:27:31.488746+00,5.0,
f314372c-5214-4bc9-810b-dccc4d510379,,58fd01fe-b878-41d9-8135-a7f44dbab4d4,2025-09-25 19:37:16.323369+00,2026-01-31 18:55:23.884091+00,3.0,
f32525eb-5c91-4b8f-b633-b4daf5ac670c,,4c11d5fc-32e7-4202-8b96-bc911288d4d6,2025-09-22 17:17:31.625567+00,2026-01-17 20:21:11.739992+00,3.0,
f330b2e0-28d1-4046-983b-70e412b0a511,92b42598-ff4d-4624-9e10-5945a062883e,b00f5b54-aabe-4272-a5a3-9f75bbf698e9,2026-03-13 21:01:44.419008+00,2026-03-13 21:02:04.478815+00,2.0,
f3459e6a-da7e-47e4-8913-2c88225cdb43,b5bdd821-b097-4a79-ade7-809054ddb957,0dd6a46d-90a0-4fca-96bc-5de7241f3c6c,2026-05-22 19:18:20.358657+00,2026-05-22 19:18:20.358657+00,4.0,
f42742a7-37a4-40a8-9e57-90d24c130a01,,bf6f8662-b890-496c-bbd7-6f213b86ca91,2025-08-26 20:41:12.444747+00,2026-01-24 19:21:46.581266+00,5.0,
f440c90a-0e61-4324-a3ed-8cc564834394,,81e43532-b6dd-438d-bd72-62be3723c0a4,2025-09-07 17:06:42.301744+00,2025-09-07 19:08:58.639568+00,5.0,60cc5e48-94e0-4c70-959c-e300939c334b
f463be19-d20a-4f54-9b61-591fb0a7566a,,4a129334-f055-43ce-849d-5edeb7b82b1f,2025-09-27 17:32:58.621171+00,2025-10-07 12:34:51.32359+00,4.0,d602e6c4-9f04-402a-8bed-0e4b0b476fec
f46657ef-e846-400c-86b5-30343e2d96fc,,c7f64752-3e0b-4b9c-b96a-ead26aa0258e,2025-08-25 20:15:16.231062+00,2025-10-11 21:34:51.643858+00,1.0,25a8a934-47b0-4cb5-b247-92d7704a9abd
f46a8379-d8c9-47f9-8695-05d8c8045600,,58fd01fe-b878-41d9-8135-a7f44dbab4d4,2026-01-24 19:31:57.851323+00,2026-05-22 21:31:41.907457+00,3.0,4f7f967a-2144-46a0-92ed-949a8f7feaf4
f4803e86-aa1e-41f9-af86-ddc907ed7db5,,0dd6a46d-90a0-4fca-96bc-5de7241f3c6c,2026-03-07 19:33:49.449275+00,2026-07-18 20:17:41.936568+00,5.0,
f4949a8f-e550-48cb-9fc7-fb9c20e5bf5c,,5d2a8362-b232-4766-acfa-019ebd70b958,2026-01-17 20:51:14.492831+00,2026-03-13 21:00:31.165242+00,5.0,
f4a378e0-b762-4686-b352-a3aaa074d6d7,,29ea2657-3e45-4d28-9abe-6db1d6cdd41b,2026-05-22 19:14:49.007502+00,2026-05-29 19:42:42.999869+00,1.0,
f4b09b51-d2a7-400e-8576-dfbac98a8ad4,,b00f5b54-aabe-4272-a5a3-9f75bbf698e9,2025-12-29 18:57:37.869489+00,2026-03-07 22:53:08.98881+00,5.0,15afe751-a56a-4300-840b-be67d97fb364
f518339a-0ba7-4cbd-8152-0326ebcca439,092bb9db-0cea-411c-8e1b-36d30ad01f65,410277eb-539b-460c-aff9-24a4a1521dec,2026-07-20 17:35:43.278766+00,2026-07-20 17:35:43.278766+00,5.0,
f5c11653-f6b1-4b9c-9b63-30b68165a1e3,,4de727b2-3853-4fcc-9ad2-2b80d3f02e1c,2026-05-08 19:52:16.897689+00,2026-05-18 17:35:49.272836+00,3.0,
f5d19719-629d-445a-95ba-fc84a55b160d,,29ea2657-3e45-4d28-9abe-6db1d6cdd41b,2025-08-25 09:42:52.230247+00,2025-09-28 08:38:23.106884+00,5.0,
f5d32cec-7251-4b06-ac05-45cf1de46e5a,,1f9f677c-1f5d-4784-828a-970801312639,2026-01-17 20:23:07.907787+00,2026-01-24 22:07:28.208852+00,4.0,93955070-a6f3-4e7d-aeea-a730c82cafe4
f5dbef94-6c78-42c8-aac9-3a962dfa7e01,,a2726890-883c-4164-b951-a0619f43d620,2025-09-05 23:19:23.917521+00,2025-09-08 21:30:32.638398+00,3.0,
f61f04d0-6b21-4503-915b-dcab68ca3eb8,248c1261-bd0c-40d7-b7ed-a0058480e6b3,e2422f0b-540b-4f35-9ddb-8f4610471bf6,2026-06-20 20:09:02.489772+00,2026-06-20 20:09:02.489772+00,3.0,
f68bf64f-a849-42c4-9b0a-78d18dbd9f00,ed6156cc-b05f-4971-a658-b8e0a1514248,29ea2657-3e45-4d28-9abe-6db1d6cdd41b,2026-02-21 18:49:07.740826+00,2026-02-21 18:49:07.740826+00,5.0,
f6ad7f86-cfc0-4323-bcf1-8da7b7c3d798,,1f9f677c-1f5d-4784-828a-970801312639,2025-10-11 19:21:59.870774+00,2026-01-31 23:16:54.769127+00,2.0,a46a951d-738e-4045-9c41-7ee6258fb194
f6d03fe7-c5ac-470e-930c-9fc2e1c1cedb,,bf6f8662-b890-496c-bbd7-6f213b86ca91,2025-10-19 20:29:14.746098+00,2025-12-20 23:53:03.41703+00,5.0,58d6b989-5a2e-4c8f-885d-bb3ccb0b52b6
f6db2150-d1b3-4b8f-a470-207cd66f00b8,,b00f5b54-aabe-4272-a5a3-9f75bbf698e9,2026-03-07 23:36:54.065339+00,2026-06-20 22:59:04.165122+00,5.0,0bee2ea3-748e-4792-be47-a333dc78426a
f6f2623e-f668-4fd2-80c8-8930b3cc47c0,eec0059a-862f-4a3e-84fa-cf8d16d98783,c7f64752-3e0b-4b9c-b96a-ead26aa0258e,2026-04-18 19:39:43.998163+00,2026-04-18 19:39:43.998163+00,2.0,
f7659087-38cf-4ae4-ade3-da97c3f9a342,,4de727b2-3853-4fcc-9ad2-2b80d3f02e1c,2025-10-11 19:27:54.018845+00,2026-01-09 22:45:26.025565+00,4.0,0fb4a41f-dae4-41cf-9437-40f81a5b2860
f7732005-97f4-49ef-8656-d3edec12b590,,4de727b2-3853-4fcc-9ad2-2b80d3f02e1c,2026-07-18 19:30:18.445376+00,2026-07-18 22:00:54.79441+00,4.0,f1d992f7-922a-4303-96e9-816266abe570
f77c7708-180f-4d78-a9db-e90631fd1c04,,0dd6a46d-90a0-4fca-96bc-5de7241f3c6c,2026-03-06 22:48:56.313436+00,2026-05-13 20:19:35.216171+00,5.0,
f78af117-91f7-446a-a41e-b476f6f82824,,e2422f0b-540b-4f35-9ddb-8f4610471bf6,2026-02-13 14:02:24.820424+00,2026-04-11 22:05:24.572285+00,3.0,af1b1447-27cd-410f-9993-d0c4582b52ea
f7a923a6-8687-49b6-a9d0-dc72847ddf66,,410277eb-539b-460c-aff9-24a4a1521dec,2025-09-23 19:29:15.013265+00,2026-01-31 18:55:23.884091+00,5.0,
f7aaad02-52d3-4449-9a92-f0a03bdc00f9,,0dd6a46d-90a0-4fca-96bc-5de7241f3c6c,2026-04-14 09:21:20.676755+00,2026-05-18 17:35:49.272836+00,2.0,
f7ab3498-1240-4398-b0fe-915312ef4239,,b00f5b54-aabe-4272-a5a3-9f75bbf698e9,2025-08-24 19:40:15.686853+00,2026-02-21 10:27:41.804306+00,5.0,
f7abd114-fb4b-4a64-9015-ba9b8892cc28,796b2e6d-b8f5-4a62-9040-2094a5bf720c,58fd01fe-b878-41d9-8135-a7f44dbab4d4,2025-09-22 10:03:45.533939+00,2025-09-22 10:03:45.533939+00,3.0,
f7c590e7-c581-49fe-ac58-61aad922afc1,,4de727b2-3853-4fcc-9ad2-2b80d3f02e1c,2026-03-13 20:32:06.978174+00,2026-07-17 07:19:09.226491+00,5.0,
f7cebf1b-01ac-43fb-9b8d-36cf736eed6f,b94e7e71-2843-4c04-97b2-6ac00ab3cc3a,58fd01fe-b878-41d9-8135-a7f44dbab4d4,2025-08-25 20:22:35.074325+00,2025-08-26 20:14:19.161823+00,3.0,
f824c679-5fff-447c-a4b6-7f5d81d52bb2,,4c4fcd34-a462-4c60-aa86-fa9731ea7212,2026-02-07 22:32:34.870798+00,2026-02-28 19:12:03.923718+00,5.0,
f8290a39-3c60-4d4b-85ec-1d15bc386a66,,0212b5e3-2b19-44a0-a39f-5c0202307872,2026-01-17 20:26:46.463012+00,2026-03-13 21:00:31.165242+00,3.0,
f837cdb5-7170-4405-ae88-4e2371dcff1d,,58fd01fe-b878-41d9-8135-a7f44dbab4d4,2025-09-25 19:37:37.542848+00,2025-12-20 13:16:32.158138+00,3.0,
f83b95ce-2dee-4a36-ab85-c5a0bcb09fb6,d1527898-d24e-438a-b8be-438ee2b142b2,0dd6a46d-90a0-4fca-96bc-5de7241f3c6c,2026-02-28 20:24:51.445381+00,2026-02-28 20:24:51.445381+00,5.0,
f8797581-de72-460b-8c13-5e78b61e57cd,,b00f5b54-aabe-4272-a5a3-9f75bbf698e9,2026-01-17 20:26:10.946847+00,2026-02-20 13:51:16.598049+00,2.0,
f89cefd0-02ef-4035-8ea9-07022dd11d33,,29ea2657-3e45-4d28-9abe-6db1d6cdd41b,2026-01-12 23:11:34.782656+00,2026-02-20 13:51:16.598049+00,1.0,
f8a3055d-f3c5-498d-8b9e-e39fbbf2d27d,,1f9f677c-1f5d-4784-828a-970801312639,2026-06-20 20:09:11.149541+00,2026-08-21 20:15:36.742817+00,5.0,a8bfff48-c0f8-49e6-8479-23fc4881c4dd
f8c718f6-9385-4c67-a02c-53c9bd25285b,,1f9f677c-1f5d-4784-828a-970801312639,2026-01-17 20:25:36.534409+00,2026-03-13 21:00:31.165242+00,1.0,
f8d1cdb8-f221-46c7-bd9a-b4ea68d800ac,,0dd6a46d-90a0-4fca-96bc-5de7241f3c6c,2026-03-06 22:47:42.262708+00,2026-03-06 22:48:34.018253+00,5.0,
f8f3421f-bfbc-4a3e-a380-dadf1fa43c09,,4a129334-f055-43ce-849d-5edeb7b82b1f,2025-09-27 17:10:29.704061+00,2026-02-19 11:34:10.954611+00,1.0,
f8f42f6d-a268-4fce-a0dc-e54dab96dd69,,0dd6a46d-90a0-4fca-96bc-5de7241f3c6c,2026-01-09 19:41:13.432361+00,2026-02-07 12:27:44.274887+00,2.0,
f9489ad1-18d0-46c9-8a7d-cf503a09cc9b,,0dd6a46d-90a0-4fca-96bc-5de7241f3c6c,2026-01-13 20:59:28.100265+00,2026-05-08 21:54:12.924635+00,5.0,6152eb83-8070-4b50-86e3-685b6db518c3
f95dc4c3-3c74-488e-98bf-02bfc4a98804,,e2422f0b-540b-4f35-9ddb-8f4610471bf6,2026-06-28 20:15:36.360169+00,2026-07-18 22:16:59.078323+00,5.0,
f980c90e-8131-44ec-b999-d64499f9d3d0,,bf6f8662-b890-496c-bbd7-6f213b86ca91,2025-09-23 17:44:27.23937+00,2025-09-25 22:02:55.221787+00,3.0,5a75c8c1-f378-4f2b-830c-6474ab7f1fb0
f9934be4-f24e-40f6-911d-59d83fbdb135,,b00f5b54-aabe-4272-a5a3-9f75bbf698e9,2026-01-17 20:25:59.643158+00,2026-03-21 13:27:31.488746+00,3.0,
f9b57c5a-dd83-4201-ae4e-531d49ed9322,,a2726890-883c-4164-b951-a0619f43d620,2026-02-13 19:42:38.436622+00,2026-02-13 23:35:48.872264+00,5.0,c14a6fdf-097f-4d6b-8c43-d1f83cfb0f38
f9c5b0a5-208a-456e-812f-52df278c6531,b94e7e71-2843-4c04-97b2-6ac00ab3cc3a,4de727b2-3853-4fcc-9ad2-2b80d3f02e1c,2025-09-27 15:05:02.455622+00,2026-01-17 20:22:48.636622+00,4.0,
f9d2e9f5-69e6-4a75-95cd-284cf500f495,,bf6f8662-b890-496c-bbd7-6f213b86ca91,2025-09-12 11:17:42.590063+00,2026-01-22 05:43:22.027127+00,1.0,
f9ef6955-4d13-41c6-a1c7-66d09ca426e0,,1f9f677c-1f5d-4784-828a-970801312639,2026-03-08 22:59:58.666215+00,2026-06-28 19:49:07.957311+00,4.0,
fa0bdf3f-103b-4729-b0ca-36d557b4ebf2,,1f9f677c-1f5d-4784-828a-970801312639,2026-07-18 22:19:51.224358+00,2026-07-18 22:19:54.463625+00,5.0,
fa0f8e40-781b-43c1-a1b6-8788ce0f227b,,5d2a8362-b232-4766-acfa-019ebd70b958,2026-03-13 21:02:33.376478+00,2026-06-20 22:59:04.165122+00,3.0,0bee2ea3-748e-4792-be47-a333dc78426a
fa31d4bf-3f25-4e6d-8224-7c6d804edc5a,,b00f5b54-aabe-4272-a5a3-9f75bbf698e9,2026-02-07 22:29:13.954285+00,2026-02-28 19:12:03.923718+00,4.0,
fa489302-7791-4b68-a602-4aea07280ab0,824ed1a7-648c-4917-afb8-7b23a8cb7716,4de727b2-3853-4fcc-9ad2-2b80d3f02e1c,2026-03-13 20:33:29.920868+00,2026-03-13 20:33:29.920868+00,3.0,
fa5f38bd-600a-41a0-a518-6ad083a6d4d8,c8243c81-7a6d-4988-a61c-9b620cb0104d,410277eb-539b-460c-aff9-24a4a1521dec,2026-02-13 19:36:34.876167+00,2026-02-13 19:36:34.876167+00,5.0,
fa85cf2b-d280-4e46-876a-ee2b10c7970b,,4c4fcd34-a462-4c60-aa86-fa9731ea7212,2025-08-27 19:20:02.579409+00,2026-01-24 19:21:46.581266+00,3.0,
faa0c0a0-3cc3-4c37-b74e-898b9cf35029,ed6156cc-b05f-4971-a658-b8e0a1514248,58fd01fe-b878-41d9-8135-a7f44dbab4d4,2026-02-21 20:48:59.986372+00,2026-02-21 20:48:59.986372+00,4.0,
faaa4f16-2949-4390-8e74-5799e582dd0a,,4c11d5fc-32e7-4202-8b96-bc911288d4d6,2025-09-22 17:16:15.150189+00,2025-09-23 21:58:56.100797+00,2.0,e99fa35b-992f-4074-a820-1f67a802afef
fab158d0-6046-4537-875e-aaa9feaa35cf,,29ea2657-3e45-4d28-9abe-6db1d6cdd41b,2025-08-26 22:07:06.868435+00,2026-01-31 19:06:32.990415+00,3.0,
fac7fcfa-9308-43bc-a284-62fe40ebf694,,1f9f677c-1f5d-4784-828a-970801312639,2026-01-17 20:27:15.196893+00,2026-03-08 09:51:20.744774+00,5.0,
fb3b97b4-5ab3-491e-a8ba-ec8c2f43d898,b5bdd821-b097-4a79-ade7-809054ddb957,0212b5e3-2b19-44a0-a39f-5c0202307872,2026-08-21 20:09:01.109645+00,2026-08-21 20:09:01.109645+00,5.0,
fb50b658-ce26-4400-b450-d850d5111869,ac2bfc67-8e6c-484d-9e81-4b6480071dbd,e2422f0b-540b-4f35-9ddb-8f4610471bf6,2026-03-27 23:06:07.922462+00,2026-05-08 19:51:50.86051+00,3.0,
fb8d293e-d581-4a6c-90d1-05e92270ac02,,1f9f677c-1f5d-4784-828a-970801312639,2025-10-11 19:19:04.523281+00,2026-02-21 10:27:41.804306+00,4.0,
fba65695-d8c9-4e09-8ef0-69126cf731f9,,0dd6a46d-90a0-4fca-96bc-5de7241f3c6c,2026-02-13 20:50:39.586147+00,2026-02-13 23:35:48.872264+00,4.0,c14a6fdf-097f-4d6b-8c43-d1f83cfb0f38
fbb958c8-a220-411f-8ca5-0db6a865c75e,,410277eb-539b-460c-aff9-24a4a1521dec,2025-09-05 23:18:19.575308+00,2026-01-17 20:30:45.309903+00,5.0,
fbbce0b3-8e44-44ad-8127-ced26d9da638,,b00f5b54-aabe-4272-a5a3-9f75bbf698e9,2025-08-30 14:46:49.112383+00,2026-01-17 20:21:11.739992+00,4.0,
fbcc2252-ab3e-4c4e-847f-29dc9e41fa8b,,0dd6a46d-90a0-4fca-96bc-5de7241f3c6c,2025-09-05 23:16:18.404553+00,2026-01-17 20:30:45.309903+00,3.0,
fbf9f268-4363-4eb8-a946-c0e0bc2562c1,,5d2a8362-b232-4766-acfa-019ebd70b958,2025-10-11 19:19:54.386946+00,2025-12-20 13:16:32.158138+00,4.0,
fc11bf5e-61f8-4214-adb5-950d0d71defa,,bf6f8662-b890-496c-bbd7-6f213b86ca91,2025-10-19 20:28:06.144545+00,2026-03-06 22:43:45.867763+00,4.0,
fc3ceae3-f091-4e5e-b942-341b0c6179dd,6d4b88c9-a4c7-4755-af8a-24b637bcc964,f47f4579-1502-4ca3-8997-2b8826c49806,2026-02-19 11:20:12.801083+00,2026-02-19 11:20:12.801083+00,5.0,
fc87b2da-b835-491f-8235-a414377f825a,,b00f5b54-aabe-4272-a5a3-9f75bbf698e9,2026-03-07 00:14:26.851911+00,2026-07-18 20:17:41.936568+00,2.0,
fce3be86-fc3a-4a5d-9dd2-e2bbcd6fb5c7,,e2422f0b-540b-4f35-9ddb-8f4610471bf6,2025-08-29 20:11:52.470445+00,2025-09-22 21:24:45.485416+00,1.0,e0342b90-a3e5-4f6d-8c42-3ccd59778d3a
fcf24433-1c35-483b-8c40-6044539f3e81,,410277eb-539b-460c-aff9-24a4a1521dec,2025-09-22 21:42:28.653162+00,2025-09-25 22:01:46.399956+00,5.0,5a75c8c1-f378-4f2b-830c-6474ab7f1fb0
fcf3b104-50c5-4007-98b5-9f934ffffad5,,58fd01fe-b878-41d9-8135-a7f44dbab4d4,2026-01-09 19:42:22.167186+00,2026-03-07 22:53:08.98881+00,5.0,15afe751-a56a-4300-840b-be67d97fb364
fd01d78e-c7bf-4159-848f-072801f4cd11,824ed1a7-648c-4917-afb8-7b23a8cb7716,4c4fcd34-a462-4c60-aa86-fa9731ea7212,2026-02-28 19:07:46.666861+00,2026-02-28 19:07:46.666861+00,2.0,
fd236f39-05b5-426d-9a0d-a2d181bd73e6,,a2726890-883c-4164-b951-a0619f43d620,2026-01-17 20:22:06.595349+00,2026-03-08 09:51:20.744774+00,2.0,
fd41027e-f4f1-4f19-a0f2-d6b4d8eb48ad,,29ea2657-3e45-4d28-9abe-6db1d6cdd41b,2026-01-09 19:17:34.176267+00,2026-02-06 00:17:50.910372+00,3.0,
fd54f5c7-2924-4ac0-93f7-ab6b878484d6,,29ea2657-3e45-4d28-9abe-6db1d6cdd41b,2026-02-09 10:58:35.088043+00,2026-04-11 22:05:24.572285+00,5.0,af1b1447-27cd-410f-9993-d0c4582b52ea
fd9c3549-57bb-4ecf-9ec8-a06df056194f,,f47f4579-1502-4ca3-8997-2b8826c49806,2025-09-06 15:53:27.938332+00,2025-09-06 20:28:02.58778+00,3.0,6914c3bf-993b-4814-ba36-e716e615730d
fdaa9b80-eda9-4f29-a32e-aab6e8ecabe9,,a2726890-883c-4164-b951-a0619f43d620,2025-09-27 19:23:42.644025+00,2025-09-27 21:31:56.495584+00,5.0,51ccff25-bb4c-4c84-b34f-f1897e184e18
fdcba3d6-6aec-4fa0-9fb8-2a74f95a6b32,d1527898-d24e-438a-b8be-438ee2b142b2,a2726890-883c-4164-b951-a0619f43d620,2026-02-28 20:25:36.965595+00,2026-02-28 20:25:36.965595+00,3.0,
fdfaffbb-f177-4f05-b10e-edf233b097be,,4c11d5fc-32e7-4202-8b96-bc911288d4d6,2025-09-23 14:07:37.656762+00,2025-12-20 13:16:39.44817+00,5.0,
fdfe6120-e46a-4386-8a0f-0171aee25d5d,,410277eb-539b-460c-aff9-24a4a1521dec,2026-01-17 20:49:08.082573+00,2026-03-27 22:56:30.644032+00,5.0,206da1c5-84bb-4658-9d30-627b7b12f3c1
fdfebdb0-178f-47ad-a805-54c3b269e155,85c496ca-54e7-440b-b45c-8c617a4616d9,1f9f677c-1f5d-4784-828a-970801312639,2026-06-20 19:57:20.012004+00,2026-06-20 19:57:20.012004+00,5.0,
fe0bef56-dcb3-4e6e-a857-7933818aa9d1,,410277eb-539b-460c-aff9-24a4a1521dec,2025-12-28 20:56:55.039615+00,2026-05-18 17:38:36.36148+00,5.0,
fe5a18ae-afd6-4785-ab69-bd9bc968ac10,b5bdd821-b097-4a79-ade7-809054ddb957,5d2a8362-b232-4766-acfa-019ebd70b958,2026-05-22 19:43:19.687721+00,2026-05-22 19:43:43.651195+00,4.0,
fe6b8579-48e7-4f21-a22e-d266cd49bd8b,,e2422f0b-540b-4f35-9ddb-8f4610471bf6,2025-09-27 19:23:57.105573+00,2025-09-27 21:31:56.495584+00,3.0,51ccff25-bb4c-4c84-b34f-f1897e184e18
fe81926d-3a20-4ff5-b75d-5d0ee6639a66,,410277eb-539b-460c-aff9-24a4a1521dec,2026-03-07 14:41:46.609494+00,2026-05-13 20:19:35.216171+00,5.0,
fecd9ca5-50cb-4cd1-a336-021dd7f07f9a,,4de727b2-3853-4fcc-9ad2-2b80d3f02e1c,2026-01-17 20:22:04.606502+00,2026-01-24 22:07:28.208852+00,4.0,93955070-a6f3-4e7d-aeea-a730c82cafe4
ff12ca05-b68e-4359-94d9-8839ee4b1284,,0212b5e3-2b19-44a0-a39f-5c0202307872,2025-09-27 18:43:57.406645+00,2025-12-20 13:16:32.158138+00,4.0,
ff15ff5f-3376-451f-bd9d-fb33560d5714,,29ea2657-3e45-4d28-9abe-6db1d6cdd41b,2025-08-25 09:45:08.244924+00,2025-10-11 21:34:51.643858+00,5.0,25a8a934-47b0-4cb5-b247-92d7704a9abd
ff7f8540-4867-408c-bcd9-79cd774fd80b,a25b0b1b-aa7e-4f83-9b8b-2766ef0f2c9a,4de727b2-3853-4fcc-9ad2-2b80d3f02e1c,2026-03-13 20:30:24.573406+00,2026-03-13 20:30:24.573406+00,3.0,
ff87bc5b-b765-4779-9ea4-a72892a574f0,,5d2a8362-b232-4766-acfa-019ebd70b958,2026-02-13 19:35:25.058852+00,2026-03-11 14:41:34.781656+00,3.0,
ffbc3bb7-f8b8-4aa7-b18b-a3f066f3b1e5,,a2726890-883c-4164-b951-a0619f43d620,2025-08-25 19:09:15.132068+00,2025-12-30 15:27:16.045074+00,2.0,
ffcb7075-ee24-4b33-a651-3ebf8e3689cc,796b2e6d-b8f5-4a62-9040-2094a5bf720c,4c11d5fc-32e7-4202-8b96-bc911288d4d6,2025-09-16 20:50:47.692896+00,2025-09-16 20:50:47.692896+00,5.0,
fffb1697-48a1-489a-af54-2fc6649c2171,fcea1687-c6c9-4eab-83e4-0714cc9d2196,e2422f0b-540b-4f35-9ddb-8f4610471bf6,2026-01-31 20:46:55.722824+00,2026-01-31 20:46:55.722824+00,5.0,